date,frequency,outstanding_total_abs,outstanding_household_abs,outstanding_business_abs,outstanding_private_non_financial_abs,credit_total_abs,credit_business_abs,outstanding_total_yoy,outstanding_household_yoy,outstanding_business_yoy,outstanding_private_non_financial_yoy,credit_total_yoy,credit_business_yoy
2021-01-01,Annual,1966777.7446791157,1243403.1135644088,723374.6311147085,526548.29291832,2493326.0375974355,1249922.9240330285,,,,,,
2021-07-01,Monthly,1911998.0063500355,1206033.9907476294,705964.0156024072,518114.56232122,2430112.5686712554,1224078.577923627,,,,,,
2021-08-01,Monthly,1910055.7124694225,1209005.524196672,701050.1882727494,518778.42860601,2428834.1410754323,1219828.6168787593,,,,,,
2021-09-01,Monthly,1926976.2508747526,1215920.7525361294,711055.4983386183,521755.7158567,2448731.9667314524,1232811.2141953183,,,,,,
2021-10-01,Monthly,1938833.1162963784,1224811.9652616512,714021.1510347297,523608.90912523,2462442.0254216082,1237630.0601599596,,,,,,
2021-11-01,Monthly,1955139.48881551,1234137.4778776807,721002.0109378299,528170.55388814,2483310.04270365,1249172.5648259697,,,,,,
2021-12-01,Monthly,1966777.7446791157,1243403.1135644088,723374.6311147085,526548.29291832,2493326.0375974355,1249922.9240330285,,,,,,
2022-01-01,Annual,2060082.6491468274,1311913.964967502,748168.6841793286,550573.57529614,2610656.224442967,1298742.2594754687,4.744049230785596,5.509946907459162,3.427553579866749,4.562788010319663,4.705769926446957,3.905787669284333
2022-01-01,Monthly,1977326.8687657195,1249846.3812349516,727480.4875307697,525207.80738202,2502534.6761477394,1252688.2949127897,,,,,,
2022-02-01,Monthly,1980168.577865605,1251806.824661744,728361.7532038587,524735.31358172,2504903.8914473252,1253097.0667855786,,,,,,
2022-03-01,Monthly,1990454.3614807473,1258031.981341668,732422.3801390791,531577.8865237401,2522032.2480044877,1264000.2666628193,,,,,,
2022-04-01,Monthly,1999870.1359556408,1262705.304037922,737164.8319177199,532530.44283664,2532400.578792281,1269695.2747543599,,,,,,
2022-05-01,Monthly,2004808.9157764118,1266098.8995003095,738710.0162761004,531404.68374078,2536213.5995171918,1270114.7000168804,,,,,,
2022-06-01,Monthly,2016703.909769107,1272763.206872329,743940.7028967802,535501.76219007,2552205.6719591767,1279442.4650868503,,,,,,
2022-07-01,Monthly,2021047.1970061334,1278120.8142513672,742926.3827547696,538182.85331829,2559230.0503244232,1281109.2360730595,5.703415500117104,5.97718008420729,5.235729631463171,3.8733308145521894,5.313230478198272,4.659068394626442
2022-08-01,Monthly,2028625.9453066867,1284892.6280053165,743733.3173013695,542045.28296463,2570671.2282713167,1285778.6002659996,6.207684522666113,6.2768202700370646,6.088455540363369,4.484930960051581,5.839718933343141,5.4064958367668
2022-09-01,Monthly,2036338.1852189153,1291900.153667051,744438.0315518593,542867.10932106,2579205.2945399755,1287305.1408729195,5.675313034839835,6.248713246520898,4.694785891008424,4.046221789769189,5.328199638879938,4.420297775533344
2022-10-01,Monthly,2046455.511039438,1297637.143831909,748818.3672075302,545649.29971778,2592104.810757218,1294467.6669253102,5.550884902803976,5.945825207112532,4.873415321433239,4.209323066976056,5.265617789048638,4.592455257430039
2022-11-01,Monthly,2046467.0095087348,1304051.4150659465,742415.5944427901,546813.31523742,2593280.3247461547,1289228.90968021,4.671151148839736,5.6650039757722315,2.9699755590288923,3.5296858584866087,4.428375037809484,3.2066302112407463
2022-12-01,Monthly,2060082.6491468274,1311913.964967502,748168.6841793286,550573.57529614,2610656.224442967,1298742.2594754687,4.744049230785596,5.509946907459162,3.427553579866749,4.562788010319663,4.705769926446957,3.905787669284333
2023-01-01,Annual,2162637.0670844773,1386502.9388491886,776134.1282352903,573441.0174794199,2736078.084563897,1349575.1457147102,4.978170073910504,5.6855080343271025,3.737852792734464,4.153385343817129,4.804227341257494,3.9140087933822842
2023-01-01,Monthly,2056454.1564662065,1314799.15035883,741655.0061073817,551819.92857864,2608274.0850448464,1293474.9346860216,4.001730262729897,5.196860198106901,1.9484396928257874,5.06696983985675,4.225292456681418,3.2559288642568074
2023-02-01,Monthly,2061928.375717258,1317627.3553332193,744301.0203840401,553359.35680899,2615287.7325262483,1297660.37719303,4.128931181191686,5.258042165512311,2.1883723452074344,5.454948902121526,4.406709632885097,3.556253668501852
2023-03-01,Monthly,2070142.9418219326,1321772.693222281,748370.2485996493,554819.7768985999,2624962.7187205325,1303190.025498249,4.003537176401428,5.066700435757987,2.1774141387571833,4.372245528656293,4.08125117343312,3.100454949973841
2023-04-01,Monthly,2069221.5517293692,1325925.9647756908,743295.5869536784,556139.5618420399,2625361.113571409,1299435.1487957183,3.4677959596905783,5.006762903077977,0.8316667820424062,4.433383916915767,3.6708463723168716,2.342284375840653
2023-05-01,Monthly,2079855.2680049792,1331225.0558738795,748630.2121311005,555587.0269545501,2635442.2949595293,1304217.2390856505,3.743316963427601,5.143844323636437,1.3429079931809529,4.550645478609727,3.9124739123403307,2.684996801337469
2023-06-01,Monthly,2086349.3131645718,1337919.4118794794,748429.9012850896,561532.61211961,2647881.9252841817,1309962.5134046995,3.4534273007602145,5.1192715703390235,0.6034349741624867,4.86102040506462,3.748767365271166,2.385417801165257
2023-07-01,Monthly,2089354.4067360067,1344004.39324915,745350.0134868602,566387.8663346799,2655742.2730706865,1311737.87982154,3.3797929029594,5.154722328528272,0.32622757629143795,5.240786257400321,3.771142915973069,2.3907909556850626
2023-08-01,Monthly,2103456.2729962296,1352788.5355086967,750667.7374875294,565812.6680475001,2669268.94104373,1316480.4055350295,3.688719838305632,5.284169744890099,0.9323799303924352,4.384760061535475,3.8354851327571993,2.387798744097802
2023-09-01,Monthly,2119912.146198219,1361157.6659529596,758754.4802452598,570185.58585378,2690097.7320519993,1328940.0660990397,4.104129735715745,5.360902859971128,1.923121614777834,5.0322585516160645,4.299480841900283,3.2342700968231775
2023-10-01,Monthly,2127958.296365127,1369895.0382133825,758063.2581517503,573083.98632884,2701042.282693967,1331147.2444805903,3.982631671493908,5.568420627055781,1.234597246685576,5.027897337218201,4.2026646254680555,2.8335645989832736
2023-11-01,Monthly,2140830.8782772482,1377988.6801843487,762842.1980928994,572167.99802695,2712998.876304198,1335010.1961198496,4.611062300543312,5.669812115089279,2.751370499624284,4.636807861659564,4.616490952236796,3.551059559391634
2023-12-01,Monthly,2162637.0670844773,1386502.9388491886,776134.1282352903,573441.0174794199,2736078.084563897,1349575.1457147102,4.978170073910504,5.6855080343271025,3.737852792734464,4.153385343817129,4.804227341257494,3.9140087933822842
2024-01-01,Annual,2284867.460170329,1468607.6519319706,816259.8082383604,593109.57440462,2877977.034574949,1409369.3826429804,5.651914273837666,5.921712156696168,5.1699414499790874,3.429918043123914,5.186217119007019,4.430597074800469
2024-01-01,Monthly,2169016.893667378,1394186.5381174001,774830.3555499795,571533.11878874,2740550.012456118,1346363.4743387196,5.47363221529813,6.037985933965961,4.473151151061527,3.57239548431616,5.071396758864677,4.0888724036648005
2024-02-01,Monthly,2179411.432858037,1398060.2395425881,781351.1933154495,571649.05428473,2751060.487142767,1353000.2476001796,5.697727356795856,6.104372672881242,4.977847929362311,3.305211568339539,5.191503517105112,4.264588129511626
2024-03-01,Monthly,2191074.035932014,1403681.0109904902,787393.0249415203,572798.27166591,2763872.307597924,1360191.2966074303,5.841678449684751,6.196853527706736,5.2143676762792746,3.2404206763876564,5.291869019195028,4.373980002447286
2024-04-01,Monthly,2194219.582174579,1408502.6322525812,785716.9499220002,574819.0250733299,2769038.607247909,1360535.97499533,6.04082391954317,6.2278490406408205,5.707199627295179,3.3587726018663444,5.472675470577393,4.70210662350008
2024-05-01,Monthly,2200168.120863187,1414523.4885318677,785644.6323313199,577842.67655948,2778010.797422667,1363487.3088908,5.784674285226266,6.257276505609877,4.944286191022362,4.005790006819332,5.409661320826875,4.544493664774896
2024-06-01,Monthly,2213239.6174013847,1420970.5414887709,792269.0759126205,580850.8788627,2794090.4962640847,1373119.9547753204,6.081929973861655,6.207483714779438,5.857485724749512,3.440275119582026,5.521717927970338,4.8213166960380915
2024-07-01,Monthly,2219247.6782866865,1428269.986610259,790977.6916764294,581343.4933668099,2800591.1716534966,1372321.1850432393,6.216909449728036,6.269740916351907,6.121644511162749,2.640527440835516,5.454177540177096,4.618552696666911
2024-08-01,Monthly,2228308.6138813994,1437281.92778313,791026.68609827,581914.05320495,2810222.6670863493,1372940.73930322,5.935580524682171,6.245868445555747,5.376406443924342,2.8457095548978018,5.280611626474174,4.288733317321536
2024-09-01,Monthly,2239181.1896482636,1444529.8096025318,794651.3800457304,582406.4097467699,2821587.5993950334,1377057.7897925004,5.626131425490333,6.125090849868786,4.731029698680289,2.143306354314589,4.887921571635023,3.620759500065729
2024-10-01,Monthly,2252499.7150649694,1452848.0149490803,799651.7001158913,588116.55318079,2840616.2682457594,1387768.2532966812,5.852624974492127,6.055425738594189,5.486144001430526,2.6231001407399646,5.167412092956347,4.2535496392950956
2024-11-01,Monthly,2265755.405925281,1460666.6435857797,805088.7623394999,594185.713243,2859941.1191682806,1399274.4755825,5.835329119905119,5.999901493412141,5.538047626654197,3.8481207078996604,5.416229403834327,4.813766939715647
2024-12-01,Monthly,2284867.460170329,1468607.6519319706,816259.8082383604,593109.57440462,2877977.034574949,1409369.3826429804,5.651914273837666,5.921712156696168,5.1699414499790874,3.429918043123914,5.186217119007019,4.430597074800469
2025-01-01,Annual,2398941.830983283,1550938.1739121985,848003.6570710792,633942.50746519,3032884.3384484733,1481946.1645362694,4.992603413611141,5.606025671452897,3.8889393441075892,6.884551324527055,5.382506601426118,5.1495926324996555
2025-01-01,Monthly,2292389.7126260707,1477738.3712050307,814651.3414210412,592155.49930735,2884545.211933421,1406806.8407283912,5.687960260654945,5.9928733209870355,5.139316701498675,3.608256431808421,5.254244542986908,4.489379542872629
2025-02-01,Monthly,2297960.8655681615,1482270.8101276301,815690.0554405288,593584.1954814099,2891545.0610495713,1409274.2509219386,5.43951595934602,6.023386418069765,4.394805104139121,3.8371691568922506,5.106560708620078,4.1592012582091
2025-03-01,Monthly,2312033.0422203327,1487336.3224060724,824696.7198142603,603217.99921057,2915251.0414309027,1427914.7190248303,5.520534874891458,5.959709560831916,4.73762069145971,5.310722648688881,5.477052373832048,4.9789630757316905
2025-04-01,Monthly,2313748.095154874,1492472.760778432,821275.3343764402,606299.88343688,2920047.978591754,1427575.21781332,5.447427137708627,5.961659325517887,4.5255972214892415,5.4766556064378635,5.453494615372301,4.92741419926217
2025-05-01,Monthly,2321836.704978313,1499217.992905983,822618.7120723312,604842.5628553999,2926679.2678337125,1427461.2749277311,5.529967594812324,5.987493672658606,4.706209171352005,4.672532402189344,5.351616003399795,4.6919370367278335
2025-06-01,Monthly,2333956.541651598,1506487.4002441878,827469.1414074092,605987.42650228,2939943.968153878,1433456.5679096892,5.454308846682854,6.01820067753267,4.442943258165344,4.327538883783255,5.220069718028486,4.394125431251306
2025-07-01,Monthly,2343967.580365306,1514203.7151073213,829763.865257979,609115.13150071,2953082.7118660165,1438878.9967586892,5.619918105531441,6.016630560235359,4.903573639269743,4.777147839578055,5.444976823321457,4.850017068952606
2025-08-01,Monthly,2354017.2735025813,1521663.233388469,832354.0401141108,614662.6693080801,2968679.942810661,1447016.709422191,5.64143848110048,5.87089449705176,5.224520833764479,5.627741059485314,5.638602149935723,5.395423706092739
2025-09-01,Monthly,2365097.5179317207,1527070.12425712,838027.3936746002,624957.3027105501,2990054.820642271,1462984.6963851503,5.623320205866689,5.713991785140071,5.458495979252387,7.306048191035752,5.970653588191199,6.239891109115869
2025-10-01,Monthly,2380338.2062464547,1535571.4030185188,844766.8032279311,621984.00902613,3002322.215272585,1466750.812254061,5.675405431862535,5.693877626445176,5.641844206108915,5.758629928399395,5.692636095712,5.691336343064091
2025-11-01,Monthly,2390567.1641599135,1543768.2791025322,846798.8850573814,626694.75866719,3017261.9228271036,1473493.6437245714,5.508615709720099,5.689295081918688,5.180810448363027,5.4711927095586255,5.500840650333894,5.304117915191364
2025-12-01,Monthly,2398941.830983283,1550938.1739121985,848003.6570710792,633942.50746519,3032884.3384484733,1481946.1645362694,4.992603413611141,5.606025671452897,3.8889393441075892,6.884551324527055,5.382506601426118,5.1495926324996555
2026-01-01,Monthly,2406964.476503709,1560048.6442654403,846915.8322382699,636911.17979855,3043875.656302259,1483827.01203682,4.998049120818382,5.570016632463104,3.960527550466919,7.558095896019057,5.523589774557336,5.474822063599771
2026-02-01,Monthly,2416631.1569658597,1563815.4179507992,852815.739015061,637362.43499492,3053993.59196078,1490178.174009981,5.164156325541147,5.501329936878929,4.551444917945169,7.37523671397704,5.618052891496106,5.740821776536098
2026-03-01,Monthly,2440011.4403434787,1568057.186704192,871954.25363929,638291.00491371,3078302.4452571888,1510245.2585530002,5.53531873403692,5.427209910905506,5.730292444436191,5.814316838860911,5.593048471950968,5.765788280717232
2026-04-01,Monthly,2446987.494646441,1574364.3550833531,872623.1395630909,643493.0540723299,3090480.548718771,1516116.1936354209,5.758595750789741,5.486974131588762,6.252203498311193,6.134451226448578,5.836635951756208,6.202193391793598
