date,frequency,bank,less_than_500k,500k_to_1m,1m_to_5m,more_than_5m,total_outstanding
2021-07-01,Monthly,Bank-bank perdagangan / Commercial banks,33594.350759870016,26080.66247435,72393.59575299003,81327.54721698999,213396.15620420006
2021-07-01,Monthly,Bank-bank Islam / Islamic banks,11860.2471301,11160.998416679999,30157.255996559987,38162.580310469995,91341.08185380998
2021-07-01,Monthly,Bank-bank pelaburan / Investment banks,0.93566875,5.25454179,99.01300743,1253.2285939599997,1358.4318119299999
2021-07-01,Monthly,Institusi kewangan pembangunan / Development financial institutions,3463.1197561599984,1403.0385196300008,3683.213293750001,10450.33030546,18999.701875
2021-07-01,Monthly,Jumlah / Total,48918.653314880015,38649.95395245,106333.07805073001,131193.68642688,325095.3717449392
2021-08-01,Monthly,Bank-bank perdagangan / Commercial banks,33430.210623980005,26093.181502280004,72537.44949603999,81688.58490204002,213749.42652434
2021-08-01,Monthly,Bank-bank Islam / Islamic banks,12118.926775449994,11304.86499567,30376.70592294001,37764.67283899999,91565.17053306
2021-08-01,Monthly,Bank-bank pelaburan / Investment banks,0.71719052,5.414837949999999,101.88368096,1528.3499295699999,1636.365639
2021-08-01,Monthly,Institusi kewangan pembangunan / Development financial institutions,3538.075764970001,1412.6818356799995,3688.596331280001,10479.286174280001,19118.64010621001
2021-08-01,Monthly,Jumlah / Total,49087.93035492001,38816.14317157999,106704.63543122001,131460.89384489003,326069.6028026094
2021-09-01,Monthly,Bank-bank perdagangan / Commercial banks,33555.564401439995,26279.853000290008,73207.88425621999,82252.53243256002,215295.83409050998
2021-09-01,Monthly,Bank-bank Islam / Islamic banks,12512.024556560005,11610.625020599997,30830.63631218001,38108.28868878999,93061.57457812999
2021-09-01,Monthly,Bank-bank pelaburan / Investment banks,1.0787581199999998,5.330301249999999,98.76055296999999,1523.4058793599997,1628.5754917000004
2021-09-01,Monthly,Institusi kewangan pembangunan / Development financial institutions,3615.53151082,1435.6822786599998,3655.84028964,10441.263195660002,19148.31727478
2021-09-01,Monthly,Jumlah / Total,49684.19922694,39331.4906008,107793.12141101001,132325.49019637,329134.30143511936
2021-10-01,Monthly,Bank-bank perdagangan / Commercial banks,33703.82025468,26398.576267979995,73163.19542531997,81496.53361952,214762.12556749993
2021-10-01,Monthly,Bank-bank Islam / Islamic banks,12736.575599509993,11831.107456300002,31081.42397642,38549.531912419996,94198.63894465
2021-10-01,Monthly,Bank-bank pelaburan / Investment banks,1.21448271,5.58083491,98.79232419000003,1479.30455211,1584.8921939200002
2021-10-01,Monthly,Institusi kewangan pembangunan / Development financial institutions,3676.6458573000014,1465.4256283599993,3679.52809992,10304.283264799999,19125.882850379996
2021-10-01,Monthly,Jumlah / Total,50118.25619420001,39700.690187550004,108022.93982584997,131829.65334885,329671.5395564496
2021-11-01,Monthly,Bank-bank perdagangan / Commercial banks,33800.58000604002,26444.373013500004,73278.04666244991,82612.02067808,216135.02036006996
2021-11-01,Monthly,Bank-bank Islam / Islamic banks,12961.394801800005,12039.695762929996,31514.58435610001,39177.72561127,95693.4005321
2021-11-01,Monthly,Bank-bank pelaburan / Investment banks,1.3305274200000001,5.610698340000001,94.66803832000001,1513.9365143699997,1615.5457784499997
2021-11-01,Monthly,Institusi kewangan pembangunan / Development financial institutions,3736.2001421199993,1507.3649815500003,3685.9765607399995,10276.199152269997,19205.74083668
2021-11-01,Monthly,Jumlah / Total,50499.50547738002,39997.04445631999,108573.27561760992,133579.88195599001,332649.7075072995
2021-12-01,Monthly,Bank-bank perdagangan / Commercial banks,34008.63314763005,26549.170548980008,73595.12523942,83537.77619890001,217690.70513493006
2021-12-01,Monthly,Bank-bank Islam / Islamic banks,13274.833656509993,12269.170849060001,32048.112406199998,39933.201976389995,97525.31888816002
2021-12-01,Monthly,Bank-bank pelaburan / Investment banks,1.1773685400000002,5.406833880000001,100.48467907999998,1446.75325234,1553.8221338399999
2021-12-01,Monthly,Institusi kewangan pembangunan / Development financial institutions,3785.5706470199993,1534.6346619200003,3718.3095202700015,10240.722021060003,19279.236850270005
2021-12-01,Monthly,Jumlah / Total,51070.21481970005,40358.38289384001,109462.03184497,135158.45344869,336049.08300719934
2022-01-01,Monthly,Bank-bank perdagangan / Commercial banks,34448.531791880014,26610.765282,73669.73590738,84420.69035417998,219149.72333544004
2022-01-01,Monthly,Bank-bank Islam / Islamic banks,13513.002209840008,12439.212842300005,32382.60194693,40041.86392604,98376.68092511002
2022-01-01,Monthly,Bank-bank pelaburan / Investment banks,1.1481308700000001,5.037243540000001,100.41449033999999,1445.49983192,1552.0996966699997
2022-01-01,Monthly,Institusi kewangan pembangunan / Development financial institutions,3834.003794870001,1533.9341557600003,3713.3604087100002,10304.830482719999,19386.128842059996
2022-01-01,Monthly,Jumlah / Total,51796.685927460014,40588.94952360001,109866.11275336002,136212.88459485996,338464.63279927924
2022-02-01,Monthly,Bank-bank perdagangan / Commercial banks,34162.19281879002,26604.281677419996,73609.51454360997,85587.01975313999,219963.00879295997
2022-02-01,Monthly,Bank-bank Islam / Islamic banks,13671.974468990002,12550.843798019994,32655.395181319996,39785.69545332,98663.90890165
2022-02-01,Monthly,Bank-bank pelaburan / Investment banks,1.16117163,5.00830608,100.48598399000001,1449.09759772,1555.75305942
2022-02-01,Monthly,Institusi kewangan pembangunan / Development financial institutions,3871.974651730001,1555.9989538300001,3695.493143790001,10208.92933998,19332.396089330003
2022-02-01,Monthly,Jumlah / Total,51707.30311114002,40716.13273535,110060.88885270996,137030.74214416,339515.06684335927
2022-03-01,Monthly,Bank-bank perdagangan / Commercial banks,34233.28499527997,26760.19617641,74054.66934378001,84789.80743402001,219837.95794949002
2022-03-01,Monthly,Bank-bank Islam / Islamic banks,13936.598959030007,12882.98870911,33352.230208169996,40081.83084464,100253.64872095002
2022-03-01,Monthly,Bank-bank pelaburan / Investment banks,1.20588724,7.095722370000001,98.16104048000001,1387.18108069,1493.64373078
2022-03-01,Monthly,Institusi kewangan pembangunan / Development financial institutions,3919.009884390001,1571.8180730799995,3710.210523270001,10229.954251990002,19430.992732730007
2022-03-01,Monthly,Jumlah / Total,52090.09972593998,41222.09868097,111215.27111570002,136488.77361134,341016.2431339495
2022-04-01,Monthly,Bank-bank perdagangan / Commercial banks,34219.793178320004,26618.667921839988,73500.57657647003,84279.20743461,218618.24511124007
2022-04-01,Monthly,Bank-bank Islam / Islamic banks,14121.116831150004,12988.912571290006,33466.564243960005,40334.83329796,100911.42694436002
2022-04-01,Monthly,Bank-bank pelaburan / Investment banks,1.3805161099999999,7.128182030000001,93.57717295000002,1416.3420225999998,1518.4278936899998
2022-04-01,Monthly,Institusi kewangan pembangunan / Development financial institutions,3972.70320604,1591.2832905500004,3707.206147750001,10246.50419083,19517.69683517
2022-04-01,Monthly,Jumlah / Total,52314.993731620016,41205.99196570999,110767.92414113003,136276.88694600004,340565.7967844593
2022-05-01,Monthly,Bank-bank perdagangan / Commercial banks,34313.514595810004,26603.857953310006,73458.53506576005,84531.89368254,218907.80129742014
2022-05-01,Monthly,Bank-bank Islam / Islamic banks,14251.975641659996,13107.998158660002,33833.86329574,40685.508367760005,101879.34546382
2022-05-01,Monthly,Bank-bank pelaburan / Investment banks,1.19079487,7.13802606,91.57262257000002,1456.16577073,1556.0672142300002
2022-05-01,Monthly,Institusi kewangan pembangunan / Development financial institutions,4013.6062169599995,1612.7781772600008,3680.116674470001,10220.979419310002,19527.480488
2022-05-01,Monthly,Jumlah / Total,52580.287249299996,41331.77231529001,111064.08765854003,136894.54724033998,341870.6944634694
2022-06-01,Monthly,Bank-bank perdagangan / Commercial banks,34455.359028570034,26728.050171150007,74045.65518620993,84766.34975632999,219995.41414225995
2022-06-01,Monthly,Bank-bank Islam / Islamic banks,14535.882048460006,13360.931823190003,34610.14291526,41139.24983761999,103646.20662453
2022-06-01,Monthly,Bank-bank pelaburan / Investment banks,1.02764556,7.141085550000001,92.94426876999998,1453.96554544,1555.0785453199999
2022-06-01,Monthly,Institusi kewangan pembangunan / Development financial institutions,4073.561028,1653.4153574899997,3686.997028759998,10203.696684820003,19617.67009907
2022-06-01,Monthly,Jumlah / Total,53065.829750590034,41749.53843738002,112435.73939899994,137563.26182421,344814.36941117933
2022-07-01,Monthly,Bank-bank perdagangan / Commercial banks,34719.92211138001,26664.295660279993,73728.58927112,84431.91939157,219544.72643435
2022-07-01,Monthly,Bank-bank Islam / Islamic banks,14675.943340529995,13513.686825699999,34867.416131379985,41449.136334380004,104506.18263198997
2022-07-01,Monthly,Bank-bank pelaburan / Investment banks,1.31353706,6.78222204,99.23428513,1434.4264932,1541.75653743
2022-07-01,Monthly,Institusi kewangan pembangunan / Development financial institutions,4119.586206949998,1681.9551597199998,3689.617256459999,10238.009217469998,19729.167840599996
2022-07-01,Monthly,Jumlah / Total,53516.765195919994,41866.71986774,112384.85694408999,137553.49143662,345321.8334443694
2022-08-01,Monthly,Bank-bank perdagangan / Commercial banks,34863.113397750036,26666.931646729983,73973.82328018999,84812.27051343,220316.1388381
2022-08-01,Monthly,Bank-bank Islam / Islamic banks,14919.80364264,13752.132184100004,35353.91364123001,41776.77667253001,105802.6261405
2022-08-01,Monthly,Bank-bank pelaburan / Investment banks,1.3244566699999998,6.12955931,98.42029480000001,1405.07933,1510.9536407800001
2022-08-01,Monthly,Institusi kewangan pembangunan / Development financial institutions,4150.36153962,1693.5938548000001,3664.8094138,10333.53991113,19842.304719350002
2022-08-01,Monthly,Jumlah / Total,53934.603036680026,42118.78724493999,113090.96663002,138327.66642709004,347472.0233387291
2022-09-01,Monthly,Bank-bank perdagangan / Commercial banks,35001.57860444001,26754.960464460004,74091.04050134006,84406.09482821001,220253.6743984501
2022-09-01,Monthly,Bank-bank Islam / Islamic banks,15181.203747259995,13975.136570639994,35968.55487188001,42465.372497300006,107590.26768708004
2022-09-01,Monthly,Bank-bank pelaburan / Investment banks,2.5893500200000004,6.03657361,103.39387313000002,1424.3943758599999,1536.4141726199998
2022-09-01,Monthly,Institusi kewangan pembangunan / Development financial institutions,4197.265330819999,1711.7618679200002,3669.8617572799994,10388.663741780001,19967.552697799994
2022-09-01,Monthly,Jumlah / Total,54382.637032540006,42447.89547663001,113832.85100363003,138684.52544315002,349347.90895594924
2022-10-01,Monthly,Bank-bank perdagangan / Commercial banks,35083.29704798003,26742.25200197,74014.92491231002,84912.57454544,220753.04850770006
2022-10-01,Monthly,Bank-bank Islam / Islamic banks,15376.581111220003,14113.830990229999,36401.16491652999,42700.90811969001,108592.48513767
2022-10-01,Monthly,Bank-bank pelaburan / Investment banks,2.5919875799999996,5.924750239999998,104.34172688,1303.1490301599997,1416.0074948599997
2022-10-01,Monthly,Institusi kewangan pembangunan / Development financial institutions,4224.914006580002,1741.2859848099995,3637.654547520001,10353.19445228,19957.048991190004
2022-10-01,Monthly,Jumlah / Total,54687.384153360006,42603.29372725,114158.08610323998,139269.82614756998,350718.5901314193
2022-11-01,Monthly,Bank-bank perdagangan / Commercial banks,35245.989509590014,26698.48960530001,74014.96199247996,84490.40300718,220449.84411454995
2022-11-01,Monthly,Bank-bank Islam / Islamic banks,15508.030041310007,14254.374571509992,36752.373139929994,42720.65417205,109235.43192480001
2022-11-01,Monthly,Bank-bank pelaburan / Investment banks,2.4753255,6.1996626699999995,100.92575959999998,1295.7123525999998,1405.3131003699998
2022-11-01,Monthly,Institusi kewangan pembangunan / Development financial institutions,4261.179650399999,1753.1539233599992,3669.45874414,10676.32015684,20360.11247474
2022-11-01,Monthly,Jumlah / Total,55017.67452680001,42712.21776284,114537.71963615,139183.08968867,351450.70161445945
2022-12-01,Monthly,Bank-bank perdagangan / Commercial banks,35146.76272153001,26783.691332429997,74427.84880455994,85563.26814524004,221921.57100375998
2022-12-01,Monthly,Bank-bank Islam / Islamic banks,15742.426643010003,14445.636773340006,37548.6961091,43500.34720902001,111237.10673447001
2022-12-01,Monthly,Bank-bank pelaburan / Investment banks,2.51941349,5.9822726600000005,96.57869315999999,1304.89281931,1409.9731986200002
2022-12-01,Monthly,Institusi kewangan pembangunan / Development financial institutions,4380.18767203,1823.5071051099997,3797.7221596299996,10663.753436390001,20665.170373160003
2022-12-01,Monthly,Jumlah / Total,55271.89645006001,43058.817483540006,115870.84576644996,141032.26160996,355233.8213100103
2023-01-01,Monthly,Bank-bank perdagangan / Commercial banks,35320.69589227002,26661.22502315,74161.19720019,85449.71932866001,221592.83744427006
2023-01-01,Monthly,Bank-bank Islam / Islamic banks,15898.38137561,14476.137477299997,37714.608951500006,43418.2032997,111507.33110410998
2023-01-01,Monthly,Bank-bank pelaburan / Investment banks,2.59431724,5.71478717,97.00497003,1304.68768607,1410.00176051
2023-01-01,Monthly,Institusi kewangan pembangunan / Development financial institutions,5177.512070660001,1860.5956654499987,3808.9418393799992,10802.99940809,21650.048983580004
2023-01-01,Monthly,Jumlah / Total,56399.18365578003,43003.67295307,115781.75296110004,140975.60972252002,356160.21929246996
2023-02-01,Monthly,Bank-bank perdagangan / Commercial banks,35335.60788099998,26671.78339108001,74483.48041458002,85422.38120425002,221913.25289091
2023-02-01,Monthly,Bank-bank Islam / Islamic banks,16068.749030510004,14581.084549779993,38177.29035249001,43800.69670766,112627.82064044
2023-02-01,Monthly,Bank-bank pelaburan / Investment banks,2.4574131,5.08909313,98.24530365000001,1347.74794649,1453.5397563699998
2023-02-01,Monthly,Institusi kewangan pembangunan / Development financial institutions,5226.611697019998,1864.2605209200005,3824.04975557,10791.104812229998,21706.02678574
2023-02-01,Monthly,Jumlah / Total,56633.42602162997,43122.21755491,116583.06582629,141361.93067063,357700.64007346
2023-03-01,Monthly,Bank-bank perdagangan / Commercial banks,35528.26405058,26792.08466791,74924.24087052999,86273.96389027999,223518.55347929997
2023-03-01,Monthly,Bank-bank Islam / Islamic banks,16326.90440373999,14775.706461090002,38920.278846229994,44758.96991748001,114781.85962854
2023-03-01,Monthly,Bank-bank pelaburan / Investment banks,2.4427832300000003,4.51279519,100.18315425,1351.96765898,1459.1063916499998
2023-03-01,Monthly,Institusi kewangan pembangunan / Development financial institutions,5268.981553169998,1880.2505702600001,3837.94106032,10807.34207288,21794.51525663
2023-03-01,Monthly,Jumlah / Total,57126.59279072001,43452.55449445,117782.64393132999,143192.24353962,361554.03475612
2023-04-01,Monthly,Bank-bank perdagangan / Commercial banks,35535.94230659998,26590.924628769993,74399.25714952001,85210.29840120001,221736.42248608996
2023-04-01,Monthly,Bank-bank Islam / Islamic banks,16432.395330400006,14781.19858948001,38936.999713100005,44967.68205842,115118.2756914
2023-04-01,Monthly,Bank-bank pelaburan / Investment banks,2.80110687,4.971982290000001,101.01385317,1419.763881,1528.55082333
2023-04-01,Monthly,Institusi kewangan pembangunan / Development financial institutions,5292.728655890001,1882.7759579799995,3848.7425700499994,10852.566717679998,21876.813901600002
2023-04-01,Monthly,Jumlah / Total,57263.86739976,43259.87115852001,117286.01328584,142450.3110583,360260.06290242
2023-05-01,Monthly,Bank-bank perdagangan / Commercial banks,35642.09687651003,26592.41954167999,74507.64791584002,86268.07915151004,223010.24348554006
2023-05-01,Monthly,Bank-bank Islam / Islamic banks,16642.396775450004,14965.817836089996,39512.84487889,45941.37622264,117062.43571306998
2023-05-01,Monthly,Bank-bank pelaburan / Investment banks,2.9538983100000005,4.84535455,109.43533674000001,1423.37860129,1540.6131908900002
2023-05-01,Monthly,Institusi kewangan pembangunan / Development financial institutions,5314.855231539999,1891.30411574,3877.894484270002,10810.772628400002,21894.826459949996
2023-05-01,Monthly,Jumlah / Total,57602.30278181004,43454.386848059985,118007.82261574002,144443.60660384005,363508.1188494499
2023-06-01,Monthly,Bank-bank perdagangan / Commercial banks,35810.85571350999,26707.54641948997,75026.90036877996,87129.15923874,224674.46174051994
2023-06-01,Monthly,Bank-bank Islam / Islamic banks,16872.41134478001,15104.415540739996,40230.273564589996,47017.24788666998,119224.34833677996
2023-06-01,Monthly,Bank-bank pelaburan / Investment banks,3.2468151200000004,5.209058109999999,107.34585175999999,1428.47625702,1544.2779820100002
2023-06-01,Monthly,Institusi kewangan pembangunan / Development financial institutions,5343.288045139998,1893.1661008699991,3883.035375590001,10941.39659668,22060.886118279996
2023-06-01,Monthly,Jumlah / Total,58029.80191855,43710.337119209966,119247.55516071994,146516.27997910997,367503.9741775899
2023-07-01,Monthly,Bank-bank perdagangan / Commercial banks,35512.35615169,26548.039102619987,74903.66431603002,87676.57124534002,224640.63081568005
2023-07-01,Monthly,Bank-bank Islam / Islamic banks,16885.811066509996,15169.503514299997,40728.91289832001,47872.98429216999,120657.21177129999
2023-07-01,Monthly,Bank-bank pelaburan / Investment banks,2.8938547599999995,5.17420599,107.94654996999995,1483.24555618,1599.2601669000003
2023-07-01,Monthly,Institusi kewangan pembangunan / Development financial institutions,5367.330408660003,1893.6174201399992,3898.8400289600004,11062.55915794,22222.3470157
2023-07-01,Monthly,Jumlah / Total,57768.39148162,43616.33424304999,119639.36379328003,148095.36025163002,369119.44976957975
2023-08-01,Monthly,Bank-bank perdagangan / Commercial banks,35485.98802901001,26479.427289599993,75000.79389883002,87268.61425072003,224234.82346816006
2023-08-01,Monthly,Bank-bank Islam / Islamic banks,17041.773549770005,15232.916106209992,41009.43652427004,48417.96859994,121702.09478019002
2023-08-01,Monthly,Bank-bank pelaburan / Investment banks,2.83209188,5.28823411,103.14214658000002,1482.8103598300002,1594.0728324000002
2023-08-01,Monthly,Institusi kewangan pembangunan / Development financial institutions,5407.540820480001,1905.35827212,3963.0240499,11121.69367636,22397.616818860002
2023-08-01,Monthly,Jumlah / Total,57938.13449114001,43622.98990203999,120076.39661958005,148291.08688685,369928.6078996096
2023-09-01,Monthly,Bank-bank perdagangan / Commercial banks,35594.51225686999,26534.983350649996,75333.03505538,87660.82313849,225123.35380138998
2023-09-01,Monthly,Bank-bank Islam / Islamic banks,17200.8632873,15359.907161040002,41638.30191077002,50443.609042899996,124642.68140201004
2023-09-01,Monthly,Bank-bank pelaburan / Investment banks,2.86668941,5.493254950000001,110.67731791,1375.3635614799998,1494.40082375
2023-09-01,Monthly,Institusi kewangan pembangunan / Development financial institutions,5429.834116530001,1907.2735083799992,3952.9983492900005,11190.37046058,22480.476434779997
2023-09-01,Monthly,Jumlah / Total,58228.07635011,43807.65727502001,121035.01263335001,150670.16620344998,373740.9124619295
2023-10-01,Monthly,Bank-bank perdagangan / Commercial banks,35641.888300530016,26444.922460219994,75308.01266733995,87639.31890577002,225034.14233385993
2023-10-01,Monthly,Bank-bank Islam / Islamic banks,17321.782958059997,15479.164272219998,42111.55501705999,52958.99733728,127871.49958461999
2023-10-01,Monthly,Bank-bank pelaburan / Investment banks,3.23020938,5.3101929100000005,110.82950891,1384.06224394,1503.43215514
2023-10-01,Monthly,Institusi kewangan pembangunan / Development financial institutions,5474.797089099999,1924.90676706,3967.8731237200004,11262.816453800002,22630.39343368
2023-10-01,Monthly,Jumlah / Total,58441.69855707002,43854.30369241,121498.27031702994,153245.19494078998,377039.4675072998
2023-11-01,Monthly,Bank-bank perdagangan / Commercial banks,35731.811441470025,26426.077307909993,75447.24770948997,88764.76089514,226369.89735400997
2023-11-01,Monthly,Bank-bank Islam / Islamic banks,17448.9240642,15555.071058739994,42578.68511224,54141.09611945999,129723.77635463995
2023-11-01,Monthly,Bank-bank pelaburan / Investment banks,3.2058847499999996,5.25095217,114.75293113999997,1405.1226196100001,1528.33238767
2023-11-01,Monthly,Institusi kewangan pembangunan / Development financial institutions,5493.212539599998,1930.7748381699985,4001.491066920001,11351.172910180001,22776.65135487
2023-11-01,Monthly,Jumlah / Total,58677.153930020024,43917.17415698999,122142.17681978995,155662.15254439,380398.65745119
2023-12-01,Monthly,Bank-bank perdagangan / Commercial banks,35632.93207711999,26408.385534470006,75639.42476171002,90938.06538605,228618.80775935002
2023-12-01,Monthly,Bank-bank Islam / Islamic banks,17523.043767909996,15643.591462640003,43194.65408950999,56641.915325,133003.20464506
2023-12-01,Monthly,Bank-bank pelaburan / Investment banks,3.0195244700000003,3.7399261599999996,117.61602801000004,1307.90364453,1432.27912317
2023-12-01,Monthly,Institusi kewangan pembangunan / Development financial institutions,5532.258908609999,1924.6636358800001,4055.8702657599997,11541.095350149999,23053.888160399998
2023-12-01,Monthly,Jumlah / Total,58691.25427811,43980.380559150006,123007.56514498999,160428.97970573,386108.17968798
2024-01-01,Monthly,Bank-bank perdagangan / Commercial banks,35902.63175241001,26405.34422581998,75866.46862126004,91497.53916911002,229671.98376860004
2024-01-01,Monthly,Bank-bank Islam / Islamic banks,17545.13941289001,15703.59946356001,43383.33529048,56518.71540956,133150.78957649003
2024-01-01,Monthly,Bank-bank pelaburan / Investment banks,3.0196874,4.43307172,117.40382197000001,1312.90981772,1437.7663988100003
2024-01-01,Monthly,Institusi kewangan pembangunan / Development financial institutions,5562.85404862,1913.5388830200004,3982.8634932400014,11510.700898990002,22969.957323870007
2024-01-01,Monthly,Jumlah / Total,59013.64490132002,44026.91564411999,123350.07122695,160839.86529538,387230.4970677699
2024-02-01,Monthly,Bank-bank perdagangan / Commercial banks,35841.52143235,26393.971589739984,75783.39628755995,91615.86698203,229634.75629167986
2024-02-01,Monthly,Bank-bank Islam / Islamic banks,17541.889205199994,15781.703488440002,43717.231713929985,57375.13543335997,134415.95984092995
2024-02-01,Monthly,Bank-bank pelaburan / Investment banks,3.2761226499999996,4.197925970000001,109.38216757999999,1295.3529908900002,1412.2092070899998
2024-02-01,Monthly,Institusi kewangan pembangunan / Development financial institutions,5601.329460289999,1919.6244728999995,4020.2492866900016,11601.437210830003,23142.64043071
2024-02-01,Monthly,Jumlah / Total,58988.01622048999,44099.49747704999,123630.25945575998,161887.79261710998,388605.56577041
2024-03-01,Monthly,Bank-bank perdagangan / Commercial banks,35977.995393739984,26508.89653270999,76291.14634229001,94737.98513190002,233516.02340064003
2024-03-01,Monthly,Bank-bank Islam / Islamic banks,17613.761023590014,15857.694950050001,44360.891433709985,58111.963260189994,135944.31066754
2024-03-01,Monthly,Bank-bank pelaburan / Investment banks,2.97183997,4.838295539999999,102.40392060999996,1332.63877129,1442.8528274100001
2024-03-01,Monthly,Institusi kewangan pembangunan / Development financial institutions,5644.832137169999,1924.4398522399995,4083.1812727199986,11635.45038242,23287.90364455
2024-03-01,Monthly,Jumlah / Total,59239.56039447,44295.86963053999,124837.62296932998,165818.03754579998,394191.0905401399
2024-04-01,Monthly,Bank-bank perdagangan / Commercial banks,36007.049916719974,26466.113765000024,76152.57418066997,94347.44586392,232973.18372630997
2024-04-01,Monthly,Bank-bank Islam / Islamic banks,17621.11339012,15883.473019160008,44700.12854262999,58565.48996126,136770.20491317
2024-04-01,Monthly,Bank-bank pelaburan / Investment banks,2.6466341899999994,4.6837190799999995,107.50313383,1352.72082536,1467.5543124600003
2024-04-01,Monthly,Institusi kewangan pembangunan / Development financial institutions,5668.864661959999,1907.7202043299997,4075.7016332800013,11730.65942348,23382.945923049996
2024-04-01,Monthly,Jumlah / Total,59299.674602989966,44261.99070757003,125035.90749040997,165996.31607402003,394593.88887499
2024-05-01,Monthly,Bank-bank perdagangan / Commercial banks,36148.63555998001,26450.66971107998,76355.22526869,94787.80054471001,233742.33108446
2024-05-01,Monthly,Bank-bank Islam / Islamic banks,17644.73252202,15926.669310050007,45120.78258332998,59140.92198471001,137833.10640010997
2024-05-01,Monthly,Bank-bank pelaburan / Investment banks,2.7341329300000003,4.73904016,111.15830499999998,1346.9664913799998,1465.5979694699997
2024-05-01,Monthly,Institusi kewangan pembangunan / Development financial institutions,5708.028254490001,1916.88492965,4027.325187559998,11776.455741870002,23428.69411357
2024-05-01,Monthly,Jumlah / Total,59504.13046942,44298.96299093999,125614.49134457999,167052.14476267004,396469.7295676098
2024-06-01,Monthly,Bank-bank perdagangan / Commercial banks,36165.88351031997,26496.766408550007,76995.93590193,98534.20017753995,238192.78599833994
2024-06-01,Monthly,Bank-bank Islam / Islamic banks,17644.53628437,16023.976108010007,45754.732427440016,59968.59297022,139391.83779004
2024-06-01,Monthly,Bank-bank pelaburan / Investment banks,2.64871451,4.430574499999999,122.16250826999998,1383.8004982100001,1513.04229549
2024-06-01,Monthly,Institusi kewangan pembangunan / Development financial institutions,5716.481077120001,1913.8008107799994,4064.5775836800017,11746.310541209996,23441.170012789997
2024-06-01,Monthly,Jumlah / Total,59529.54958631998,44438.973901840014,126937.40842132001,171632.90418717996,402538.8360966599
2024-07-01,Monthly,Bank-bank perdagangan / Commercial banks,36133.37297748999,26410.503478969993,76890.49277279995,96668.47486368999,236102.84409294993
2024-07-01,Monthly,Bank-bank Islam / Islamic banks,17705.190203369984,16031.727390070006,45980.60273814998,58273.98001900001,137991.50035058998
2024-07-01,Monthly,Bank-bank pelaburan / Investment banks,2.88565634,4.16058777,121.03142643000001,1406.18271197,1534.2603825100002
2024-07-01,Monthly,Institusi kewangan pembangunan / Development financial institutions,5729.367909840002,1928.4908790099996,4118.116052220001,11635.987563480003,23411.96240455001
2024-07-01,Monthly,Jumlah / Total,59570.81674703997,44374.882335819995,127110.24298959991,167984.62515814003,399040.5672306
2024-08-01,Monthly,Bank-bank perdagangan / Commercial banks,36067.571435240025,26361.09528509001,77092.94488000998,98551.37318545998,238072.98478579998
2024-08-01,Monthly,Bank-bank Islam / Islamic banks,17755.352397699997,16057.847704619995,46423.760800219985,58601.19237195001,138838.15327449
2024-08-01,Monthly,Bank-bank pelaburan / Investment banks,2.8703026600000006,4.728102939999999,118.29430633999999,1431.3407076800002,1557.23341962
2024-08-01,Monthly,Institusi kewangan pembangunan / Development financial institutions,5744.813884509999,1924.41432652,4155.0020572,11843.809855470001,23668.0401237
2024-08-01,Monthly,Jumlah / Total,59570.608020110005,44348.08541917001,127790.00204377,170427.71612055998,402136.4116036097
2024-09-01,Monthly,Bank-bank perdagangan / Commercial banks,36041.35644582002,26317.246563380013,77645.83793691,98907.92049203,238912.36143814
2024-09-01,Monthly,Bank-bank Islam / Islamic banks,17796.24504567999,16127.001596500002,46992.135348209995,58452.58819228,139367.97018267
2024-09-01,Monthly,Bank-bank pelaburan / Investment banks,2.5824067200000003,4.83299321,114.65763833000001,1441.29974608,1563.37278434
2024-09-01,Monthly,Institusi kewangan pembangunan / Development financial institutions,5754.974229580001,1924.4259493999991,4314.066323360001,12202.845516759999,24196.312019099998
2024-09-01,Monthly,Jumlah / Total,59595.1581278,44373.50710249,129066.69724681,171004.65394715001,404040.01642424986
2024-10-01,Monthly,Bank-bank perdagangan / Commercial banks,35962.82654464003,26208.046655920007,77583.33456871001,100247.02928714002,240001.23705641006
2024-10-01,Monthly,Bank-bank Islam / Islamic banks,17759.619688320006,16127.509278399999,47261.93015835001,59063.11604148999,140212.17516656
2024-10-01,Monthly,Bank-bank pelaburan / Investment banks,2.68264322,4.66792054,115.39102982999998,1428.92236039,1551.6639539799999
2024-10-01,Monthly,Institusi kewangan pembangunan / Development financial institutions,5760.449583009999,1924.9013210300006,4365.12259135,12304.42381611,24354.897311499997
2024-10-01,Monthly,Jumlah / Total,59485.57845919003,44265.125175889996,129325.77834824,173043.49150513,406119.9734884497
2024-11-01,Monthly,Bank-bank perdagangan / Commercial banks,35916.78551778002,26189.834464009993,77657.12746399998,101710.74526011002,241474.49270590002
2024-11-01,Monthly,Bank-bank Islam / Islamic banks,17725.253487140006,16133.854494709994,47576.61741804999,59940.41143105001,141376.13683095
2024-11-01,Monthly,Bank-bank pelaburan / Investment banks,2.92394556,4.71939328,114.09557138999999,1456.4040938500002,1578.1430040799996
2024-11-01,Monthly,Institusi kewangan pembangunan / Development financial institutions,5768.695876440001,1930.73952101,4423.7987475100035,12352.472069680001,24475.706214640006
2024-11-01,Monthly,Jumlah / Total,59413.65882692003,44259.14787300999,129771.63920094998,175460.03285469004,408904.47875557
2024-12-01,Monthly,Bank-bank perdagangan / Commercial banks,35733.499041420015,26201.3530547,78052.43539068001,104493.49710483999,244480.78459164003
2024-12-01,Monthly,Bank-bank Islam / Islamic banks,17695.125929110007,16231.595049050004,48322.38234835999,61152.953676289995,143402.05700281
2024-12-01,Monthly,Bank-bank pelaburan / Investment banks,2.86341442,5.19743181,115.63456490999998,1477.6384225200002,1601.3338336599998
2024-12-01,Monthly,Institusi kewangan pembangunan / Development financial institutions,5774.944635889997,1934.3390276800005,4557.185595070003,11840.759672339998,24107.22893098
2024-12-01,Monthly,Jumlah / Total,59206.43302084002,44372.48456324,131047.63789902002,178964.84887599,413591.40435908997
2025-01-01,Monthly,Bank-bank perdagangan / Commercial banks,35837.371157899994,26104.42362103001,78125.43952488997,105776.27324619002,245843.50755001002
2025-01-01,Monthly,Bank-bank Islam / Islamic banks,17656.81356455999,16139.796552779999,48425.80297594,61364.09850195998,143586.51159523995
2025-01-01,Monthly,Bank-bank pelaburan / Investment banks,3.7635609299999997,6.01642109,133.90130224000004,1418.57389135,1562.25517561
2025-01-01,Monthly,Institusi kewangan pembangunan / Development financial institutions,5743.693225100002,1930.7921033999992,4494.3669616399975,11766.681494980001,23935.533785119995
2025-01-01,Monthly,Jumlah / Total,59241.64150848998,44181.028698300004,131179.51076470996,180325.62713448002,414927.8081059802
2025-02-01,Monthly,Bank-bank perdagangan / Commercial banks,35658.26036784001,26051.506365030018,78271.71819734003,104140.94004505,244122.4249752601
2025-02-01,Monthly,Bank-bank Islam / Islamic banks,17640.33487028,16182.594933370001,48697.07343953001,61985.20241061,144505.20565379004
2025-02-01,Monthly,Bank-bank pelaburan / Investment banks,3.05810543,5.1160293999999995,123.68405437999999,1399.52342275,1531.38161196
2025-02-01,Monthly,Institusi kewangan pembangunan / Development financial institutions,5761.57475596,1934.2178597700006,4542.943811589998,11815.56520061,24054.301627930003
2025-02-01,Monthly,Jumlah / Total,59063.22809951003,44173.43518757002,131635.4195028401,179341.23107901998,414213.31386893993
2025-03-01,Monthly,Bank-bank perdagangan / Commercial banks,35608.01040853,26037.669658410014,78656.41474626,106385.24340392002,246687.33821712
2025-03-01,Monthly,Bank-bank Islam / Islamic banks,17667.87225461999,16258.052138300001,49144.391728140006,63194.987765039994,146265.30388609998
2025-03-01,Monthly,Bank-bank pelaburan / Investment banks,3.01784509,4.68593828,124.12199854000002,1409.8450881100002,1541.67087002
2025-03-01,Monthly,Institusi kewangan pembangunan / Development financial institutions,5776.43252384,1928.5810015600005,4588.6831999700025,11835.736382399997,24129.433107769997
2025-03-01,Monthly,Jumlah / Total,59055.33303207999,44228.98873655002,132513.61167291005,182825.81263947,418623.74608101003
2025-04-01,Monthly,Bank-bank perdagangan / Commercial banks,35567.11928324001,25930.767361620008,78540.15128442994,106701.72181875,246739.75974804
2025-04-01,Monthly,Bank-bank Islam / Islamic banks,17610.206384720008,16246.152307170001,49265.852676689996,63554.49618552003,146676.70755410002
2025-04-01,Monthly,Bank-bank pelaburan / Investment banks,3.03114946,4.42582615,126.73038401000001,1470.4050705000002,1604.5924301199998
2025-04-01,Monthly,Institusi kewangan pembangunan / Development financial institutions,5751.71608061,1916.31565569,4584.930455509997,11786.185868199998,24039.148060009993
2025-04-01,Monthly,Jumlah / Total,58932.07289803001,44097.66115063,132517.66480063993,183512.80894297,419060.20779227
2025-05-01,Monthly,Bank-bank perdagangan / Commercial banks,35544.919573960025,25886.31879932999,78873.67692669004,106709.37982865,247014.29512863004
2025-05-01,Monthly,Bank-bank Islam / Islamic banks,17554.916085060002,16296.193376489999,49477.88838784997,64079.32968319001,147408.32753258996
2025-05-01,Monthly,Bank-bank pelaburan / Investment banks,2.99109077,4.45281806,133.41599813000002,1480.8474204000001,1621.7073273600001
2025-05-01,Monthly,Institusi kewangan pembangunan / Development financial institutions,5734.202501089998,1905.1438525799997,4595.63669582,11854.26519037,24089.248239859997
2025-05-01,Monthly,Jumlah / Total,58837.02925088003,44092.10884645999,133080.61800849,184123.82212261003,420133.5782284399
2025-06-01,Monthly,Bank-bank perdagangan / Commercial banks,35454.32304319,25842.31122254999,79381.76571965004,109987.25341569002,250665.65340108002
2025-06-01,Monthly,Bank-bank Islam / Islamic banks,17559.64788034,16401.430806990007,50044.16067549996,66136.88291444001,150142.12227726998
2025-06-01,Monthly,Bank-bank pelaburan / Investment banks,2.92510868,4.423061460000001,141.14116347000004,1533.2315078300003,1681.7208414399997
2025-06-01,Monthly,Institusi kewangan pembangunan / Development financial institutions,5656.753245750002,1903.1904143299998,4611.896058269998,12001.341266489995,24173.180984839997
2025-06-01,Monthly,Jumlah / Total,58673.649277959994,44151.35550533,134178.96361689002,189658.70910444998,426662.6775046298
2025-07-01,Monthly,Bank-bank perdagangan / Commercial banks,35408.49964922,25725.808696570006,79235.33657135999,110885.92865566997,251255.57357281997
2025-07-01,Monthly,Bank-bank Islam / Islamic banks,17518.005928819995,16389.531218569995,50193.76584347999,66622.83505935,150724.13805021998
2025-07-01,Monthly,Bank-bank pelaburan / Investment banks,2.89541326,4.44235425,144.44952177,1539.5011673000001,1691.2884565800002
2025-07-01,Monthly,Institusi kewangan pembangunan / Development financial institutions,5610.585623359999,1885.2294151200006,4624.5552342,12112.9674496,24233.337722279997
2025-07-01,Monthly,Jumlah / Total,58539.98661466,44005.01168451001,134198.10717081,191161.23233191998,427904.3378019003
2025-08-01,Monthly,Bank-bank perdagangan / Commercial banks,35362.74400004999,25663.839444850015,79393.07234488998,112287.69327705997,252707.34906684997
2025-08-01,Monthly,Bank-bank Islam / Islamic banks,17501.96046353,16363.273312959993,50544.60386818,68204.98843488,152614.82607955
2025-08-01,Monthly,Bank-bank pelaburan / Investment banks,2.9013337299999997,3.8578879000000006,152.80662521000005,1546.4356374699998,1706.0014843099998
2025-08-01,Monthly,Institusi kewangan pembangunan / Development financial institutions,5591.494565009999,1877.2342100900005,4596.117113430001,11935.303346769997,24000.1492353
2025-08-01,Monthly,Jumlah / Total,58459.10036231999,43908.20485580002,134686.59995171,193974.42069618002,431028.32586600975
2025-09-01,Monthly,Bank-bank perdagangan / Commercial banks,35265.77305190998,25627.883288329973,79703.84757519996,113155.01065655003,253752.51457198992
2025-09-01,Monthly,Bank-bank Islam / Islamic banks,17503.09645835998,16431.76353286,51006.88366690001,68697.2601605,153639.00381862003
2025-09-01,Monthly,Bank-bank pelaburan / Investment banks,3.7727016499999997,4.5476198,166.77158648999998,1578.9235919399998,1754.01549988
2025-09-01,Monthly,Institusi kewangan pembangunan / Development financial institutions,5530.439388119999,1860.0555064899995,4625.23071472,11974.221336719998,23989.946946049997
2025-09-01,Monthly,Jumlah / Total,58303.081600039965,43924.24994747996,135502.73354330997,195405.41574571002,433135.4808365404
2025-10-01,Monthly,Bank-bank perdagangan / Commercial banks,35166.58202711,25539.034513690014,79698.10464780006,113016.06896697002,253419.7901555701
2025-10-01,Monthly,Bank-bank Islam / Islamic banks,17450.604624949996,16408.2709813,51195.559356179976,69695.61519677001,154750.0501592
2025-10-01,Monthly,Bank-bank pelaburan / Investment banks,2.83634078,3.8197475499999998,158.56201144000002,1542.46953112,1707.68763089
2025-10-01,Monthly,Institusi kewangan pembangunan / Development financial institutions,5511.959115080001,1850.0523650600005,4647.5572743600005,12140.54906483,24150.11781933
2025-10-01,Monthly,Jumlah / Total,58131.98210792,43801.17760760002,135699.78328978005,196394.70275969003,434027.64576499
2025-11-01,Monthly,Bank-bank perdagangan / Commercial banks,35007.03048132997,25476.06899784,79710.42421433996,113953.89883244998,254147.42252596
2025-11-01,Monthly,Bank-bank Islam / Islamic banks,17381.701024110003,16442.82661472999,51522.371817710016,70351.6954869,155698.59494345004
2025-11-01,Monthly,Bank-bank pelaburan / Investment banks,2.83712986,3.86702567,161.25754618,1532.7131148500002,1700.6748165600002
2025-11-01,Monthly,Institusi kewangan pembangunan / Development financial institutions,5468.034276810001,1852.1948790000001,4623.389509740001,12385.801637210001,24329.42030276
2025-11-01,Monthly,Jumlah / Total,57859.602912109985,43774.95751723998,136017.44308797002,198224.10907141,435876.1125887299
2025-12-01,Monthly,Bank-bank perdagangan / Commercial banks,34714.11717890001,25394.755936809994,80047.41368368003,113623.26557771,253779.55237710002
2025-12-01,Monthly,Bank-bank Islam / Islamic banks,17306.10209618001,16500.129834269992,51992.92316486998,72348.56113689001,158147.71623221
2025-12-01,Monthly,Bank-bank pelaburan / Investment banks,2.84942195,3.80449252,161.16567372999998,1666.13209643,1833.95168463
2025-12-01,Monthly,Institusi kewangan pembangunan / Development financial institutions,5427.082531710001,1848.1771082100008,4656.802659679999,12217.542830749997,24149.60513035
2025-12-01,Monthly,Jumlah / Total,57450.15122874002,43746.86737180998,136858.30518196,199855.50164178,437910.8254242899
2026-01-01,Monthly,Bank-bank perdagangan / Commercial banks,34840.21465671998,25367.65905079002,80016.76698074996,113153.17258904001,253377.81327729992
2026-01-01,Monthly,Bank-bank Islam / Islamic banks,17220.046541840005,16419.494433529995,52072.417349409996,73466.30244967,159178.26077444997
2026-01-01,Monthly,Bank-bank pelaburan / Investment banks,2.83806901,4.335562060000001,161.44742158999998,1670.9685683699997,1839.5896210299998
2026-01-01,Monthly,Institusi kewangan pembangunan / Development financial institutions,5389.189037159998,1831.4322344100003,4636.768215950001,12218.199849859999,24075.589337380003
2026-01-01,Monthly,Jumlah / Total,57452.288304729984,43622.92128079001,136887.3999677,200508.64345694002,438471.25301015965
2026-02-01,Monthly,Bank-bank perdagangan / Commercial banks,34588.279654640006,25310.86388815,80247.77962593002,113336.09261656995,253483.01578529
2026-02-01,Monthly,Bank-bank Islam / Islamic banks,17164.25652771999,16411.92712866001,52381.853651759986,75593.16887140997,161551.20617954998
2026-02-01,Monthly,Bank-bank pelaburan / Investment banks,2.79949244,3.82797542,166.21449737,1669.59847263,1842.44043786
2026-02-01,Monthly,Institusi kewangan pembangunan / Development financial institutions,5363.30657078,1813.6002397499997,4620.61438659,11860.680694570001,23658.20189169
2026-02-01,Monthly,Jumlah / Total,57118.64224557999,43540.21923198001,137416.46216165,202459.54065518,440534.86429439014
2026-03-01,Monthly,Bank-bank perdagangan / Commercial banks,34426.947893599994,25232.804980449997,80702.71744197003,115599.38428851002,255961.85460453
2026-03-01,Monthly,Bank-bank Islam / Islamic banks,17157.400483280002,16513.193817050003,52996.410938130015,75722.39041761999,162389.39565608
2026-03-01,Monthly,Bank-bank pelaburan / Investment banks,2.8390013,3.8477715599999995,168.94213061000002,1621.01543924,1796.6443427099998
2026-03-01,Monthly,Institusi kewangan pembangunan / Development financial institutions,5339.398444840002,1801.3004723100003,4590.321536140003,11623.558603529998,23354.57905682
2026-03-01,Monthly,Jumlah / Total,56926.58582301998,43551.14704136999,138458.39204685003,204566.34874890003,443502.47366014
2026-04-01,Monthly,Bank-bank perdagangan / Commercial banks,34327.184803049975,25164.73364335001,80703.10288315002,115705.02507313999,255900.04640268997
2026-04-01,Monthly,Bank-bank Islam / Islamic banks,17093.80377568,16453.990539910006,53072.131000880036,73697.05899461001,160316.98431108007
2026-04-01,Monthly,Bank-bank pelaburan / Investment banks,2.84431558,4.24082833,163.11822495999994,1565.9636037699997,1736.1669726399998
2026-04-01,Monthly,Institusi kewangan pembangunan / Development financial institutions,5324.65997975,1818.6718452999987,4577.754403630001,11609.310263359996,23330.396492039996
2026-04-01,Monthly,Jumlah / Total,56748.49287405997,43441.636856890014,138516.10651262006,202577.35793487998,441283.5941784502
