date,frequency,sme_size,individual_for_business,micro,small,medium,financing
2021-07-01,Monthly,Bank-bank perdagangan / Commercial banks,459.19431069999973,56846.349255020024,101622.04075548997,54468.57188298998,213396.15620419997
2021-07-01,Monthly,Bank-bank Islam / Islamic banks,236.0824579999999,28979.740215279995,39140.61558634002,22984.643594189994,91341.08185381001
2021-07-01,Monthly,Bank-bank pelaburan / Investment banks,37.84921149,946.3710990499999,203.59863211000004,170.61286928,1358.4318119299999
2021-07-01,Monthly,Institusi kewangan pembangunan / Development financial institutions,212.03633545999998,5828.494033250003,6169.177563800003,6789.993942489997,18999.701875000002
2021-07-01,Monthly,Jumlah / Total,945.1623156499996,92600.95460260003,147135.43253773998,84413.82228894996,325095.37174494
2021-08-01,Monthly,Bank-bank perdagangan / Commercial banks,456.37207109999986,56542.12559194999,102077.47010992002,54673.45875137001,213749.42652434
2021-08-01,Monthly,Bank-bank Islam / Islamic banks,235.02883531000012,28650.96321449,39528.67511519,23150.503368070007,91565.17053306001
2021-08-01,Monthly,Bank-bank pelaburan / Investment banks,37.83429906,1086.44416463,202.31164258,309.77553272999995,1636.3656389999994
2021-08-01,Monthly,Institusi kewangan pembangunan / Development financial institutions,212.1911285199999,5878.172339570005,6226.6992564,6801.577381720001,19118.64010621001
2021-08-01,Monthly,Jumlah / Total,941.4263339899998,92157.70531063998,148035.15612409002,84935.31503389002,326069.6028026099
2021-09-01,Monthly,Bank-bank perdagangan / Commercial banks,448.35638475000025,56940.18348728005,102779.66550458013,55127.628713900034,215295.83409051027
2021-09-01,Monthly,Bank-bank Islam / Islamic banks,236.11943031000004,29114.054231510003,40477.76988348,23233.631032829984,93061.57457813
2021-09-01,Monthly,Bank-bank pelaburan / Investment banks,37.87638089,1103.82489701,179.70827728,307.16593651999995,1628.5754917000002
2021-09-01,Monthly,Institusi kewangan pembangunan / Development financial institutions,214.32646282000007,5943.999188979998,6215.58969848,6774.401924499999,19148.31727478
2021-09-01,Monthly,Jumlah / Total,936.6786587700003,93102.06180478004,149652.73336382012,85442.82760775002,329134.3014351202
2021-10-01,Monthly,Bank-bank perdagangan / Commercial banks,461.72306509000003,56757.85224791002,103338.91370301007,54203.63655148997,214762.12556750007
2021-10-01,Monthly,Bank-bank Islam / Islamic banks,237.06431768000002,29499.83306875999,41474.98773024,22986.75382797001,94198.63894465
2021-10-01,Monthly,Bank-bank pelaburan / Investment banks,36.41467767,1108.45847276,133.36032648,306.65871701,1584.8921939200004
2021-10-01,Monthly,Institusi kewangan pembangunan / Development financial institutions,216.9688560099999,5851.802636360002,6290.313123460003,6766.79823455,19125.882850380003
2021-10-01,Monthly,Jumlah / Total,952.1709164499999,93217.94642579001,151237.57488319007,84263.84733101999,329671.53955645004
2021-11-01,Monthly,Bank-bank perdagangan / Commercial banks,456.48490321,57822.94313038003,103640.72451274005,54214.86781374001,216135.02036007008
2021-11-01,Monthly,Bank-bank Islam / Islamic banks,235.85713095000003,29770.25952255,42227.585854009994,23459.69802459,95693.40053209999
2021-11-01,Monthly,Bank-bank pelaburan / Investment banks,36.40181883,1143.3242007800002,132.02797713,303.79178170999995,1615.5457784500004
2021-11-01,Monthly,Institusi kewangan pembangunan / Development financial institutions,218.72166843,5883.459200469996,6315.902736649996,6787.657231129998,19205.740836679994
2021-11-01,Monthly,Jumlah / Total,947.4655214200001,94619.98605418003,152316.24108053002,84766.01485117001,332649.7075073001
2021-12-01,Monthly,Bank-bank perdagangan / Commercial banks,470.79653921000016,58699.15118011002,104287.91419685009,54232.84321876005,217690.70513493012
2021-12-01,Monthly,Bank-bank Islam / Islamic banks,237.76325212999998,30469.204708829995,42686.07823919,24132.272688009998,97525.31888816
2021-12-01,Monthly,Bank-bank pelaburan / Investment banks,36.40042763,1081.6804099900003,133.31763442,302.42366179999993,1553.8221338399999
2021-12-01,Monthly,Institusi kewangan pembangunan / Development financial institutions,220.16247953000007,5912.096080500006,6402.5991733,6744.37911694,19279.236850270005
2021-12-01,Monthly,Jumlah / Total,965.1226985000002,96162.13237943003,153509.9092437601,85411.91868551004,336049.0830072001
2022-01-01,Monthly,Bank-bank perdagangan / Commercial banks,485.3353926299999,59386.82608074004,105454.66261911996,53822.899242950014,219149.72333543995
2022-01-01,Monthly,Bank-bank Islam / Islamic banks,234.1198446199999,30830.724792719993,43491.861742119996,23819.97454565,98376.68092510999
2022-01-01,Monthly,Bank-bank pelaburan / Investment banks,34.38499939999999,1082.4434145400003,133.41878509000003,301.85249763999997,1552.0996966699997
2022-01-01,Monthly,Institusi kewangan pembangunan / Development financial institutions,221.31557681,5955.111010470004,6399.790206760001,6809.912048019998,19386.128842060007
2022-01-01,Monthly,Jumlah / Total,975.1558134599996,97255.10529847004,155479.73335308998,84754.63833426002,338464.63279928005
2022-02-01,Monthly,Bank-bank perdagangan / Commercial banks,493.28807858999977,60351.99110628002,105215.83213937003,53901.89746871998,219963.00879296
2022-02-01,Monthly,Bank-bank Islam / Islamic banks,232.27166431000012,30784.655555410005,43730.64864930003,23916.33303262999,98663.90890165004
2022-02-01,Monthly,Bank-bank pelaburan / Investment banks,34.35860717,1085.91356885,136.08535752,299.39552588000004,1555.75305942
2022-02-01,Monthly,Institusi kewangan pembangunan / Development financial institutions,222.13092974999992,5990.303991409999,6360.331565849998,6759.629602319998,19332.39608933
2022-02-01,Monthly,Jumlah / Total,982.0492798199999,98212.86422195002,155442.89771204005,84877.25562954995,339515.06684335996
2022-03-01,Monthly,Bank-bank perdagangan / Commercial banks,505.5966226299999,60042.47860595002,105459.49736924,53830.385351670004,219837.95794949005
2022-03-01,Monthly,Bank-bank Islam / Islamic banks,232.80481957000003,31103.532328239995,44850.94746773,24066.364105409997,100253.64872095002
2022-03-01,Monthly,Bank-bank pelaburan / Investment banks,34.377097219999996,1044.3631595200002,116.17585416000001,298.7276198800001,1493.6437307800004
2022-03-01,Monthly,Institusi kewangan pembangunan / Development financial institutions,220.46499571,6010.336026059995,6433.071081360003,6767.120629600002,19430.992732729996
2022-03-01,Monthly,Jumlah / Total,993.2435351299998,98200.71011977002,156859.69177248998,84962.59770656,341016.24313395005
2022-04-01,Monthly,Bank-bank perdagangan / Commercial banks,497.29390405000015,59260.77618170001,105093.08830556,53767.08671993002,218618.24511124
2022-04-01,Monthly,Bank-bank Islam / Islamic banks,234.42410230999994,31509.200007930012,45114.71075631998,24053.092077799993,100911.42694435999
2022-04-01,Monthly,Bank-bank pelaburan / Investment banks,31.615487,1073.1689899300002,116.1007623,297.54265446000005,1518.4278936900002
2022-04-01,Monthly,Institusi kewangan pembangunan / Development financial institutions,218.04125879000006,6059.041994680001,6444.195906620002,6796.4176750800025,19517.696835170005
2022-04-01,Monthly,Jumlah / Total,981.3747521500001,97902.18717424003,156768.09573079998,84914.13912727001,340565.79678446
2022-05-01,Monthly,Bank-bank perdagangan / Commercial banks,502.54155150000014,59283.687197850006,105293.54813381999,53828.02441424999,218907.80129741997
2022-05-01,Monthly,Bank-bank Islam / Islamic banks,236.12350401000003,31819.377525789983,45643.52344712,24180.320986900006,101879.34546381996
2022-05-01,Monthly,Bank-bank pelaburan / Investment banks,31.623938210000002,1087.7849858999998,138.95800757,297.70028255,1556.0672142299998
2022-05-01,Monthly,Institusi kewangan pembangunan / Development financial institutions,215.89592161,6090.099362050007,6417.1280926399995,6804.3571117,19527.480488000005
2022-05-01,Monthly,Jumlah / Total,986.1849153300002,98280.94907159,157493.15768114998,85110.40279539999,341870.6944634699
2022-06-01,Monthly,Bank-bank perdagangan / Commercial banks,497.8418983000001,58542.58303240001,105925.90285966004,55029.08635190001,219995.41414225998
2022-06-01,Monthly,Bank-bank Islam / Islamic banks,237.85395346999996,32023.46896544,46736.14844290002,24648.735262719998,103646.20662453002
2022-06-01,Monthly,Bank-bank pelaburan / Investment banks,46.589935149999995,1082.71625075,129.7100273,296.06233212,1555.0785453199996
2022-06-01,Monthly,Institusi kewangan pembangunan / Development financial institutions,214.95220149,6146.247675399997,6396.77253053,6859.697691650002,19617.670099069997
2022-06-01,Monthly,Jumlah / Total,997.2379884100001,97795.01592399001,159188.53386039005,86833.58163839001,344814.36941117997
2022-07-01,Monthly,Bank-bank perdagangan / Commercial banks,492.9530377400002,58552.573007260035,105980.56473689998,54518.63565244999,219544.72643435004
2022-07-01,Monthly,Bank-bank Islam / Islamic banks,238.35072597999996,32340.07759331,47091.237103560015,24836.51720913999,104506.18263199
2022-07-01,Monthly,Bank-bank pelaburan / Investment banks,43.98926066,1064.4436151700002,138.08121635999998,295.24244524,1541.75653743
2022-07-01,Monthly,Institusi kewangan pembangunan / Development financial institutions,214.16400561000006,6195.029758280005,6332.54553243,6987.428544280001,19729.167840600006
2022-07-01,Monthly,Jumlah / Total,989.4570299900001,98152.12397402005,159542.42858925,86637.82385110999,345321.83344437013
2022-08-01,Monthly,Bank-bank perdagangan / Commercial banks,490.4659188299999,59211.891761390034,106524.69226518001,54089.0888927,220316.13883810004
2022-08-01,Monthly,Bank-bank Islam / Islamic banks,237.38900098000013,32664.255985139986,47852.21761505,25048.763539329993,105802.62614050001
2022-08-01,Monthly,Bank-bank pelaburan / Investment banks,43.99076248,1068.5972273399998,104.04968293,294.31596803,1510.9536407799997
2022-08-01,Monthly,Institusi kewangan pembangunan / Development financial institutions,214.03880489999992,6213.291825989995,6382.205005160003,7032.769083300002,19842.30471935
2022-08-01,Monthly,Jumlah / Total,985.88448719,99158.03679986001,160863.16456832,86464.93748335999,347472.02333873016
2022-09-01,Monthly,Bank-bank perdagangan / Commercial banks,475.1191098999998,59580.05199578001,106220.66416868012,53977.83912409001,220253.67439845012
2022-09-01,Monthly,Bank-bank Islam / Islamic banks,245.45503984000007,33046.55563564997,48682.39673969,25615.8602719,107590.26768707996
2022-09-01,Monthly,Bank-bank pelaburan / Investment banks,44.01954155000001,1073.47132295,96.56833547000001,322.35497265000004,1536.41417262
2022-09-01,Monthly,Institusi kewangan pembangunan / Development financial institutions,212.43037764,6224.760613110001,6456.11729334,7074.24441371,19967.5526978
2022-09-01,Monthly,Jumlah / Total,977.02406893,99924.83956749,161455.74653718012,86990.29878235,349347.90895595006
2022-10-01,Monthly,Bank-bank perdagangan / Commercial banks,484.7567851199999,59767.372297029964,106054.67519751003,54446.244228040014,220753.0485077
2022-10-01,Monthly,Bank-bank Islam / Islamic banks,246.4136594400001,33064.78177841001,49381.53801393,25899.751685890005,108592.48513767001
2022-10-01,Monthly,Bank-bank pelaburan / Investment banks,42.102502720000004,1088.47418695,97.57089598999998,187.8599092,1416.00749486
2022-10-01,Monthly,Institusi kewangan pembangunan / Development financial institutions,211.53687451999997,6271.230091450001,6448.93570857,7025.34631665,19957.04899119
2022-10-01,Monthly,Jumlah / Total,984.8098218,100191.85835383997,161982.71981600003,87559.20213978003,350718.59013142006
2022-11-01,Monthly,Bank-bank perdagangan / Commercial banks,545.40503432,60116.159938589975,106017.86500315003,53770.41413849,220449.84411454998
2022-11-01,Monthly,Bank-bank Islam / Islamic banks,245.98155490000005,33187.197481,49939.87484186997,25862.378047029993,109235.43192479995
2022-11-01,Monthly,Bank-bank pelaburan / Investment banks,42.057154600000004,1075.48169946,101.89437026999998,185.87987603999997,1405.3131003699998
2022-11-01,Monthly,Institusi kewangan pembangunan / Development financial institutions,208.44033792000002,6326.139012519999,6560.284221430003,7265.248902869999,20360.11247474
2022-11-01,Monthly,Jumlah / Total,1041.8840817400003,100704.97813156998,162619.91843672,87083.92096443,351450.70161446
2022-12-01,Monthly,Bank-bank perdagangan / Commercial banks,537.27280804,60103.14568095001,106901.59394267005,54379.558572099995,221921.57100376004
2022-12-01,Monthly,Bank-bank Islam / Islamic banks,247.62450436000006,34013.63626351001,50986.74927136,25989.096695239998,111237.10673447001
2022-12-01,Monthly,Bank-bank pelaburan / Investment banks,42.046843980000006,1086.04947902,106.54689672999997,175.32997888999998,1409.9731986200002
2022-12-01,Monthly,Institusi kewangan pembangunan / Development financial institutions,208.12509807,6432.457663660004,6728.919887109999,7295.667724319998,20665.17037316
2022-12-01,Monthly,Jumlah / Total,1035.06925445,101635.28908714003,164723.80999787006,87839.65297054999,355233.8213100101
2023-01-01,Monthly,Bank-bank perdagangan / Commercial banks,519.7688208099999,60091.80038907003,106730.67197478004,54250.596259609956,221592.8374442701
2023-01-01,Monthly,Bank-bank Islam / Islamic banks,246.80523286000002,34055.40730401001,51134.063113399985,26071.05545383999,111507.33110411
2023-01-01,Monthly,Bank-bank pelaburan / Investment banks,40.037538940000005,1084.7299157399996,110.78601440999999,174.44829141999998,1410.0017605099997
2023-01-01,Monthly,Institusi kewangan pembangunan / Development financial institutions,980.9983118699995,6424.095536820004,6925.095194230002,7319.859940660001,21650.04898358001
2023-01-01,Monthly,Jumlah / Total,1787.6099044799996,101656.03314564005,164900.61629682005,87815.95994552993,356160.21929247
2023-02-01,Monthly,Bank-bank perdagangan / Commercial banks,521.8656897400001,60074.86799697004,106954.75715665007,54361.76204755002,221913.25289091017
2023-02-01,Monthly,Bank-bank Islam / Islamic banks,247.1366145300001,34353.71604751999,51953.20703699999,26073.76094138999,112627.82064043997
2023-02-01,Monthly,Bank-bank pelaburan / Investment banks,40.00440309,1125.5163093400001,112.4157127,175.60333124,1453.5397563699998
2023-02-01,Monthly,Institusi kewangan pembangunan / Development financial institutions,981.0133998,6468.949047339996,6964.772373710002,7291.2919648900015,21706.026785740003
2023-02-01,Monthly,Jumlah / Total,1790.0201071600002,102023.04940117004,165985.15228006005,87902.41828507002,357700.64007346
2023-03-01,Monthly,Bank-bank perdagangan / Commercial banks,563.41761776,60701.64569206,107527.60926795004,54725.880901530036,223518.55347930006
2023-03-01,Monthly,Bank-bank Islam / Islamic banks,245.61934012,35084.751196000005,52888.240039430006,26563.249052989995,114781.85962854003
2023-03-01,Monthly,Bank-bank pelaburan / Investment banks,40.02430655,1137.16661835,111.27533045999999,170.64013628999996,1459.1063916499995
2023-03-01,Monthly,Institusi kewangan pembangunan / Development financial institutions,984.0826432299998,6517.2205721699975,7002.79149514,7290.420546090003,21794.515256630002
2023-03-01,Monthly,Jumlah / Total,1833.1439076599997,103440.78407858002,167529.91613298006,88750.19063690002,361554.03475612006
2023-04-01,Monthly,Bank-bank perdagangan / Commercial banks,565.8852074600002,60529.945327379995,106885.84119386999,53754.75075737999,221736.42248608998
2023-04-01,Monthly,Bank-bank Islam / Islamic banks,245.29857579999995,35020.74458304999,53136.18417981,26716.048352739996,115118.27569139998
2023-04-01,Monthly,Bank-bank pelaburan / Investment banks,37.99219926999999,1205.7189920499998,110.37180827999998,174.46782373000002,1528.55082333
2023-04-01,Monthly,Institusi kewangan pembangunan / Development financial institutions,984.5109549500002,6555.608625009995,7030.749763869998,7305.944557770002,21876.813901599995
2023-04-01,Monthly,Jumlah / Total,1833.6869374800003,103312.01752749,167163.14694582997,87951.21149162,360260.06290242
2023-05-01,Monthly,Bank-bank perdagangan / Commercial banks,576.8890276499999,61133.74072616997,107160.3324549499,54139.28127677,223010.2434855399
2023-05-01,Monthly,Bank-bank Islam / Islamic banks,244.69841858999993,35676.77976746001,54291.36522409003,26849.592302930014,117062.43571307004
2023-05-01,Monthly,Bank-bank pelaburan / Investment banks,38.00007008,1213.10311785,122.53681534,166.97318762,1540.61319089
2023-05-01,Monthly,Institusi kewangan pembangunan / Development financial institutions,981.4924965500005,6596.934994419994,7089.442299850002,7226.956669129999,21894.826459949996
2023-05-01,Monthly,Jumlah / Total,1841.0800128700005,104620.55860589996,168663.67679422992,88382.80343645,363508.11884945
2023-06-01,Monthly,Bank-bank perdagangan / Commercial banks,577.3302212699997,62065.002119690005,107678.0046400501,54354.124759509985,224674.46174052006
2023-06-01,Monthly,Bank-bank Islam / Islamic banks,478.13767501999996,36315.78256524997,55022.88329489001,27407.544801619988,119224.34833677996
2023-06-01,Monthly,Bank-bank pelaburan / Investment banks,37.97959805,1209.7910448100001,126.71753276999999,169.78980638,1544.2779820099997
2023-06-01,Monthly,Institusi kewangan pembangunan / Development financial institutions,979.74231436,6603.331288439995,7106.802837380002,7371.009678099998,22060.88611828
2023-06-01,Monthly,Jumlah / Total,2073.1898087,106193.90701818997,169934.4083050901,89302.46904560996,367503.97417759016
2023-07-01,Monthly,Bank-bank perdagangan / Commercial banks,573.3967378,62534.957378830004,107590.39724795,53941.87945110003,224640.63081568008
2023-07-01,Monthly,Bank-bank Islam / Islamic banks,474.92642320000004,37079.99617062,55494.66374689001,27607.625430589997,120657.2117713
2023-07-01,Monthly,Bank-bank pelaburan / Investment banks,35.72950131,1260.56782264,127.96635431999997,174.99648863,1599.2601668999998
2023-07-01,Monthly,Institusi kewangan pembangunan / Development financial institutions,979.5765661299997,6666.01330133,7181.356637979999,7395.400510259998,22222.347015699994
2023-07-01,Monthly,Jumlah / Total,2063.6292284399997,107541.53467342,170394.38398714003,89119.90188058002,369119.44976958004
2023-08-01,Monthly,Bank-bank perdagangan / Commercial banks,580.7596476400003,62622.23818475003,107512.53421590004,53519.29141987004,224234.82346816006
2023-08-01,Monthly,Bank-bank Islam / Islamic banks,480.02204102999997,37476.06482030001,56227.43665028,27518.571268579988,121702.09478019
2023-08-01,Monthly,Bank-bank pelaburan / Investment banks,25.70930815,1263.07986066,128.23176671000002,177.05189688000002,1594.0728324
2023-08-01,Monthly,Institusi kewangan pembangunan / Development financial institutions,977.2174125400002,6727.449040699999,7265.525647660001,7427.424717960001,22397.616818860002
2023-08-01,Monthly,Jumlah / Total,2063.70840936,108088.83190641004,171133.72828055004,88642.33930329003,369928.6078996102
2023-09-01,Monthly,Bank-bank perdagangan / Commercial banks,578.88824986,62719.518125819974,107987.69575172004,53837.25167399,225123.35380139004
2023-09-01,Monthly,Bank-bank Islam / Islamic banks,485.0214185599999,38813.28299141999,56878.50889976,28465.868092270015,124642.68140201001
2023-09-01,Monthly,Bank-bank pelaburan / Investment banks,33.71967827,1147.5176938099999,131.92040523,181.24304644000003,1494.40082375
2023-09-01,Monthly,Institusi kewangan pembangunan / Development financial institutions,970.3382140100003,6772.025883579997,7406.24377542,7331.868561770001,22480.476434779997
2023-09-01,Monthly,Jumlah / Total,2067.9675607000004,109452.34469462998,172404.36883213004,89816.23137447004,373740.9124619302
2023-10-01,Monthly,Bank-bank perdagangan / Commercial banks,579.7175953899998,61827.16602275,108346.2358677301,54281.022847989996,225034.1423338601
2023-10-01,Monthly,Bank-bank Islam / Islamic banks,492.2480661300002,40475.33841169002,57945.20964907,28958.70345773,127871.49958462003
2023-10-01,Monthly,Bank-bank pelaburan / Investment banks,32.096440539999996,1157.7208128500001,135.52752205,178.08737969999993,1503.4321551400003
2023-10-01,Monthly,Institusi kewangan pembangunan / Development financial institutions,968.23973766,6825.813988379996,7473.81256647,7362.527141169996,22630.393433679998
2023-10-01,Monthly,Jumlah / Total,2072.3018397200003,110286.03923567002,173900.78560532007,90780.34082658999,377039.4675073
2023-11-01,Monthly,Bank-bank perdagangan / Commercial banks,585.6789618700001,62149.18335033998,109131.71811045,54503.31693135001,226369.89735401
2023-11-01,Monthly,Bank-bank Islam / Islamic banks,488.85486237,41524.363496990016,58581.00636276002,29129.551632519993,129723.77635463998
2023-11-01,Monthly,Bank-bank pelaburan / Investment banks,32.0723864,1176.8052512699999,141.48609867000002,177.96865133000006,1528.3323876700006
2023-11-01,Monthly,Institusi kewangan pembangunan / Development financial institutions,965.74609565,6852.800625569996,7496.984107919998,7461.120525730001,22776.65135487
2023-11-01,Monthly,Jumlah / Total,2072.3523062900003,111703.15272416998,175351.1946798,91271.95774093001,380398.65745118994
2023-12-01,Monthly,Bank-bank perdagangan / Commercial banks,590.3096008699997,62999.96969422004,110091.84686676002,54936.6815975,228618.8077593501
2023-12-01,Monthly,Bank-bank Islam / Islamic banks,485.73919892999993,42567.39581076002,60270.45405683,29679.615578540004,133003.20464506003
2023-12-01,Monthly,Bank-bank pelaburan / Investment banks,42.09351023,1100.69902448,111.35481899,178.13176947000002,1432.27912317
2023-12-01,Monthly,Institusi kewangan pembangunan / Development financial institutions,970.3992033200003,6880.346830809997,7686.94197367,7516.200152599999,23053.888160399998
2023-12-01,Monthly,Jumlah / Total,2088.54151335,113548.41136027005,178160.59771625002,92310.62909811,386108.1796879801
2024-01-01,Monthly,Bank-bank perdagangan / Commercial banks,590.7633194499999,63307.950263109975,110760.61689846005,55012.653287580004,229671.9837686001
2024-01-01,Monthly,Bank-bank Islam / Islamic banks,258.22522485999997,42659.312152449966,60828.305955020005,29404.946244160004,133150.78957649
2024-01-01,Monthly,Bank-bank pelaburan / Investment banks,32.83326084,1077.0317600399999,143.51610117999996,184.3852767500001,1437.7663988100003
2024-01-01,Monthly,Institusi kewangan pembangunan / Development financial institutions,968.7401403899997,6886.178676849999,7577.672225760001,7537.366280870004,22969.957323870003
2024-01-01,Monthly,Jumlah / Total,1850.5619455399997,113930.47285244995,179310.11118042003,92139.35108936002,387230.4970677701
2024-02-01,Monthly,Bank-bank perdagangan / Commercial banks,577.0730867099998,64029.261090960055,110424.85901886997,54603.563095139994,229634.75629168
2024-02-01,Monthly,Bank-bank Islam / Islamic banks,259.6357965600001,42934.02594343002,61525.37133799999,29696.926762940002,134415.95984093
2024-02-01,Monthly,Bank-bank pelaburan / Investment banks,32.77694921,1061.44123658,131.07159174,186.91942956,1412.2092070899996
2024-02-01,Monthly,Institusi kewangan pembangunan / Development financial institutions,967.4078273199998,6958.296417289997,7688.92957918,7528.00660692,23142.640430709995
2024-02-01,Monthly,Jumlah / Total,1836.8936597999998,114983.02468826008,179770.23152779,92015.41589455999,388605.56577041006
2024-03-01,Monthly,Bank-bank perdagangan / Commercial banks,569.1639662499999,65728.85711352002,111518.90471336003,55699.09760750999,233516.02340064003
2024-03-01,Monthly,Bank-bank Islam / Islamic banks,260.6995604400001,43260.07507255998,62468.09422673999,29955.44180779999,135944.31066753998
2024-03-01,Monthly,Bank-bank pelaburan / Investment banks,32.78385803,1089.1217871300003,132.38856936000002,188.55861289,1442.8528274100006
2024-03-01,Monthly,Institusi kewangan pembangunan / Development financial institutions,966.6550635800002,7003.585570899997,7753.309114139999,7564.35389593,23287.903644549995
2024-03-01,Monthly,Jumlah / Total,1829.3024483,117081.63954410999,181872.69662360003,93407.45192412997,394191.09054013994
2024-04-01,Monthly,Bank-bank perdagangan / Commercial banks,585.7388039499999,65794.55948468999,110698.81066737007,55894.07477029999,232973.1837263101
2024-04-01,Monthly,Bank-bank Islam / Islamic banks,256.03816073,43638.942746450004,62971.11075609003,29904.11324990001,136770.20491317002
2024-04-01,Monthly,Bank-bank pelaburan / Investment banks,31.20389299,1087.01096385,134.12129403999998,215.21816158000001,1467.5543124600001
2024-04-01,Monthly,Institusi kewangan pembangunan / Development financial institutions,971.4061382200005,7033.655813800001,7668.21949889,7709.664472140002,23382.945923050003
2024-04-01,Monthly,Jumlah / Total,1844.3869958900004,117554.16900879,181472.26221639008,93723.07065392,394593.8888749901
2024-05-01,Monthly,Bank-bank perdagangan / Commercial banks,575.45396195,65837.64589198002,111165.94885394,56163.28237659001,233742.33108446
2024-05-01,Monthly,Bank-bank Islam / Islamic banks,259.43465198,44257.20886946,62991.93781871001,30324.525059960004,137833.10640010997
2024-05-01,Monthly,Bank-bank pelaburan / Investment banks,31.215816520000004,1089.46552139,129.16535448,215.75127708000002,1465.59796947
2024-05-01,Monthly,Institusi kewangan pembangunan / Development financial institutions,969.2896810299997,7077.137978270004,7666.445540550002,7715.820913719997,23428.69411357
2024-05-01,Monthly,Jumlah / Total,1835.3941114799995,118261.45826110002,181953.49756768,94419.37962735,396469.72956761
2024-06-01,Monthly,Bank-bank perdagangan / Commercial banks,587.9038599099999,66190.23162671003,112360.45691706003,59054.19359466002,238192.78599834008
2024-06-01,Monthly,Bank-bank Islam / Islamic banks,260.61549496,44807.01990020999,63665.925905220014,30658.276489650005,139391.83779004
2024-06-01,Monthly,Bank-bank pelaburan / Investment banks,32.44720415,1106.03625637,136.6001396,237.95869537,1513.04229549
2024-06-01,Monthly,Institusi kewangan pembangunan / Development financial institutions,964.55393,7093.396572279999,7714.098927510004,7669.120583000002,23441.170012790008
2024-06-01,Monthly,Jumlah / Total,1845.52048902,119196.68435557,183877.08188939004,97619.54936268002,402538.8360966601
2024-07-01,Monthly,Bank-bank perdagangan / Commercial banks,570.2384756299999,65751.86111001005,112025.35288434,57755.391622970004,236102.84409295002
2024-07-01,Monthly,Bank-bank Islam / Islamic banks,263.5792632,42555.592322799996,64044.77552540001,31127.55323919,137991.50035059004
2024-07-01,Monthly,Bank-bank pelaburan / Investment banks,30.788238779999997,1128.3805708700002,137.01309386,238.078479,1534.26038251
2024-07-01,Monthly,Institusi kewangan pembangunan / Development financial institutions,960.50050294,7051.331207129992,7753.981460809999,7646.149233669997,23411.962404549984
2024-07-01,Monthly,Jumlah / Total,1825.1064805499998,116487.16521081002,183961.12296441,96767.17257483001,399040.56723059993
2024-08-01,Monthly,Bank-bank perdagangan / Commercial banks,570.6317576399999,66155.24118929998,112375.49850941004,58971.61332944997,238072.98478579998
2024-08-01,Monthly,Bank-bank Islam / Islamic banks,266.98704208000004,42450.95758661999,64992.83592222,31127.372723569995,138838.15327449
2024-08-01,Monthly,Bank-bank pelaburan / Investment banks,30.76894753,1156.1018093200003,129.93169436,240.43096840999996,1557.23341962
2024-08-01,Monthly,Institusi kewangan pembangunan / Development financial institutions,946.17262196,7095.157457759996,7807.106896980001,7819.603147000002,23668.0401237
2024-08-01,Monthly,Jumlah / Total,1814.56036921,116857.45804299996,185305.37302297004,98159.02016842997,402136.4116036099
2024-09-01,Monthly,Bank-bank perdagangan / Commercial banks,567.1392173500003,66826.22796379,112799.79818125005,58719.196075749955,238912.36143813998
2024-09-01,Monthly,Bank-bank Islam / Islamic banks,270.3034983899999,42112.91803037001,65677.57856112,31307.170092789966,139367.97018267002
2024-09-01,Monthly,Bank-bank pelaburan / Investment banks,30.75974642,1151.25045723,146.93772796000002,234.42485273000003,1563.3727843399997
2024-09-01,Monthly,Institusi kewangan pembangunan / Development financial institutions,934.6754803599994,7132.234416199998,8182.1323444699965,7947.269778070001,24196.312019099998
2024-09-01,Monthly,Jumlah / Total,1802.87794252,117222.63086759002,186806.44681480006,98208.06079933992,404040.01642424986
2024-10-01,Monthly,Bank-bank perdagangan / Commercial banks,568.00145117,67568.34478207004,112732.15534738,59132.73547579,240001.23705641003
2024-10-01,Monthly,Bank-bank Islam / Islamic banks,273.37031182999993,42116.12970202,66179.92187859997,31642.753274109993,140212.17516655996
2024-10-01,Monthly,Bank-bank pelaburan / Investment banks,29.10401021,1143.7044128299997,144.32200795999998,234.53352298,1551.6639539799996
2024-10-01,Monthly,Institusi kewangan pembangunan / Development financial institutions,920.88678105,7088.995982110005,8306.674125059999,8038.340423279998,24354.8973115
2024-10-01,Monthly,Jumlah / Total,1791.3625542599998,117917.17487903005,187363.073359,99048.36269616,406119.97348845
2024-11-01,Monthly,Bank-bank perdagangan / Commercial banks,649.1082427399999,68540.30738091,113295.71140367998,58989.365678569964,241474.49270589993
2024-11-01,Monthly,Bank-bank Islam / Islamic banks,243.44596691000018,42425.361601110024,66690.13988661,32017.18937631999,141376.13683095
2024-11-01,Monthly,Bank-bank pelaburan / Investment banks,39.120346399999995,1138.2449838,166.07512368999997,234.70255019000004,1578.1430040799999
2024-11-01,Monthly,Institusi kewangan pembangunan / Development financial institutions,909.5969883899994,7143.754672459993,8307.65247247,8114.702081320003,24475.706214639995
2024-11-01,Monthly,Jumlah / Total,1841.2715444399996,119247.66863828001,188459.57888644998,99355.95968639996,408904.4787555699
2024-12-01,Monthly,Bank-bank perdagangan / Commercial banks,636.99758051,70271.04710099997,113953.86931876995,59618.870591360006,244480.78459163997
2024-12-01,Monthly,Bank-bank Islam / Islamic banks,247.01992329,42446.171303759984,68197.66402258001,32511.201753179994,143402.05700281
2024-12-01,Monthly,Bank-bank pelaburan / Investment banks,39.058857599999996,1157.21202062,171.30303396000002,233.75992148000006,1601.33383366
2024-12-01,Monthly,Institusi kewangan pembangunan / Development financial institutions,899.2738379600003,7176.403804710002,8649.905166849998,7381.646121459996,24107.22893098
2024-12-01,Monthly,Jumlah / Total,1822.35019936,121050.83423008997,190972.74154216,99745.47838747999,413591.40435908985
2025-01-01,Monthly,Bank-bank perdagangan / Commercial banks,632.5663775099999,71790.62104392998,114751.66387892996,58668.656249640015,245843.50755001
2025-01-01,Monthly,Bank-bank Islam / Islamic banks,244.98899007999995,42457.81187924,68385.07564343001,32498.635082489996,143586.51159524
2025-01-01,Monthly,Bank-bank pelaburan / Investment banks,37.32671322,1096.0736429300002,173.78274169000002,255.07207777000002,1562.2551756100006
2025-01-01,Monthly,Institusi kewangan pembangunan / Development financial institutions,875.60657746,7146.397103630003,8571.511880750002,7342.018223280004,23935.533785120002
2025-01-01,Monthly,Jumlah / Total,1790.48865827,122490.90366972997,191882.03414479998,98764.38163318002,414927.8081059801
2025-02-01,Monthly,Bank-bank perdagangan / Commercial banks,637.3834297999996,71573.93525182002,114555.71284141004,57355.39345223003,244122.4249752601
2025-02-01,Monthly,Bank-bank Islam / Islamic banks,243.31024447000007,42198.82440434,69240.77510127997,32822.295903700004,144505.20565378998
2025-02-01,Monthly,Bank-bank pelaburan / Investment banks,37.310692659999994,1096.61697357,167.10929548,230.34465024999992,1531.3816119599999
2025-02-01,Monthly,Institusi kewangan pembangunan / Development financial institutions,861.6972019299998,7213.500277590003,8621.11486238,7357.989286029996,24054.30162792999
2025-02-01,Monthly,Jumlah / Total,1779.7015688599997,122082.87690732002,192584.71210055,97766.02329221004,414213.31386894
2025-03-01,Monthly,Bank-bank perdagangan / Commercial banks,652.84451575,72381.38556660003,115451.85557560007,58201.252559169996,246687.33821712012
2025-03-01,Monthly,Bank-bank Islam / Islamic banks,244.28410678999998,42735.68301442998,69895.96070918003,33389.3760557,146265.30388610004
2025-03-01,Monthly,Bank-bank pelaburan / Investment banks,37.3161833,1110.7823751499996,164.23823899999996,229.33407257,1541.67087002
2025-03-01,Monthly,Institusi kewangan pembangunan / Development financial institutions,850.9011656300002,7287.752644270005,8618.933258779998,7371.846039089998,24129.43310777
2025-03-01,Monthly,Jumlah / Total,1785.34597147,123515.60360045003,194130.98778256009,99191.80872653,418623.74608101015
2025-04-01,Monthly,Bank-bank perdagangan / Commercial banks,665.0333882299997,73020.32291721001,115247.47056952,57806.93287308,246739.75974803997
2025-04-01,Monthly,Bank-bank Islam / Islamic banks,250.32703584999996,42841.80171158999,70089.81407473997,33494.764731920004,146676.7075541
2025-04-01,Monthly,Bank-bank pelaburan / Investment banks,36.00102426,1173.2348392200004,166.92414209000003,228.43242454999998,1604.59243012
2025-04-01,Monthly,Institusi kewangan pembangunan / Development financial institutions,839.8521693199995,7202.061960230008,8690.458196879994,7306.775733579997,24039.148060009997
2025-04-01,Monthly,Jumlah / Total,1791.2136176599993,124237.42142825,194194.66698322995,98836.90576313001,419060.2077922698
2025-05-01,Monthly,Bank-bank perdagangan / Commercial banks,668.00143693,74323.93786014004,114840.45785411996,57181.89797744001,247014.29512863
2025-05-01,Monthly,Bank-bank Islam / Islamic banks,252.08539027000003,42767.45761111002,70622.82250780003,33765.962023410015,147408.32753259005
2025-05-01,Monthly,Bank-bank pelaburan / Investment banks,35.99067115,1192.2481900899998,167.64636464,225.82210148000001,1621.70732736
2025-05-01,Monthly,Institusi kewangan pembangunan / Development financial institutions,834.58235914,7192.522557940004,8688.96092091,7373.182401870001,24089.248239860008
2025-05-01,Monthly,Jumlah / Total,1790.6598574899997,125476.16621928006,194319.88764746996,98546.86450420003,420133.57822844014
2025-06-01,Monthly,Bank-bank perdagangan / Commercial banks,706.05492048,75409.24216416002,117020.87850116994,57529.477815270024,250665.65340108
2025-06-01,Monthly,Bank-bank Islam / Islamic banks,247.2181164299999,43916.21614173001,71579.49007717002,34399.197941939994,150142.12227727
2025-06-01,Monthly,Bank-bank pelaburan / Investment banks,35.980408229999995,1227.53693016,189.7443362,228.45916685,1681.7208414400006
2025-06-01,Monthly,Institusi kewangan pembangunan / Development financial institutions,812.4452090399999,7168.512194900009,8708.425361769998,7483.798219130002,24173.180984840008
2025-06-01,Monthly,Jumlah / Total,1801.6986541799997,127721.50743095005,197498.53827630993,99640.93314319004,426662.6775046301
2025-07-01,Monthly,Bank-bank perdagangan / Commercial banks,734.4228713099997,76563.48342246997,116510.98732869005,57446.67995035002,251255.57357282008
2025-07-01,Monthly,Bank-bank Islam / Islamic banks,255.18672744999986,43000.99177886999,72471.72720193997,34996.23234196003,150724.13805022
2025-07-01,Monthly,Bank-bank pelaburan / Investment banks,35.96536097,1233.8202071399996,192.61387329000002,228.88901518,1691.28845658
2025-07-01,Monthly,Institusi kewangan pembangunan / Development financial institutions,804.28970285,7146.107858949985,8771.62231613,7511.317844349997,24233.33772227998
2025-07-01,Monthly,Jumlah / Total,1829.8646625799995,127944.40326742994,197946.95072005002,100183.11915184006,427904.3378018999
2025-08-01,Monthly,Bank-bank perdagangan / Commercial banks,749.6732441900006,77979.00055352002,116319.59257688,57659.08269225999,252707.34906685003
2025-08-01,Monthly,Bank-bank Islam / Islamic banks,254.15095111000002,43405.254644299996,73541.98766114001,35413.43282299999,152614.82607955002
2025-08-01,Monthly,Bank-bank pelaburan / Investment banks,35.934039430000006,1179.446868,266.63529152,223.98528536000003,1706.0014843100003
2025-08-01,Monthly,Institusi kewangan pembangunan / Development financial institutions,795.5115578099993,7131.416617429999,8902.943340740005,7170.277719320001,24000.1492353
2025-08-01,Monthly,Jumlah / Total,1835.26979254,129695.11868325001,199031.15887028002,100466.77851993997,431028.3258660099
2025-09-01,Monthly,Bank-bank perdagangan / Commercial banks,758.7406631400004,76595.57414080999,117309.73715109003,59088.46261695001,253752.51457199006
2025-09-01,Monthly,Bank-bank Islam / Islamic banks,252.09217619,43494.126272880014,74110.51563281001,35782.26973674,153639.00381862003
2025-09-01,Monthly,Bank-bank pelaburan / Investment banks,35.921568269999995,1211.48840409,253.43090480000004,253.17462271999997,1754.01549988
2025-09-01,Monthly,Institusi kewangan pembangunan / Development financial institutions,785.5859418599999,7325.96575034,8746.388906850001,7132.006347000003,23989.946946050008
2025-09-01,Monthly,Jumlah / Total,1832.3403494600002,128627.15456812,200420.07259555004,102255.91332341002,433135.48083654017
2025-10-01,Monthly,Bank-bank perdagangan / Commercial banks,772.6506922200008,76394.05507571001,117241.95544555005,59011.12894209003,253419.79015557008
2025-10-01,Monthly,Bank-bank Islam / Islamic banks,255.28801573000007,43903.64755336001,74836.37806306001,35754.73652705,154750.05015920004
2025-10-01,Monthly,Bank-bank pelaburan / Investment banks,32.79029803,1195.1731254000001,246.71691721,233.0072902500001,1707.6876308900003
2025-10-01,Monthly,Institusi kewangan pembangunan / Development financial institutions,785.9884588299996,7431.608887999996,8779.58394444,7152.936528059998,24150.117819329993
2025-10-01,Monthly,Jumlah / Total,1846.7174648100004,128924.48464247001,201104.63437026006,102151.80928745003,434027.6457649902
2025-11-01,Monthly,Bank-bank perdagangan / Commercial banks,778.2770374399997,76556.57495411995,117098.53546940001,59714.035064999975,254147.42252595996
2025-11-01,Monthly,Bank-bank Islam / Islamic banks,255.01186763999996,45367.44821226999,74762.44702862002,35313.68783492,155698.59494345
2025-11-01,Monthly,Bank-bank pelaburan / Investment banks,32.80601863,1184.2270698700002,250.38027196000002,233.26145610000006,1700.6748165600002
2025-11-01,Monthly,Institusi kewangan pembangunan / Development financial institutions,786.9566584400001,7451.0068053899995,8855.868328239998,7235.588510689997,24329.420302759994
2025-11-01,Monthly,Jumlah / Total,1853.0515821499998,130559.25704164994,200967.23109822004,102496.57286670996,435876.11258872994
2025-12-01,Monthly,Bank-bank perdagangan / Commercial banks,799.4306868300002,75973.93517535999,117094.93761428993,59911.24890061999,253779.55237709996
2025-12-01,Monthly,Bank-bank Islam / Islamic banks,255.91728061,46187.88650665,75898.01908453998,35805.893360409995,158147.71623221
2025-12-01,Monthly,Bank-bank pelaburan / Investment banks,32.79311342,1280.3286471499998,285.87726259,234.95266147000007,1833.9516846299998
2025-12-01,Monthly,Institusi kewangan pembangunan / Development financial institutions,786.2198994000001,7495.388697399998,8826.225966079994,7041.770567469999,24149.60513034999
2025-12-01,Monthly,Jumlah / Total,1874.3609802600004,130937.53902655999,202105.0599274999,102993.86548996999,437910.82542429
2026-01-01,Monthly,Bank-bank perdagangan / Commercial banks,800.0169461399998,76551.46393665003,117506.01245303998,58520.31994147,253377.81327730004
2026-01-01,Monthly,Bank-bank Islam / Islamic banks,255.38741615,47148.24797609998,76225.97520970998,35548.65017249001,159178.26077444997
2026-01-01,Monthly,Bank-bank pelaburan / Investment banks,31.08648097,1289.0599582899997,280.85777427999994,238.58540749000002,1839.5896210299998
2026-01-01,Monthly,Institusi kewangan pembangunan / Development financial institutions,785.5450835099999,7482.715485320006,8913.94379075,6893.384977800001,24075.58933738001
2026-01-01,Monthly,Jumlah / Total,1872.0359267699996,132471.48735636,202926.78922777995,101200.94049925,438471.25301016006
2026-02-01,Monthly,Bank-bank perdagangan / Commercial banks,788.5918405599996,76205.79320261005,117338.26387526002,59150.36686686,253483.01578529004
2026-02-01,Monthly,Bank-bank Islam / Islamic banks,253.09221922999996,47377.706942100005,77744.88183479999,36175.525183420024,161551.20617955
2026-02-01,Monthly,Bank-bank pelaburan / Investment banks,31.068886489999997,1285.1282317900002,291.92059117,234.32272841,1842.4404378600004
2026-02-01,Monthly,Institusi kewangan pembangunan / Development financial institutions,786.2174273800008,7412.662035770009,8917.88205698,6541.440371560001,23658.20189169001
2026-02-01,Monthly,Jumlah / Total,1858.9703736600004,132281.29041227006,204292.94835821,102101.65515025004,440534.86429439
2026-03-01,Monthly,Bank-bank perdagangan / Commercial banks,798.1350529000003,76877.14125872002,118254.18468441996,60032.39360849003,255961.85460452994
2026-03-01,Monthly,Bank-bank Islam / Islamic banks,249.83214826999995,47197.07529843004,78305.72227419005,36636.765935189986,162389.39565608013
2026-03-01,Monthly,Bank-bank pelaburan / Investment banks,31.077425450000003,1251.5459276800002,303.92613835,210.09485123000002,1796.6443427099998
2026-03-01,Monthly,Institusi kewangan pembangunan / Development financial institutions,787.9330756700007,7280.126430910001,9177.40145761,6109.118092630001,23354.57905682
2026-03-01,Monthly,Jumlah / Total,1866.977702290001,132605.88891574004,206041.23455457,102988.37248754001,443502.4736601401
2026-04-01,Monthly,Bank-bank perdagangan / Commercial banks,802.8078412099999,76861.49429391003,118049.19586197993,60186.548405589994,255900.04640269
2026-04-01,Monthly,Bank-bank Islam / Islamic banks,246.99160953999996,44654.97246454001,78408.33878242,37006.68145458001,160316.98431108
2026-04-01,Monthly,Bank-bank pelaburan / Investment banks,29.76686147,1187.77938268,302.90151811000004,215.71921038000002,1736.16697264
2026-04-01,Monthly,Institusi kewangan pembangunan / Development financial institutions,789.0225812900006,7296.458480879997,9083.1362074,6161.779222470001,23330.396492039992
2026-04-01,Monthly,Jumlah / Total,1868.5888935100006,130000.70462201005,205843.5723699099,103570.72829302,441283.59417844994
