date,frequency,life_direct_insurers,paid_up_capital,premium_share_premium_account,reserves,retained_profit_loss,shareholders_equity_total,assets_revaluation_reserves,other_liabilities,total_liabilities,property_plant_and_equipment,loans,malaysian_government_papers_guaranteed_loans,corporate_debt_securities,other_investments,investments_total,investment_properties,cash_and_deposits,other_assets,foreign_assets,total_assets
2009-01-01,Semi-annual,53202.4,1426.0,16.0,5.3,512.3,1959.6,2027.5,5765.6,62955.0,790.2,5272.8,10077.6,34752.3,1548.4,46378.3,839.7,7091.9,1133.4,1448.8,62955.0
2009-01-01,Semi-annual,3260.7,3599.3,620.4,302.4,1305.7,5827.8,111.8,8091.6,17485.2,578.1,121.0,2524.8,5045.7,378.0,7948.5,119.8,6437.7,2239.8,40.4,17485.2
2009-01-01,Semi-annual,50179.1,1084.1,42.5,64.8,2337.4,3528.8,499.6,8048.4,62128.3,937.4,6738.3,9202.5,32621.5,1085.5,42909.5,1742.1,6851.1,1766.8,1183.1,62128.3
2009-01-01,Semi-annual,53202.4,1426.0,16.0,5.3,512.3,1959.6,2027.5,5765.6,62955.0,790.2,5272.8,10077.6,34752.3,1548.4,46378.3,839.7,7091.9,1133.4,1448.8,62955.0
2009-01-01,Semi-annual,3336.0,3599.3,620.4,302.4,1305.7,5827.8,125.0,8279.4,17927.3,578.1,121.0,2524.8,5046.3,378.0,7949.2,119.8,6502.5,2241.4,415.4,17927.3
2009-01-01,Semi-annual,50182.3,1084.1,42.5,64.8,2337.4,3528.8,499.7,8094.7,62233.6,937.5,6738.3,9207.2,32621.5,1085.5,42914.3,1742.1,6942.5,1775.9,1183.1,62233.6
2009-01-01,Semi-annual,556.6,301.0,500.0,-0.1,142.5,943.4,14.4,989.3,2476.9,99.9,9.0,170.4,900.8,64.3,1135.5,56.7,875.7,299.8,0.3,2476.9
2009-07-01,Semi-annual,55138.1,1426.0,16.0,29.7,1180.3,2652.0,3137.1,6252.5,67179.8,799.5,5426.6,10308.7,38688.5,1356.3,50353.6,894.9,6588.5,1161.0,1955.8,67179.8
2009-07-01,Semi-annual,3219.1,3430.3,620.4,284.4,2096.2,6431.3,92.5,7813.4,17472.2,553.2,103.5,2606.6,4997.9,864.8,8469.2,124.4,6182.1,1990.9,48.8,17472.2
2009-07-01,Semi-annual,53062.7,1084.1,42.5,81.6,3187.6,4395.8,1229.1,7558.8,66187.4,1003.9,6275.9,9536.6,36760.3,1263.5,47560.4,1730.9,6604.6,1567.0,1444.6,66187.4
2009-07-01,Semi-annual,55138.1,1426.0,16.0,29.7,1180.3,2652.0,3137.1,6252.5,67179.8,799.5,5426.6,10308.7,38688.5,1356.3,50353.6,894.9,6588.5,1161.0,1955.8,67179.8
2009-07-01,Semi-annual,3243.2,3430.3,620.4,284.4,2096.2,6431.3,92.5,7879.3,17664.5,553.2,103.5,2606.6,5011.3,864.8,8482.6,124.4,6251.4,1992.3,157.1,17664.5
2009-07-01,Semi-annual,53123.0,1084.1,42.5,81.6,3187.6,4395.8,1230.5,7725.9,66531.6,1003.9,6275.9,9541.4,36761.1,1263.5,47566.0,1730.9,6614.6,1573.0,1767.2,66531.6
2009-07-01,Semi-annual,574.9,801.0,0.0,0.6,163.7,965.3,16.9,1029.1,2630.8,96.6,8.3,193.0,917.5,94.4,1204.9,83.4,895.6,324.5,17.5,2630.8
2010-01-01,Semi-annual,57672.0,1429.6,16.0,39.4,722.5,2207.5,3447.7,6404.1,69731.3,787.1,5347.8,10127.3,41774.3,1382.9,53284.5,894.8,6129.8,1170.7,2116.6,69731.3
2010-01-01,Semi-annual,3421.3,3483.1,692.0,272.1,2095.3,6542.5,95.1,8348.9,18815.4,549.5,96.8,2538.3,4658.3,2094.6,9291.2,112.7,6540.7,2180.3,44.2,18815.4
2010-01-01,Semi-annual,55273.6,1084.1,42.5,92.7,3015.9,4235.2,1757.6,8304.2,69473.7,993.6,5929.0,10410.7,38930.2,1530.1,50871.0,1691.2,6635.3,1838.7,1514.9,69473.7
2010-01-01,Semi-annual,57672.0,1429.6,16.0,39.4,722.5,2207.5,3447.7,6404.1,69731.3,787.1,5347.8,10127.3,41774.3,1382.9,53284.5,894.8,6129.8,1170.7,2116.6,69731.3
2010-01-01,Semi-annual,3447.7,3483.1,692.0,272.1,2095.3,6542.5,110.2,8407.5,18997.0,549.5,96.8,2538.3,4672.7,2094.6,9305.6,112.7,6605.9,2181.6,144.9,18997.0
2010-01-01,Semi-annual,55320.7,1084.1,42.5,92.7,3015.9,4235.2,1750.5,8463.9,69793.8,993.6,5929.0,10415.6,38931.0,1530.1,50876.6,1691.2,6646.9,1838.8,1817.6,69793.8
2010-01-01,Semi-annual,410.4,801.0,0.0,19.7,234.4,1055.0,1.0,1290.8,2787.8,94.5,7.3,205.0,1070.2,101.5,1376.7,83.4,849.5,368.6,7.8,2787.8
2010-07-01,Semi-annual,59297.7,1605.6,16.0,48.8,1249.1,2919.5,5054.8,7754.1,75026.2,863.8,5788.8,11343.7,45095.2,1388.5,57827.4,1100.8,4952.9,1544.4,2948.1,75026.2
2010-07-01,Semi-annual,3464.4,3644.3,1320.7,334.1,2674.4,7973.5,130.3,8899.4,20633.7,564.4,92.2,2700.5,5107.5,2338.0,10145.9,116.8,6818.1,2834.6,61.6,20633.7
2010-07-01,Semi-annual,59273.9,884.1,42.5,114.3,3007.1,4048.0,2406.5,8271.9,73941.7,949.9,5149.9,10929.2,44301.4,1740.1,56970.6,1434.9,5917.0,1703.4,1816.0,73941.7
2010-07-01,Semi-annual,59297.7,1605.6,16.0,48.8,1249.1,2919.5,5054.8,7754.1,75026.2,863.8,5788.8,11343.7,45095.2,1388.5,57827.4,1100.8,4952.9,1544.4,2948.1,75026.2
2010-07-01,Semi-annual,3491.8,3644.3,1320.7,334.1,2674.4,7973.5,130.3,8973.1,20839.4,564.4,92.2,2700.5,5123.1,2338.0,10161.6,116.8,6884.5,2835.1,184.7,20839.4
2010-07-01,Semi-annual,59314.9,884.1,42.5,114.3,3007.1,4048.0,2402.5,8443.5,74242.8,949.9,5149.9,10934.1,44301.4,1740.1,56975.5,1434.9,5917.0,1703.4,2112.2,74242.8
2010-07-01,Semi-annual,447.3,801.0,0.0,5.5,240.4,1046.9,13.7,1457.9,3046.7,93.9,7.1,217.0,1118.8,155.8,1491.7,88.6,985.0,365.4,15.0,3046.7
2011-01-01,Semi-annual,62700.9,1605.6,16.0,56.1,1044.8,2722.5,5455.0,8214.1,79092.5,859.3,5832.4,9363.3,47898.8,1409.8,58671.9,1108.5,7616.4,1427.2,3576.8,79092.5
2011-01-01,Semi-annual,3756.7,3502.0,1254.5,299.6,2757.8,7813.9,209.0,9266.0,21480.0,573.3,78.5,2742.4,4979.8,2412.1,10134.3,142.1,7014.6,3482.3,54.8,21480.0
2011-01-01,Semi-annual,62768.8,884.1,42.5,148.7,2635.0,3710.3,1374.0,8553.0,76386.0,941.1,5132.2,12581.7,45043.0,1757.4,59382.1,1409.1,5831.8,2014.0,1675.7,76386.0
2011-01-01,Semi-annual,62700.9,1605.6,16.0,56.1,1044.8,2722.5,5455.0,8214.1,79092.5,859.3,5832.4,9363.3,47898.8,1409.8,58671.9,1108.5,7616.4,1427.2,3576.8,79092.5
2011-01-01,Semi-annual,3787.5,3502.0,1254.5,299.6,2757.8,7813.9,225.5,9352.0,21705.4,573.3,78.5,2742.4,4995.8,2412.1,10150.3,142.1,7084.8,3482.8,193.5,21705.4
2011-01-01,Semi-annual,62812.9,884.1,42.5,148.7,2635.0,3710.3,1374.0,8742.5,76696.8,941.1,5132.2,12586.6,45043.0,1757.4,59387.1,1409.1,5831.8,2014.0,1981.5,76696.8
2011-01-01,Semi-annual,440.7,811.0,0.0,6.1,365.2,1182.2,13.0,1553.3,3215.1,94.4,6.1,233.7,1159.4,196.3,1589.4,59.6,1002.6,445.6,17.6,3215.1
2011-07-01,Semi-annual,64928.6,1619.6,16.0,52.3,1554.6,3242.5,4950.8,8619.7,81741.5,859.3,5835.9,12446.5,46525.7,1421.2,60393.4,1100.0,8731.5,1408.8,3423.6,81741.5
2011-07-01,Semi-annual,3756.1,3502.0,1254.5,353.9,3537.7,8648.1,145.7,9351.5,21891.4,562.6,78.6,3079.8,4948.0,2712.0,10739.8,125.3,6952.3,3389.4,43.3,21891.4
2011-07-01,Semi-annual,63190.8,1313.1,42.5,143.4,3545.7,5044.7,1335.5,8736.9,78225.9,942.3,5125.3,13865.4,43970.9,1679.7,59515.9,1269.4,8013.5,1963.1,1396.4,78225.9
2011-07-01,Semi-annual,64928.6,1619.6,16.0,52.3,1554.6,3242.5,4950.8,8619.7,81741.5,848.4,5835.9,12446.5,46525.7,1421.2,60393.4,1100.0,8731.5,1408.8,3423.6,81741.5
2011-07-01,Semi-annual,3787.0,3502.0,1254.5,353.9,3537.7,8648.1,145.7,9445.8,22124.1,562.6,78.6,3079.8,4963.9,2712.0,10755.7,125.3,7022.8,3390.6,188.5,22124.1
2011-07-01,Semi-annual,63234.7,1313.1,42.5,143.4,3545.7,5044.7,1335.5,8927.3,78555.8,942.3,5125.3,13865.4,43970.9,1679.7,59515.9,1269.4,8013.5,1963.1,1726.3,78555.8
2011-07-01,Semi-annual,444.0,811.0,0.0,7.8,357.6,1176.3,17.8,1664.9,3328.6,94.6,5.3,247.1,1297.9,202.6,1747.6,38.8,926.9,489.2,26.3,3328.6
2012-01-01,Semi-annual,68586.3,1619.6,16.0,67.1,1161.9,2864.7,5560.6,9389.3,86400.9,842.0,5907.7,12219.6,51723.4,1520.5,65463.5,1092.4,7032.6,1636.0,4426.9,86400.9
2012-01-01,Semi-annual,3994.4,3402.0,1254.5,329.7,3370.7,8356.9,147.4,9828.4,22872.1,561.9,97.7,3146.2,4414.6,3678.2,11238.9,118.4,7094.5,3721.1,39.5,22872.1
2012-01-01,Semi-annual,66235.8,1313.1,42.5,157.4,2808.2,4321.2,1361.3,9110.7,81024.8,968.4,5098.3,14935.2,47972.5,1885.7,64793.3,1267.2,5459.7,2209.3,1228.6,81024.8
2012-01-01,Semi-annual,68586.3,1619.6,16.0,67.1,1161.9,2864.7,5560.6,9389.3,86400.9,842.0,5907.7,12219.6,51723.4,1520.5,65463.5,1092.4,7032.6,1636.0,4426.9,86400.9
2012-01-01,Semi-annual,4025.6,3402.0,1254.5,329.7,3370.7,8356.9,164.2,9929.2,23086.4,561.9,97.7,3146.2,4431.2,3678.2,11255.5,118.4,7138.5,3721.7,192.7,23086.4
2012-01-01,Semi-annual,66283.5,1313.1,42.5,157.4,2808.2,4321.2,1370.1,9303.2,81368.7,968.4,5098.3,14935.2,47972.5,1885.7,64793.3,1267.2,5459.7,2209.3,1572.5,81368.7
2012-01-01,Semi-annual,490.9,816.0,20.0,7.8,414.3,1258.1,39.1,1653.0,3494.7,131.6,4.9,256.0,1340.7,119.1,1715.8,38.8,957.0,614.2,32.4,3494.7
2012-07-01,Semi-annual,72378.0,1641.6,16.0,73.4,1800.7,3531.8,5306.4,10048.9,91265.1,835.4,6532.0,12773.9,55329.1,3676.7,71779.7,1117.3,6245.5,1567.6,3187.6,91265.1
2012-07-01,Semi-annual,4141.0,4357.5,2153.5,212.2,4342.5,11065.7,54.5,9973.2,25476.3,509.1,93.0,3345.9,6269.9,4747.2,14363.0,96.5,6662.1,3737.7,14.9,25476.3
2012-07-01,Semi-annual,69667.2,1313.1,42.5,177.2,3703.9,5236.8,797.5,10006.4,85614.5,916.7,5117.7,13667.7,53501.9,2243.5,69413.1,1315.4,5023.9,2177.2,1650.5,85614.5
2012-07-01,Semi-annual,72378.0,1641.6,16.0,73.4,1800.7,3531.8,5306.4,10048.9,91265.1,835.4,6532.0,12773.9,55329.1,3676.7,71779.7,1117.3,6245.5,1567.6,3187.6,91265.1
2012-07-01,Semi-annual,4168.9,4357.5,2153.5,212.2,4342.5,11065.7,54.5,10070.4,25677.1,509.1,93.0,3345.9,6289.5,4747.2,14382.6,96.5,6685.8,3738.3,171.8,25677.1
2012-07-01,Semi-annual,69717.5,1313.1,42.5,177.2,3703.9,5236.8,797.5,10191.0,85964.2,916.7,5117.7,13667.7,53501.9,2243.5,69413.1,1315.4,5023.9,2177.2,2000.2,85964.2
2012-07-01,Semi-annual,430.9,816.0,20.0,7.4,427.6,1271.0,39.0,1746.3,3571.6,131.7,4.2,268.9,1408.7,122.3,1799.8,37.8,980.1,537.4,80.5,3571.6
2013-01-01,Semi-annual,75606.9,1741.6,16.0,83.8,1263.5,3104.9,5900.7,11341.2,95953.6,863.2,6810.6,13344.9,57163.8,5016.5,75525.3,1117.5,6663.8,1743.3,3229.9,95953.6
2013-01-01,Semi-annual,4508.6,3473.6,1668.4,202.2,4017.0,9361.2,52.7,10476.8,24971.0,542.3,83.7,3254.8,4754.8,5387.1,13396.6,93.6,6750.4,4092.7,11.6,24971.0
2013-01-01,Semi-annual,73490.0,1698.9,725.9,137.3,1955.2,4517.3,589.6,9931.7,88532.1,957.8,5124.7,12498.5,56852.9,2487.2,71838.6,1267.5,4736.9,2586.0,2020.4,88532.1
2013-01-01,Semi-annual,75606.9,1741.6,16.0,83.8,1263.5,3104.9,5900.7,11341.2,95953.6,863.2,6810.6,13344.9,57163.8,5016.5,75525.3,1117.5,6663.8,1743.3,3229.9,95953.6
2013-01-01,Semi-annual,4534.4,3473.6,1668.4,202.2,4017.0,9361.2,70.0,10575.7,25184.4,542.3,83.7,3254.8,4775.3,5387.1,13417.1,93.6,6779.4,4093.1,175.0,25184.4
2013-01-01,Semi-annual,73544.7,1698.9,725.9,137.3,1955.2,4517.3,583.4,10112.0,88884.6,957.8,5124.7,12498.5,56852.9,2487.2,71838.6,1267.5,4736.9,2586.0,2372.9,88884.6
2013-01-01,Semi-annual,432.3,816.0,20.0,6.8,538.4,1381.2,33.8,1923.2,3820.9,130.4,4.1,251.1,1425.3,118.3,1794.7,44.4,1150.9,603.7,92.7,3820.9
2013-07-01,Semi-annual,76753.2,1741.6,16.0,65.4,1734.8,3557.9,6171.0,12278.7,98760.8,946.8,7041.5,13433.2,60110.0,4786.1,78329.4,1025.9,6049.5,1757.5,3610.2,98760.8
2013-07-01,Semi-annual,4552.2,3473.6,1668.4,157.1,5212.0,10511.1,20.8,10818.4,26094.2,595.8,83.5,3558.1,4809.3,6198.4,14565.8,91.7,6467.1,4281.2,9.2,26094.2
2013-07-01,Semi-annual,74308.7,1698.9,725.9,100.6,2700.7,5226.1,242.7,10505.6,90164.0,737.5,5080.5,12853.5,57520.8,2569.1,72943.4,1577.9,5201.6,2283.4,2339.6,90164.0
2013-07-01,Semi-annual,76753.2,1741.6,16.0,65.4,1734.8,3557.9,6171.0,12278.7,98760.8,946.8,7041.5,13433.2,60110.0,4786.1,78329.4,1025.9,6049.5,1757.5,3610.2,98760.8
2013-07-01,Semi-annual,4580.1,3473.6,1668.4,157.1,5212.0,10511.1,20.8,10927.8,26324.9,595.8,83.5,3558.1,4832.9,6198.4,14589.4,91.7,6502.6,4281.9,180.2,26324.9
2013-07-01,Semi-annual,74369.2,1698.9,725.9,100.6,2700.7,5226.1,242.7,10695.9,90548.5,737.5,5080.5,12853.5,57520.8,2569.1,72943.4,1577.9,5201.6,2283.4,2724.2,90548.5
2013-07-01,Semi-annual,402.7,816.0,20.0,0.6,526.1,1362.7,28.4,1980.0,3879.6,130.5,4.7,266.4,1475.7,121.6,1863.7,44.6,1191.9,546.4,97.8,3879.6
2014-01-01,Semi-annual,80443.9,1741.6,16.0,71.8,1443.0,3272.4,6034.5,12917.2,102668.1,888.2,7192.5,12314.8,63610.4,4663.3,80588.4,1040.6,6817.3,1853.7,4287.3,102668.1
2014-01-01,Semi-annual,4973.5,3473.6,1668.4,98.6,5151.7,10392.3,45.1,11252.3,27337.7,593.1,76.9,3598.5,5212.0,6281.5,15091.9,97.1,6843.1,4626.8,8.8,27337.7
2014-01-01,Semi-annual,77084.0,1698.9,725.9,85.0,2269.0,4778.8,168.1,11628.2,93604.3,765.0,5108.0,12628.3,60240.8,2360.9,75229.9,1449.3,5939.8,2703.5,2408.7,93604.3
2014-01-01,Semi-annual,80443.9,1741.6,16.0,71.8,1443.0,3272.4,6034.5,12917.2,102668.1,888.2,7192.5,12314.8,63610.4,4663.3,80588.4,1040.6,6817.3,1853.7,4287.3,102668.1
2014-01-01,Semi-annual,4998.4,3473.6,1668.4,98.6,5151.7,10392.3,64.6,11367.9,27575.0,593.1,76.9,3598.5,5235.6,6281.5,15115.6,97.1,6880.3,4627.5,184.6,27575.0
2014-01-01,Semi-annual,77147.5,1698.9,725.9,85.0,2269.0,4778.8,165.1,11805.7,94002.1,765.0,5108.0,12628.3,60240.8,2360.9,75229.9,1449.3,5939.8,2703.5,2806.5,94002.1
2014-01-01,Semi-annual,404.9,816.0,20.0,-1.2,667.1,1501.9,26.0,2027.3,4000.4,131.4,4.6,334.3,1512.6,125.6,1972.5,45.3,1192.4,590.6,63.6,4000.4
2014-07-01,Semi-annual,82561.4,1741.6,16.0,35.3,2215.9,4008.8,5009.7,13997.9,105577.8,900.4,7359.9,12894.9,65169.0,4962.1,83026.0,1066.1,7027.4,1891.9,4306.2,105577.8
2014-07-01,Semi-annual,4930.9,3517.7,1668.4,61.3,6404.2,11651.7,62.4,11524.8,28297.3,655.3,74.1,3678.4,5222.4,6792.8,15693.6,97.3,7084.3,4687.4,5.3,28297.3
2014-07-01,Semi-annual,77602.5,1698.9,725.9,83.7,3207.3,5715.8,213.1,12523.5,95944.1,842.9,5208.3,11756.2,63883.6,2468.5,78108.3,1450.8,4950.0,2878.7,2505.2,95944.1
2014-07-01,Semi-annual,82561.4,1741.6,16.0,35.3,2215.9,4008.8,5009.7,13997.9,105577.8,900.4,7359.9,12894.9,65169.0,4962.1,83026.0,1066.1,7027.4,1891.9,4306.2,105577.8
2014-07-01,Semi-annual,4958.7,3517.7,1668.4,61.3,6404.2,11651.7,62.4,11636.1,28537.8,655.3,74.1,3678.4,5246.7,6792.8,15717.9,97.3,7115.0,4688.1,190.3,28537.8
2014-07-01,Semi-annual,77675.2,1698.9,725.9,83.7,3207.3,5715.8,213.1,12710.7,96336.1,842.9,5208.3,11756.2,63883.6,2468.5,78108.3,1450.8,4950.0,2878.7,2897.2,96336.1
2014-07-01,Semi-annual,409.2,816.0,20.0,-2.1,664.1,1498.0,23.1,1977.9,3975.6,128.4,4.3,316.8,1578.4,133.2,2028.4,45.7,1176.2,500.1,92.4,3975.6
2015-01-01,Semi-annual,90059.5,1992.9,40.7,90.7,1512.9,3637.2,5114.8,15055.9,113872.5,1047.7,7765.1,13990.6,70103.2,5129.9,89223.7,1314.7,7090.4,2560.6,4870.4,113872.5
2015-01-01,Semi-annual,5414.2,3637.6,1668.4,55.4,6008.4,11369.9,88.8,12473.1,30005.9,687.0,70.5,3847.6,5473.4,7476.4,16797.3,93.6,6800.3,5508.1,49.1,30005.9
2015-01-01,Semi-annual,75924.2,1598.6,701.2,45.6,1889.9,4235.3,266.2,12562.3,93017.5,714.8,4966.2,10103.4,62431.5,2255.6,74790.6,1476.2,4887.2,2890.4,3292.1,93017.5
2015-01-01,Semi-annual,90059.5,1992.9,40.7,90.7,1512.9,3637.2,5114.8,15055.9,113872.5,1047.7,7765.1,13990.6,70103.2,5129.9,89223.7,1314.7,7090.4,2560.6,4870.4,113872.5
2015-01-01,Semi-annual,5447.1,3637.6,1668.4,55.4,6008.4,11369.9,108.0,12587.3,30271.9,687.0,70.5,3847.6,5498.2,7476.4,16822.1,93.6,6826.8,5509.3,262.4,30271.9
2015-01-01,Semi-annual,75927.6,1598.6,701.2,45.6,1889.9,4235.3,268.2,12593.2,93060.1,714.8,4966.2,10103.4,62431.5,2255.6,74790.6,1476.2,4887.2,2890.4,3334.7,93060.1
2015-01-01,Semi-annual,422.0,816.0,20.0,-1.5,794.1,1628.6,30.4,2026.2,4135.2,134.0,3.9,299.0,1465.2,285.5,2049.6,45.9,1187.1,653.2,61.5,4135.2
2015-07-01,Semi-annual,91780.0,1992.9,40.7,77.9,2270.5,4382.0,4634.0,15883.4,116679.4,1092.9,7883.0,14608.0,71459.5,5216.2,91283.7,1382.5,6794.4,2378.7,5864.3,116679.4
2015-07-01,Semi-annual,5355.4,3637.6,1668.4,102.3,6695.0,12103.4,58.3,12855.2,30622.6,678.0,64.2,3681.8,5334.7,7940.6,16957.0,144.8,7179.8,5577.4,21.4,30622.6
2015-07-01,Semi-annual,76186.5,1598.6,701.2,31.0,2921.0,5251.8,157.3,13079.5,94662.8,769.4,5057.8,9852.3,63760.5,2160.7,75773.5,1510.8,5668.2,2884.6,2998.5,94662.8
2015-07-01,Semi-annual,91780.0,1992.9,40.7,77.9,2270.5,4382.0,4634.0,15883.4,116679.4,1092.9,7883.0,14608.0,71459.5,5216.2,91283.7,1382.5,6794.4,2378.7,5864.3,116679.4
2015-07-01,Semi-annual,5386.4,3637.6,1668.4,102.3,6695.0,12103.4,58.3,12976.1,30905.4,678.0,64.2,3681.8,5359.2,7940.6,16981.6,144.8,7209.1,5578.2,249.6,30905.4
2015-07-01,Semi-annual,76190.2,1598.6,701.2,31.0,2921.0,5251.8,157.3,13109.6,94707.4,769.4,5057.8,9852.3,63760.5,2160.7,75773.5,1510.8,5668.2,2884.6,3043.0,94707.4
2015-07-01,Semi-annual,405.9,816.0,20.0,-1.1,767.4,1602.3,32.4,2133.5,4126.3,134.1,3.3,353.6,1486.1,287.5,2127.2,45.8,1102.2,624.0,89.8,4126.3
2016-01-01,Semi-annual,95614.1,2047.9,40.7,105.2,1722.8,3916.5,4652.1,16371.6,120554.4,1103.4,8068.4,14696.8,73167.0,4278.7,92142.5,1397.7,9332.7,2650.8,5858.9,120554.4
2016-01-01,Semi-annual,5658.8,3637.6,1668.4,89.8,6740.3,12136.2,121.6,12937.5,31693.8,702.9,57.6,3406.0,5567.2,8279.0,17252.2,144.7,7487.4,6030.4,18.5,31693.8
2016-01-01,Semi-annual,78270.9,1598.6,701.2,62.9,1641.3,4004.0,486.1,12895.3,95787.8,992.1,5121.7,9513.7,66190.3,1854.5,77558.5,1438.1,4958.3,3062.9,2656.1,95787.8
2016-01-01,Semi-annual,95614.1,2047.9,40.7,105.2,1722.8,3916.5,4652.1,16371.6,120554.4,1103.4,8068.4,14696.8,73167.0,4278.7,92142.5,1397.7,9332.7,2650.8,5858.9,120554.4
2016-01-01,Semi-annual,5690.5,3637.6,1668.4,89.8,6740.3,12136.2,141.8,13058.7,31974.2,702.9,57.6,3406.0,5592.9,8279.0,17278.0,144.7,7512.2,6031.1,247.7,31974.2
2016-01-01,Semi-annual,78278.1,1598.6,701.2,62.9,1641.3,4004.0,485.4,12926.7,95834.3,992.1,5121.7,9513.7,66190.3,1854.5,77558.5,1438.1,4958.3,3062.9,2702.5,95834.3
2016-01-01,Semi-annual,443.4,816.0,20.0,6.4,739.4,1581.8,45.6,2219.0,4297.2,138.6,3.1,304.7,1357.3,591.6,2253.6,46.1,1054.1,754.5,47.4,4297.2
2016-07-01,Semi-annual,97438.3,2047.9,40.7,85.4,2213.5,4387.5,4398.8,17111.1,123335.6,1090.2,8076.5,15922.5,75268.6,4744.9,95935.9,1438.3,7325.5,2812.2,6656.9,123335.6
2016-07-01,Semi-annual,5506.0,3637.6,1668.4,107.5,7897.8,13311.4,57.3,12888.5,31968.7,762.1,53.8,3666.0,5701.8,8748.4,18116.3,115.7,7560.8,5304.3,55.8,31968.7
2016-07-01,Semi-annual,78935.1,1598.6,701.2,40.6,3025.2,5365.6,349.4,12616.2,97255.0,1047.5,5128.9,9815.2,67840.9,1672.0,79328.1,1447.6,4783.1,2463.8,3055.9,97255.0
2016-07-01,Semi-annual,97438.3,2047.9,40.7,85.4,2213.5,4387.5,4398.8,17111.1,123335.6,1090.2,8076.5,15922.5,75268.6,4744.9,95935.9,1438.3,7325.5,2812.2,6656.9,123335.6
2016-07-01,Semi-annual,5529.1,3637.6,1668.4,107.5,7897.8,13311.4,57.3,13002.1,32239.0,762.1,53.8,3666.0,5728.0,8748.4,18142.4,115.7,7591.2,5305.4,268.4,32239.0
2016-07-01,Semi-annual,78940.9,1598.6,701.2,40.6,3025.2,5365.6,349.4,12645.8,97308.4,1047.5,5128.9,9815.2,67840.9,1672.0,79328.1,1447.6,4783.1,2463.8,3109.3,97308.4
2016-07-01,Semi-annual,429.4,816.0,20.0,-4.1,829.3,1661.2,38.0,2113.3,4265.1,136.8,2.8,450.6,1380.6,555.6,2386.8,46.1,913.4,631.4,147.7,4265.1
2017-01-01,Semi-annual,102244.1,2088.6,0.0,133.7,1911.2,4133.5,6373.8,17917.7,130669.1,1082.9,8078.3,15160.4,82321.1,6538.8,104020.4,1444.5,6371.3,2735.1,6936.7,130669.1
2017-01-01,Semi-annual,5832.6,4052.5,1253.5,89.5,7900.2,13295.7,165.1,13410.5,33332.5,747.1,51.0,3628.0,6209.8,9270.1,19108.0,117.7,7454.5,5799.3,54.9,33332.5
2017-01-01,Semi-annual,83317.8,1616.3,683.5,32.1,1721.4,4053.3,372.5,13578.9,101405.5,1084.3,5170.1,8858.0,72280.8,1632.0,82770.7,1476.7,4829.8,2439.4,3634.6,101405.5
2017-01-01,Semi-annual,102244.1,2088.6,0.0,133.7,1911.2,4133.5,6373.8,17917.7,130669.1,1082.9,8078.3,15160.4,82321.1,6538.8,104020.4,1444.5,6371.3,2735.1,6936.7,130669.1
2017-01-01,Semi-annual,5860.1,4052.5,1253.5,89.5,7900.2,13295.7,186.7,13516.5,33606.0,747.1,51.0,3628.0,6236.8,9270.1,19134.9,117.7,7491.0,5800.0,264.2,33606.0
2017-01-01,Semi-annual,83324.6,1616.3,683.5,32.1,1721.4,4053.3,372.8,13611.5,101466.9,1084.3,5170.1,8858.0,72280.8,1632.0,82770.7,1476.7,4829.8,2439.4,3696.0,101466.9
2017-01-01,Semi-annual,447.8,816.0,20.0,3.2,882.6,1721.8,49.8,2131.5,4385.6,136.0,2.6,536.8,1443.7,473.7,2454.2,46.1,860.8,727.3,158.6,4385.6
2017-07-01,Semi-annual,105326.1,2118.6,0.0,130.3,2496.7,4745.6,6710.5,18713.5,135495.7,1107.4,7623.9,14810.1,85934.4,8313.0,109057.5,1440.6,6568.5,2436.6,7261.3,135495.7
2017-07-01,Semi-annual,5622.0,5234.5,71.6,160.8,8820.4,14287.2,106.6,13677.6,33781.5,778.9,48.6,3398.6,5811.1,10672.0,19881.7,111.1,7536.7,5373.5,51.1,33781.5
2017-07-01,Semi-annual,84782.7,2299.8,0.0,21.4,2628.2,4949.3,330.7,13474.9,103517.3,1152.4,5162.4,9469.6,73372.4,1965.6,84807.5,1389.0,4439.5,2748.6,3817.9,103517.3
2017-07-01,Semi-annual,105326.1,2118.6,0.0,130.3,2496.7,4745.6,6710.5,18713.5,135495.7,1107.4,7623.9,14810.1,85934.4,8313.0,109057.5,1440.6,6568.5,2436.6,7261.3,135495.7
2017-07-01,Semi-annual,5647.7,5234.5,71.6,160.8,8820.4,14287.2,106.6,13779.2,34050.7,778.9,48.6,3398.6,5838.6,10672.0,19909.2,111.1,7575.8,5374.3,252.7,34050.7
2017-07-01,Semi-annual,84790.7,2299.8,0.0,21.4,2628.2,4949.3,330.7,13503.9,103578.0,1152.4,5162.4,9469.6,73372.4,1965.6,84807.5,1389.0,4439.5,2748.6,3878.6,103578.0
2017-07-01,Semi-annual,425.3,816.0,20.0,3.1,1007.9,1847.0,46.2,2136.3,4504.4,134.5,2.3,544.1,1386.7,475.0,2405.8,46.1,1037.2,691.9,186.7,4504.4
2018-01-01,Semi-annual,196619.8,4348.5,0.0,63.5,2966.1,7378.1,927.6,30790.6,235729.8,2105.8,12519.5,25465.0,154784.2,9774.7,190023.9,2737.1,12255.0,5270.1,10818.5,235729.8
2018-01-01,Semi-annual,6300.0,5575.9,0.0,352.4,9287.4,15215.7,30.5,15864.7,38034.3,840.2,77.2,3547.4,6858.4,11772.2,22178.0,235.8,8467.6,6178.2,57.3,38034.3
2018-01-01,Semi-annual,196619.8,4348.5,0.0,63.5,2966.1,7378.1,927.6,30790.6,235729.8,2105.8,12519.5,25465.0,154784.2,9774.7,190023.9,2737.1,12255.0,5270.1,10818.5,235729.8
2018-01-01,Semi-annual,6334.9,5575.9,0.0,352.4,9287.4,15215.7,54.2,15985.8,38362.1,840.2,77.2,3547.4,6889.4,11772.2,22209.0,235.8,8506.6,6179.1,314.1,38362.1
2018-01-01,Semi-annual,427.7,869.1,20.0,1.9,1057.5,1948.5,77.9,2078.5,4555.1,134.4,2.3,573.4,1488.2,482.7,2544.3,38.7,912.6,725.6,197.1,4555.1
2018-07-01,Semi-annual,197804.5,4348.5,0.0,50.5,5546.5,9945.5,1101.3,32672.0,241523.4,2084.2,12525.8,28251.9,157765.5,10056.1,196073.5,3488.4,12341.7,4519.9,10489.8,241523.4
2018-07-01,Semi-annual,6248.3,5825.9,0.0,494.1,10266.8,16586.8,58.4,15472.6,38351.8,782.8,74.5,3563.9,6731.7,11985.4,22281.0,404.8,8827.0,5947.1,34.7,38351.8
2018-07-01,Semi-annual,0.0,0.0,0.0,0.0,0.0,0.0,0.0,0.0,0.0,0.0,0.0,0.0,0.0,0.0,0.0,0.0,0.0,0.0,0.0,0.0
2018-07-01,Semi-annual,197804.5,4348.5,0.0,50.5,5546.5,9945.5,1101.3,32672.0,241523.4,2084.2,12525.8,28251.9,157765.5,10056.1,196073.5,3488.4,12341.7,4519.9,10489.8,241523.4
2018-07-01,Semi-annual,6292.2,5825.9,0.0,494.1,10266.8,16586.8,58.4,15604.8,38708.6,782.8,74.5,3563.9,6764.5,11985.4,22313.8,404.8,8875.2,5948.6,308.9,38708.6
2018-07-01,Semi-annual,0.0,0.0,0.0,0.0,0.0,0.0,0.0,0.0,0.0,0.0,0.0,0.0,0.0,0.0,0.0,0.0,0.0,0.0,0.0,0.0
2018-07-01,Semi-annual,429.9,989.1,0.0,0.6,1089.1,2078.9,86.8,2061.4,4678.2,133.1,1.8,518.4,1600.4,505.5,2624.3,34.5,688.5,734.7,461.4,4678.2
2019-01-01,Semi-annual,211289.2,4378.5,0.0,139.0,4001.5,8519.1,2202.2,34213.7,256224.2,2096.4,12275.0,25335.4,168535.0,11656.4,205526.8,3504.4,15106.3,5347.6,12367.7,256224.2
2019-01-01,Semi-annual,6402.4,5825.9,0.0,480.1,9972.7,16278.7,231.9,15946.7,39613.1,752.1,71.3,3635.1,6674.4,13187.4,23496.9,404.5,8404.3,6448.2,35.8,39613.1
2019-01-01,Semi-annual,0.0,0.0,0.0,0.0,0.0,0.0,0.0,0.0,0.0,0.0,0.0,0.0,0.0,0.0,0.0,0.0,0.0,0.0,0.0,0.0
2019-01-01,Semi-annual,211289.2,4378.5,0.0,139.0,4001.5,8519.1,2202.2,34213.7,256224.2,2096.4,12275.0,25335.4,168535.0,11656.4,205526.8,3504.4,15106.3,5347.6,12367.7,256224.2
2019-01-01,Semi-annual,6451.1,5825.9,0.0,480.1,9972.7,16278.7,256.2,16095.1,39984.3,752.1,71.3,3635.1,6704.9,13187.4,23527.4,404.5,8446.0,6449.0,334.0,39984.3
2019-01-01,Semi-annual,0.0,0.0,0.0,0.0,0.0,0.0,0.0,0.0,0.0,0.0,0.0,0.0,0.0,0.0,0.0,0.0,0.0,0.0,0.0,0.0
2019-01-01,Semi-annual,481.0,989.1,0.0,22.8,1161.3,2173.2,116.6,2002.3,4789.5,132.0,1.7,537.7,1647.9,641.7,2827.3,31.6,528.3,859.8,408.9,4789.5
2019-07-01,Semi-annual,214597.6,3787.6,0.0,148.3,5901.5,9837.4,2361.2,35458.9,262255.0,2189.1,12264.6,26495.0,173785.9,10262.4,210543.3,3439.0,15278.2,4890.4,13650.3,262255.0
2019-07-01,Semi-annual,6284.1,5825.9,0.0,691.8,11002.9,17520.7,84.4,15873.1,39801.4,765.5,67.9,3697.8,6256.6,14580.6,24535.0,392.1,8355.6,5643.8,41.5,39801.4
2019-07-01,Semi-annual,0.0,0.0,0.0,0.0,0.0,0.0,0.0,0.0,0.0,0.0,0.0,0.0,0.0,0.0,0.0,0.0,0.0,0.0,0.0,0.0
2019-07-01,Semi-annual,214597.6,3787.6,0.0,148.3,5901.5,9837.4,2361.2,35458.9,262255.0,2189.1,12264.6,26495.0,173785.9,10262.4,210543.3,3439.0,15278.2,4890.4,13650.3,262255.0
2019-07-01,Semi-annual,6333.6,5825.9,0.0,691.8,11002.9,17520.7,84.4,16014.8,40168.5,765.5,67.9,3697.8,6282.4,14580.6,24560.8,392.1,8402.7,5644.6,335.0,40168.5
2019-07-01,Semi-annual,0.0,0.0,0.0,0.0,0.0,0.0,0.0,0.0,0.0,0.0,0.0,0.0,0.0,0.0,0.0,0.0,0.0,0.0,0.0,0.0
2019-07-01,Semi-annual,560.5,989.1,0.0,27.3,1232.6,2249.0,111.3,2055.6,4986.7,132.3,1.7,410.0,1723.6,707.7,2841.2,32.3,635.6,881.7,461.9,4986.7
2020-01-01,Semi-annual,217238.1,3787.6,0.0,137.0,5620.0,9544.6,2670.0,36123.1,265575.9,2237.7,12131.7,26854.3,173927.7,10395.4,211177.4,3404.3,16015.7,5866.3,14742.7,265575.9
2020-01-01,Semi-annual,6175.4,5825.9,0.0,581.0,10775.3,17182.2,323.6,16903.1,41449.3,753.1,65.8,3621.4,6329.9,16719.3,26670.7,391.8,7146.8,6289.7,131.5,41449.3
2020-01-01,Semi-annual,0.0,0.0,0.0,0.0,0.0,0.0,0.0,0.0,0.0,0.0,0.0,0.0,0.0,0.0,0.0,0.0,0.0,0.0,0.0,0.0
2020-01-01,Semi-annual,217238.1,3787.6,0.0,137.0,5620.0,9544.6,2670.0,36123.1,265575.9,2237.7,12131.7,26854.3,173927.7,10395.4,211177.4,3404.3,16015.7,5866.3,14742.7,265575.9
2020-01-01,Semi-annual,6218.5,5825.9,0.0,581.0,10775.3,17182.2,340.7,17047.4,41823.1,753.1,65.8,3621.4,6351.8,16719.3,26692.5,391.8,7189.8,6290.4,439.6,41823.1
2020-01-01,Semi-annual,0.0,0.0,0.0,0.0,0.0,0.0,0.0,0.0,0.0,0.0,0.0,0.0,0.0,0.0,0.0,0.0,0.0,0.0,0.0,0.0
2020-01-01,Semi-annual,636.2,989.1,0.0,39.8,1292.4,2321.3,126.9,2153.3,5274.6,132.2,1.3,398.7,1711.0,791.2,2901.0,32.3,745.4,951.1,511.3,5274.6
2020-07-01,Semi-annual,229854.3,3817.6,0.0,159.5,7125.0,11102.1,3133.6,38859.6,282949.6,2326.8,11774.7,30867.0,185020.4,11894.0,227781.3,3371.5,15351.2,5458.7,16885.5,282949.6
2020-07-01,Semi-annual,6369.7,5825.9,0.0,865.2,11988.3,18679.5,121.2,16833.9,42098.5,793.1,66.7,3920.2,6462.3,18061.5,28444.0,372.9,6862.9,5418.6,140.3,42098.5
2020-07-01,Semi-annual,0.0,0.0,0.0,0.0,0.0,0.0,0.0,0.0,0.0,0.0,0.0,0.0,0.0,0.0,0.0,0.0,0.0,0.0,0.0,0.0
2020-07-01,Semi-annual,229854.3,3817.6,0.0,159.5,7125.0,11102.1,3133.6,38859.6,282949.6,2326.8,11774.7,30867.0,185020.4,11894.0,227781.3,3371.5,15351.2,5458.7,16885.5,282949.6
2020-07-01,Semi-annual,6412.4,5825.9,0.0,865.2,11988.3,18679.5,121.2,16983.4,42466.1,793.1,66.7,3920.2,6489.6,18061.5,28471.3,372.9,6910.4,5419.3,432.4,42466.1
2020-07-01,Semi-annual,0.0,0.0,0.0,0.0,0.0,0.0,0.0,0.0,0.0,0.0,0.0,0.0,0.0,0.0,0.0,0.0,0.0,0.0,0.0,0.0
2020-07-01,Semi-annual,611.8,989.1,0.0,40.4,1358.7,2388.2,125.2,2163.6,5325.8,134.1,1.4,337.8,1689.0,755.7,2782.5,30.2,1002.8,858.5,516.2,5325.8
2021-01-01,Quarterly,228098.7,3817.6,0.0,30.4,7033.6,10881.7,1626.3,38264.0,278870.6,2356.6,11672.8,31823.4,178364.3,11771.8,221959.5,3374.7,14960.9,6324.7,18221.5,278870.6
2021-01-01,Quarterly,6671.7,5825.9,0.0,710.2,12028.2,18564.2,-79.6,17037.2,42193.5,788.7,65.1,4110.3,6415.9,18159.8,28686.0,372.8,6105.4,6009.8,165.8,42193.5
2021-01-01,Quarterly,0.0,0.0,0.0,0.0,0.0,0.0,0.0,0.0,0.0,0.0,0.0,0.0,0.0,0.0,0.0,0.0,0.0,0.0,0.0,0.0
2021-01-01,Quarterly,228098.7,3817.6,0.0,30.4,7033.6,10881.7,1626.3,38264.0,278870.6,2356.6,11672.8,31823.4,178364.3,11771.8,221959.5,3374.7,14960.9,6324.7,18221.5,278870.6
2021-01-01,Quarterly,6710.8,5825.9,0.0,710.2,12028.2,18564.2,-57.3,17335.5,42553.3,788.7,65.1,4110.3,6443.8,18159.8,28713.9,372.8,6153.5,6010.3,449.0,42553.3
2021-01-01,Quarterly,0.0,0.0,0.0,0.0,0.0,0.0,0.0,0.0,0.0,0.0,0.0,0.0,0.0,0.0,0.0,0.0,0.0,0.0,0.0,0.0
2021-01-01,Quarterly,621.2,839.1,0.0,20.9,1367.3,2227.4,88.5,2345.5,5282.6,135.9,1.3,337.5,1665.4,754.2,2757.1,30.2,891.8,929.2,537.1,5282.6
2021-04-01,Quarterly,231317.6,3877.6,0.0,36.7,6131.8,10046.1,1765.2,39496.1,282625.0,2237.3,11555.4,33349.7,178549.4,12328.1,224227.2,3252.3,16548.6,5865.8,18938.4,282625.0
2021-04-01,Quarterly,6257.7,5825.9,0.0,721.9,11527.8,18075.7,-59.9,18148.4,42422.0,789.4,62.6,4245.0,6656.7,18469.7,29371.4,372.1,5880.7,5772.4,173.5,42422.0
2021-04-01,Quarterly,0.0,0.0,0.0,0.0,0.0,0.0,0.0,0.0,0.0,0.0,0.0,0.0,0.0,0.0,0.0,0.0,0.0,0.0,0.0,0.0
2021-04-01,Quarterly,231317.6,3877.6,0.0,36.7,6131.8,10046.1,1765.2,39496.1,282625.0,2237.3,11555.4,33349.7,178549.4,12328.1,224227.2,3252.3,16548.6,5865.8,18938.4,282625.0
2021-04-01,Quarterly,6298.4,5825.9,0.0,721.9,11527.8,18075.7,-38.0,18452.5,42788.6,789.4,62.6,4245.0,6684.0,18469.7,29398.6,372.1,5924.8,5773.0,468.1,42788.6
2021-04-01,Quarterly,0.0,0.0,0.0,0.0,0.0,0.0,0.0,0.0,0.0,0.0,0.0,0.0,0.0,0.0,0.0,0.0,0.0,0.0,0.0,0.0
2021-04-01,Quarterly,673.8,839.1,0.0,40.0,1418.8,2297.8,74.5,2422.3,5468.4,134.7,1.2,338.3,1738.0,697.9,2774.2,25.0,855.9,1101.9,575.5,5468.4
2021-07-01,Quarterly,235598.7,3877.6,0.0,23.3,5778.6,9679.5,1745.6,40253.7,287277.6,2127.5,11462.9,35823.6,180214.6,13132.0,229170.1,3373.8,16788.3,5921.6,18433.4,287277.6
2021-07-01,Quarterly,6204.0,5825.9,0.0,742.5,10956.6,17525.0,-121.2,19439.2,43047.0,790.8,59.6,4409.4,6845.2,18616.3,29870.8,371.9,6182.5,5674.2,97.2,43047.0
2021-07-01,Quarterly,0.0,0.0,0.0,0.0,0.0,0.0,0.0,0.0,0.0,0.0,0.0,0.0,0.0,0.0,0.0,0.0,0.0,0.0,0.0,0.0
2021-07-01,Quarterly,235598.7,3877.6,0.0,23.3,5778.6,9679.5,1745.6,40253.7,287277.6,2127.5,11462.9,35823.6,180214.6,13132.0,229170.1,3373.8,16788.3,5921.6,18433.4,287277.6
2021-07-01,Quarterly,6246.0,5825.9,0.0,742.5,10956.6,17525.0,-121.1,19764.5,43414.4,790.8,59.6,4409.4,6872.2,18616.3,29897.8,371.9,6231.1,5674.5,388.6,43414.4
2021-07-01,Quarterly,0.0,0.0,0.0,0.0,0.0,0.0,0.0,0.0,0.0,0.0,0.0,0.0,0.0,0.0,0.0,0.0,0.0,0.0,0.0,0.0
2021-07-01,Quarterly,718.5,839.1,0.0,36.1,1387.4,2262.5,72.9,2513.9,5567.9,134.5,1.1,355.7,1603.0,714.9,2673.7,25.0,969.3,1138.5,625.9,5567.9
2021-10-01,Quarterly,235017.4,3877.6,0.0,-39.3,8072.8,11911.1,1661.5,41073.7,289663.7,2180.6,11347.7,35140.0,182562.2,14210.2,231912.3,3350.4,17288.9,5296.1,18287.9,289663.7
2021-10-01,Quarterly,6390.4,5825.9,0.0,496.1,12456.5,18778.6,11.2,18136.4,43316.7,788.5,57.9,4592.1,6880.9,18395.6,29868.6,392.1,6751.3,5378.1,80.2,43316.7
2021-10-01,Quarterly,0.0,0.0,0.0,0.0,0.0,0.0,0.0,0.0,0.0,0.0,0.0,0.0,0.0,0.0,0.0,0.0,0.0,0.0,0.0,0.0
2021-10-01,Quarterly,235017.4,3877.6,0.0,-39.3,8072.8,11911.1,1661.5,41073.7,289663.7,2180.6,11347.7,35140.0,182562.2,14210.2,231912.3,3350.4,17288.9,5296.1,18287.9,289663.7
2021-10-01,Quarterly,6431.6,5825.9,0.0,496.1,12456.5,18778.6,11.2,18465.5,43687.0,788.5,57.9,4592.1,6908.5,18395.6,29896.2,392.1,6799.4,5378.5,374.4,43687.0
2021-10-01,Quarterly,0.0,0.0,0.0,0.0,0.0,0.0,0.0,0.0,0.0,0.0,0.0,0.0,0.0,0.0,0.0,0.0,0.0,0.0,0.0,0.0
2021-10-01,Quarterly,725.5,839.1,0.0,31.3,1447.3,2317.8,59.1,2614.1,5716.4,136.7,1.1,351.4,1570.2,690.9,2612.4,24.7,1076.0,1235.7,629.8,5716.4
2022-01-01,Quarterly,236039.6,3877.6,0.0,-47.2,8014.5,11844.9,1075.7,40913.8,289873.9,2164.0,11190.3,35846.7,181390.5,14319.3,231556.5,3347.9,17068.7,6812.3,17734.3,289873.9
2022-01-01,Quarterly,6846.3,5825.9,0.0,482.8,12772.8,19081.6,-105.2,18083.5,43906.2,782.8,58.1,4750.9,6853.5,18146.5,29750.9,391.9,6590.7,6238.9,92.9,43906.2
2022-01-01,Quarterly,0.0,0.0,0.0,0.0,0.0,0.0,0.0,0.0,0.0,0.0,0.0,0.0,0.0,0.0,0.0,0.0,0.0,0.0,0.0,0.0
2022-01-01,Quarterly,236039.6,3877.6,0.0,-47.2,8014.5,11844.9,1075.7,40913.8,289873.9,2164.0,11190.3,35846.7,181390.5,14319.3,231556.5,3347.9,17068.7,6812.3,17734.3,289873.9
2022-01-01,Quarterly,6888.1,5825.9,0.0,482.8,12772.8,19081.6,-102.2,18421.4,44288.9,782.8,58.1,4750.9,6884.5,18146.5,29781.9,391.9,6643.5,6239.4,391.4,44288.9
2022-01-01,Quarterly,0.0,0.0,0.0,0.0,0.0,0.0,0.0,0.0,0.0,0.0,0.0,0.0,0.0,0.0,0.0,0.0,0.0,0.0,0.0,0.0
2022-01-01,Quarterly,761.0,839.1,0.0,26.7,1459.2,2325.1,55.4,2787.4,5928.7,141.3,1.2,347.8,1316.8,745.7,2410.3,24.7,1472.8,1164.2,714.3,5928.7
2022-04-01,Quarterly,229327.2,3877.6,0.0,-139.4,6587.7,10325.9,79.3,41681.6,281414.0,2160.4,11067.5,36301.0,173116.8,14178.0,223595.8,3353.1,17337.9,6517.7,17381.4,281414.0
2022-04-01,Quarterly,6807.3,5875.9,0.0,447.3,12065.5,18388.7,-300.2,18986.9,43882.6,777.6,57.5,4820.1,6834.4,17578.4,29232.9,390.2,6994.7,6325.5,104.3,43882.6
2022-04-01,Quarterly,0.0,0.0,0.0,0.0,0.0,0.0,0.0,0.0,0.0,0.0,0.0,0.0,0.0,0.0,0.0,0.0,0.0,0.0,0.0,0.0
2022-04-01,Quarterly,229327.2,3877.6,0.0,-139.4,6587.7,10325.9,79.3,41681.6,281414.0,2160.4,11067.5,36301.0,173116.8,14178.0,223595.8,3353.1,17337.9,6517.7,17381.4,281414.0
2022-04-01,Quarterly,6851.0,5875.9,0.0,447.3,12065.5,18388.7,-298.3,19330.3,44271.7,777.6,57.5,4820.1,6863.4,17578.4,29261.9,390.2,7041.8,6325.6,417.2,44271.7
2022-04-01,Quarterly,0.0,0.0,0.0,0.0,0.0,0.0,0.0,0.0,0.0,0.0,0.0,0.0,0.0,0.0,0.0,0.0,0.0,0.0,0.0,0.0
2022-04-01,Quarterly,780.1,839.1,0.0,12.0,1450.7,2301.8,32.6,2858.8,5973.3,140.6,1.5,348.5,1294.3,722.4,2365.3,24.7,1459.2,1179.6,802.5,5973.3
2022-07-01,Quarterly,229697.7,3877.6,0.0,-161.6,5835.4,9551.4,-98.3,41921.8,281072.6,2164.6,10997.1,37641.3,172640.1,14617.6,224898.9,3336.6,16672.2,6915.3,16087.8,281072.6
2022-07-01,Quarterly,6919.4,8165.9,0.0,433.4,11800.0,20399.3,-309.8,19435.5,46444.4,769.1,57.5,4701.8,7034.9,19885.9,31622.6,390.0,7317.8,6223.9,63.5,46444.4
2022-07-01,Quarterly,0.0,0.0,0.0,0.0,0.0,0.0,0.0,0.0,0.0,0.0,0.0,0.0,0.0,0.0,0.0,0.0,0.0,0.0,0.0,0.0
2022-07-01,Quarterly,229697.7,3877.6,0.0,-161.6,5835.4,9551.4,-98.3,41921.8,281072.6,2164.6,10997.1,37641.3,172640.1,14617.6,224898.9,3336.6,16672.2,6915.3,16087.8,281072.6
2022-07-01,Quarterly,6966.2,8165.9,0.0,433.4,11800.0,20399.3,-308.0,19780.1,46837.7,769.1,57.5,4701.8,7063.0,19885.9,31650.7,390.0,7365.6,6224.0,380.8,46837.7
2022-07-01,Quarterly,0.0,0.0,0.0,0.0,0.0,0.0,0.0,0.0,0.0,0.0,0.0,0.0,0.0,0.0,0.0,0.0,0.0,0.0,0.0,0.0
2022-07-01,Quarterly,823.5,839.1,0.0,12.4,1399.4,2250.9,39.6,3025.4,6139.3,141.8,1.3,361.2,1272.1,709.5,2342.8,24.7,1429.4,1269.3,930.0,6139.3
2022-10-01,Quarterly,236763.2,3918.6,0.0,-76.4,7586.4,11428.7,732.9,43082.3,292007.0,2188.8,10777.0,40020.7,180640.2,15189.8,235850.8,3341.9,17342.5,5700.0,16806.1,292007.0
2022-10-01,Quarterly,6958.1,8165.9,0.0,278.6,13365.8,21810.3,-0.1,18580.0,47348.3,767.6,57.8,4860.3,9383.9,17960.4,32204.7,397.8,7952.1,5888.7,79.6,47348.3
2022-10-01,Quarterly,0.0,0.0,0.0,0.0,0.0,0.0,0.0,0.0,0.0,0.0,0.0,0.0,0.0,0.0,0.0,0.0,0.0,0.0,0.0,0.0
2022-10-01,Quarterly,236763.2,3918.6,0.0,-76.4,7586.4,11428.7,732.9,43082.3,292007.0,2188.8,10777.0,40020.7,180640.2,15189.8,235850.8,3341.9,17342.5,5700.0,16806.1,292007.0
2022-10-01,Quarterly,7007.9,8165.9,0.0,278.6,13365.8,21810.3,-0.1,18940.3,47758.4,767.6,57.8,4860.3,9412.5,17960.4,32233.3,397.8,8001.9,5888.9,411.1,47758.4
2022-10-01,Quarterly,0.0,0.0,0.0,0.0,0.0,0.0,0.0,0.0,0.0,0.0,0.0,0.0,0.0,0.0,0.0,0.0,0.0,0.0,0.0,0.0
2022-10-01,Quarterly,750.7,839.1,0.0,17.6,1497.9,2354.6,61.8,3394.4,6561.5,141.8,1.2,419.3,1059.1,734.6,2212.9,24.7,1868.6,1310.2,1002.0,6561.5
2023-01-01,Quarterly,241734.7,3918.6,0.0,-17.1,7613.7,11515.2,882.5,43327.3,297459.8,2198.9,10751.7,42686.8,182317.2,15648.0,240652.0,3342.4,15211.3,6576.3,18727.2,297459.8
2023-01-01,Quarterly,7393.8,10072.0,0.0,-710.7,13546.1,22907.4,81.5,18854.0,49236.7,765.9,62.3,4999.4,10208.1,18579.9,33787.4,401.8,7862.7,6289.4,67.2,49236.7
2023-01-01,Quarterly,0.0,0.0,0.0,0.0,0.0,0.0,0.0,0.0,0.0,0.0,0.0,0.0,0.0,0.0,0.0,0.0,0.0,0.0,0.0,0.0
2023-01-01,Quarterly,241734.7,3918.6,0.0,-17.1,7613.7,11515.2,882.5,43327.3,297459.8,2198.9,10751.7,42686.8,182317.2,15648.0,240652.0,3342.4,15211.3,6576.3,18727.2,297459.8
2023-01-01,Quarterly,7443.8,10072.0,0.0,-710.7,13546.1,22907.4,80.1,19227.3,49658.6,765.9,62.3,4999.4,10234.6,18579.9,33813.9,401.8,7914.0,6289.5,411.3,49658.6
2023-01-01,Quarterly,0.0,0.0,0.0,0.0,0.0,0.0,0.0,0.0,0.0,0.0,0.0,0.0,0.0,0.0,0.0,0.0,0.0,0.0,0.0,0.0
2023-01-01,Quarterly,766.2,839.1,0.0,25.0,1510.0,2374.1,66.3,3491.4,6698.1,145.6,1.3,460.6,1046.5,765.7,2272.8,24.7,1886.6,1196.8,1170.3,6698.1
2023-04-01,Quarterly,243856.6,4000.6,0.0,-6.2,6098.8,10093.2,1192.4,44696.0,299838.3,2213.4,10704.2,44113.4,183213.2,16409.8,243736.4,3105.5,13962.4,6564.6,19551.8,299838.3
2023-04-01,Quarterly,7257.5,8346.8,0.0,-787.4,11287.3,18846.7,81.1,20346.5,46531.8,765.4,62.4,5042.0,7062.9,19308.0,31412.9,401.7,7620.8,6218.1,50.6,46531.8
2023-04-01,Quarterly,0.0,0.0,0.0,0.0,0.0,0.0,0.0,0.0,0.0,0.0,0.0,0.0,0.0,0.0,0.0,0.0,0.0,0.0,0.0,0.0
2023-04-01,Quarterly,243856.6,4000.6,0.0,-6.2,6098.8,10093.2,1192.4,44696.0,299838.3,2213.4,10704.2,44113.4,183213.2,16409.8,243736.4,3105.5,13962.4,6564.6,19551.8,299838.3
2023-04-01,Quarterly,7309.9,8346.8,0.0,-787.4,11287.3,18846.7,80.1,20737.9,46974.6,765.4,62.4,5042.0,7088.4,19308.0,31438.4,401.7,7668.3,6225.6,412.8,46974.6
2023-04-01,Quarterly,0.0,0.0,0.0,0.0,0.0,0.0,0.0,0.0,0.0,0.0,0.0,0.0,0.0,0.0,0.0,0.0,0.0,0.0,0.0,0.0
2023-04-01,Quarterly,789.4,839.1,0.0,27.0,1514.8,2381.0,69.0,3592.8,6832.3,145.2,1.0,452.4,1020.4,784.3,2257.0,24.7,1862.3,1264.4,1277.7,6832.3
2023-07-01,Quarterly,247646.3,4000.6,0.0,-16.9,6171.0,10154.8,939.7,44707.9,303448.7,2222.4,10641.0,45659.6,186108.6,16528.6,248296.8,3106.2,12425.0,6927.0,19830.2,303448.7
2023-07-01,Quarterly,7326.1,8346.8,0.0,-776.1,10864.4,18435.1,64.4,20647.4,46472.9,770.7,61.6,5271.7,7234.5,19272.0,31778.2,401.1,7310.7,6108.2,42.3,46472.9
2023-07-01,Quarterly,0.0,0.0,0.0,0.0,0.0,0.0,0.0,0.0,0.0,0.0,0.0,0.0,0.0,0.0,0.0,0.0,0.0,0.0,0.0,0.0
2023-07-01,Quarterly,247646.3,4000.6,0.0,-16.9,6171.0,10154.8,939.7,44707.9,303448.7,2222.4,10641.0,45659.6,186108.6,16528.6,248296.8,3106.2,12425.0,6927.0,19830.2,303448.7
2023-07-01,Quarterly,7378.8,8346.8,0.0,-776.1,10864.4,18435.1,64.5,21045.2,46923.5,770.7,61.6,5271.7,7261.4,19272.0,31805.1,401.1,7361.4,6115.8,407.8,46923.5
2023-07-01,Quarterly,0.0,0.0,0.0,0.0,0.0,0.0,0.0,0.0,0.0,0.0,0.0,0.0,0.0,0.0,0.0,0.0,0.0,0.0,0.0,0.0
2023-07-01,Quarterly,796.8,839.1,0.0,24.7,1530.3,2394.1,67.9,3743.1,7001.9,146.3,1.4,406.0,1028.8,771.8,2206.6,24.7,2000.6,1280.2,1342.2,7001.9
2023-10-01,Quarterly,251146.8,4120.6,0.0,7.6,6722.3,10850.5,1453.4,46607.7,310058.3,2271.2,10599.4,45998.0,190066.0,16860.7,252924.7,3121.8,14247.2,6327.5,20566.4,310058.3
2023-10-01,Quarterly,7464.7,8346.8,0.0,-684.9,12497.2,20159.2,6.3,19806.2,47436.4,773.1,53.2,5463.9,7609.5,18997.7,32071.1,414.2,8167.2,5915.5,42.2,47436.4
2023-10-01,Quarterly,0.0,0.0,0.0,0.0,0.0,0.0,0.0,0.0,0.0,0.0,0.0,0.0,0.0,0.0,0.0,0.0,0.0,0.0,0.0,0.0
2023-10-01,Quarterly,251146.8,4120.6,0.0,7.6,6722.3,10850.5,1453.4,46607.7,310058.3,2271.2,10599.4,45998.0,190066.0,16860.7,252924.7,3121.8,14247.2,6327.5,20566.4,310058.3
2023-10-01,Quarterly,7521.9,8346.8,0.0,-684.9,12497.2,20159.2,6.3,20205.9,47893.2,773.1,53.2,5463.9,7637.9,18997.7,32099.5,414.2,8215.1,5923.5,414.5,47893.2
2023-10-01,Quarterly,0.0,0.0,0.0,0.0,0.0,0.0,0.0,0.0,0.0,0.0,0.0,0.0,0.0,0.0,0.0,0.0,0.0,0.0,0.0,0.0
2023-10-01,Quarterly,754.5,839.1,0.0,29.4,1576.3,2444.7,70.0,3855.2,7124.5,150.1,1.1,409.1,965.9,803.4,2178.4,24.2,2097.5,1288.3,1384.9,7124.5
2024-01-01,Quarterly,261812.0,4120.6,0.0,24.7,6762.5,10907.9,1736.8,47003.2,321459.9,2266.2,10582.7,48647.4,195074.5,17933.2,261655.1,3121.9,14413.4,7275.0,22145.6,321459.9
2024-01-01,Quarterly,7919.1,8346.8,0.0,-703.7,12583.1,20226.2,48.1,20547.1,48740.4,766.4,51.6,6028.3,7967.5,19236.0,33231.8,412.5,8094.5,6084.8,98.8,48740.4
2024-01-01,Quarterly,0.0,0.0,0.0,0.0,0.0,0.0,0.0,0.0,0.0,0.0,0.0,0.0,0.0,0.0,0.0,0.0,0.0,0.0,0.0,0.0
2024-01-01,Quarterly,261812.0,4120.6,0.0,24.7,6762.5,10907.9,1736.8,47003.2,321459.9,2266.2,10582.7,48647.4,195074.5,17933.2,261655.1,3121.9,14413.4,7275.0,22145.6,321459.9
2024-01-01,Quarterly,7974.8,8346.8,0.0,-703.7,12583.1,20226.2,47.9,20950.0,49198.9,766.4,51.6,6028.3,7995.5,19236.0,33259.8,412.5,8144.8,6085.2,478.7,49198.9
2024-01-01,Quarterly,0.0,0.0,0.0,0.0,0.0,0.0,0.0,0.0,0.0,0.0,0.0,0.0,0.0,0.0,0.0,0.0,0.0,0.0,0.0,0.0
2024-01-01,Quarterly,847.5,839.1,0.0,30.7,1682.8,2552.6,72.0,3978.5,7450.6,154.3,1.2,572.6,1107.2,902.6,2582.5,24.2,1864.3,1338.7,1485.5,7450.6
2024-04-01,Quarterly,268547.1,4150.6,0.0,31.0,5440.3,9622.0,1758.8,48495.3,328423.1,2278.7,10542.5,48916.4,200151.7,19295.2,268363.3,3119.7,14169.5,7057.6,22891.8,328423.1
2024-04-01,Quarterly,7814.3,8346.8,0.0,-702.1,11482.3,19127.0,43.5,22063.6,49048.4,764.4,51.0,5897.6,8154.7,19169.1,33221.3,412.5,8010.3,6465.6,123.4,49048.4
2024-04-01,Quarterly,0.0,0.0,0.0,0.0,0.0,0.0,0.0,0.0,0.0,0.0,0.0,0.0,0.0,0.0,0.0,0.0,0.0,0.0,0.0,0.0
2024-04-01,Quarterly,268547.1,4150.6,0.0,31.0,5440.3,9622.0,1758.8,48495.3,328423.1,2278.7,10542.5,48916.4,200151.7,19295.2,268363.3,3119.7,14169.5,7057.6,22891.8,328423.1
2024-04-01,Quarterly,7869.1,8346.8,0.0,-702.1,11482.3,19127.0,42.0,22470.0,49508.1,764.4,51.0,5897.6,8181.3,19169.1,33248.0,412.5,8060.5,6466.0,505.8,49508.1
2024-04-01,Quarterly,0.0,0.0,0.0,0.0,0.0,0.0,0.0,0.0,0.0,0.0,0.0,0.0,0.0,0.0,0.0,0.0,0.0,0.0,0.0,0.0
2024-04-01,Quarterly,887.9,839.1,0.0,27.4,1951.2,2817.7,74.0,3918.5,7698.1,148.0,1.1,672.1,1303.7,1019.4,2995.3,0.0,1714.2,1477.4,1362.2,7698.1
2024-07-01,Quarterly,272749.9,4308.6,0.0,25.1,5266.2,9599.9,1982.3,49045.6,333377.8,2266.5,10519.0,49860.9,202500.3,20088.0,272449.3,3114.0,15913.9,6664.6,22450.4,333377.8
2024-07-01,Quarterly,7871.2,8346.8,0.0,-702.4,11374.1,19018.6,66.3,22213.9,49169.9,779.7,50.7,5756.3,7724.2,20064.3,33544.7,412.5,7832.4,6386.5,163.4,49169.9
2024-07-01,Quarterly,0.0,0.0,0.0,0.0,0.0,0.0,0.0,0.0,0.0,0.0,0.0,0.0,0.0,0.0,0.0,0.0,0.0,0.0,0.0,0.0
2024-07-01,Quarterly,272749.9,4308.6,0.0,25.1,5266.2,9599.9,1982.3,49045.6,333377.8,2266.5,10519.0,49860.9,202500.3,20088.0,272449.3,3114.0,15913.9,6664.6,22450.4,333377.8
2024-07-01,Quarterly,7929.9,8346.8,0.0,-702.4,11374.1,19018.6,65.3,22601.3,49615.1,779.7,50.7,5756.3,7754.4,20064.3,33575.0,412.5,7885.2,6386.9,525.1,49615.1
2024-07-01,Quarterly,0.0,0.0,0.0,0.0,0.0,0.0,0.0,0.0,0.0,0.0,0.0,0.0,0.0,0.0,0.0,0.0,0.0,0.0,0.0,0.0
2024-07-01,Quarterly,922.8,839.1,0.0,29.9,1969.7,2838.7,76.9,3697.7,7536.0,148.2,1.2,1118.2,1578.4,1236.1,3932.7,0.0,786.1,1359.4,1308.4,7536.0
2024-10-01,Quarterly,275220.4,4308.6,0.0,48.8,6763.6,11121.1,1827.4,49107.7,337276.7,2316.8,10308.4,51354.9,203887.2,20387.1,275629.2,3148.3,16189.6,6364.5,23319.9,337276.7
2024-10-01,Quarterly,7923.3,8346.8,0.0,-676.4,12990.0,20660.5,5.7,21300.3,49889.8,798.3,50.8,5712.2,7255.0,20998.2,33965.4,426.5,8455.8,6036.2,156.8,49889.8
2024-10-01,Quarterly,0.0,0.0,0.0,0.0,0.0,0.0,0.0,0.0,0.0,0.0,0.0,0.0,0.0,0.0,0.0,0.0,0.0,0.0,0.0,0.0
2024-10-01,Quarterly,275220.4,4308.6,0.0,48.8,6763.6,11121.1,1827.4,49107.7,337276.7,2316.8,10308.4,51354.9,203887.2,20387.1,275629.2,3148.3,16189.6,6364.5,23319.9,337276.7
2024-10-01,Quarterly,7979.8,8346.8,0.0,-676.4,12990.0,20660.5,5.7,21653.9,50299.8,798.3,50.8,5712.2,7285.2,20998.2,33995.6,426.5,8507.1,6036.7,484.9,50299.8
2024-10-01,Quarterly,0.0,0.0,0.0,0.0,0.0,0.0,0.0,0.0,0.0,0.0,0.0,0.0,0.0,0.0,0.0,0.0,0.0,0.0,0.0,0.0
2024-10-01,Quarterly,933.8,839.1,0.0,25.7,1868.7,2733.6,75.4,3960.2,7703.0,148.2,1.1,1023.6,1622.2,1282.1,3928.0,0.0,921.7,1353.4,1350.6,7703.0
2025-01-01,Quarterly,271868.0,4308.6,0.0,49.5,6681.0,11039.0,1974.3,49238.5,334119.9,2291.3,10319.4,53729.0,195856.1,20638.5,270223.5,3148.7,16579.9,7275.8,24281.2,334119.9
2025-01-01,Quarterly,8327.2,8346.8,0.0,-702.0,13097.5,20742.3,48.7,22199.6,51317.9,802.5,49.6,5986.3,7289.3,21700.5,34976.2,426.7,7717.9,7187.8,157.3,51317.9
2025-01-01,Quarterly,0.0,0.0,0.0,0.0,0.0,0.0,0.0,0.0,0.0,0.0,0.0,0.0,0.0,0.0,0.0,0.0,0.0,0.0,0.0,0.0
2025-01-01,Quarterly,271868.0,4308.6,0.0,49.5,6681.0,11039.0,1974.3,49238.5,334119.9,2291.3,10319.4,53729.0,195856.1,20638.5,270223.5,3148.7,16579.9,7275.8,24281.2,334119.9
2025-01-01,Quarterly,8382.4,8346.8,0.0,-702.0,13097.5,20742.3,48.0,22561.9,51734.6,802.5,49.6,5986.3,7318.7,21700.5,35005.5,426.7,7769.2,7188.3,492.9,51734.6
2025-01-01,Quarterly,0.0,0.0,0.0,0.0,0.0,0.0,0.0,0.0,0.0,0.0,0.0,0.0,0.0,0.0,0.0,0.0,0.0,0.0,0.0,0.0
2025-01-01,Quarterly,940.3,839.1,0.0,29.4,1881.8,2750.3,81.9,4042.0,7814.4,153.0,1.0,942.7,1794.3,1240.7,3977.7,0.0,1239.1,1267.4,1176.1,7814.4
2025-04-01,Quarterly,277443.8,4364.6,0.0,53.7,5457.1,9875.4,2466.1,49887.1,339672.4,2275.5,10290.9,54730.8,198882.2,21145.7,274758.7,3151.3,16068.9,7725.2,25402.1,339672.4
2025-04-01,Quarterly,8204.9,8346.8,0.0,-688.8,12094.1,19752.1,95.2,23381.8,51433.9,823.3,48.8,5948.4,7557.4,22510.3,36016.0,426.7,7256.4,6697.4,165.4,51433.9
2025-04-01,Quarterly,0.0,0.0,0.0,0.0,0.0,0.0,0.0,0.0,0.0,0.0,0.0,0.0,0.0,0.0,0.0,0.0,0.0,0.0,0.0,0.0
2025-04-01,Quarterly,277443.8,4364.6,0.0,53.7,5457.1,9875.4,2466.1,49887.1,339672.4,2275.5,10290.9,54730.8,198882.2,21145.7,274758.7,3151.3,16068.9,7725.2,25402.1,339672.4
2025-04-01,Quarterly,8259.6,8346.8,0.0,-688.8,12094.1,19752.1,94.3,23758.0,51863.9,823.3,48.8,5948.4,7585.9,22510.3,36044.6,426.7,7307.1,6697.9,515.5,51863.9
2025-04-01,Quarterly,0.0,0.0,0.0,0.0,0.0,0.0,0.0,0.0,0.0,0.0,0.0,0.0,0.0,0.0,0.0,0.0,0.0,0.0,0.0,0.0
2025-04-01,Quarterly,944.4,839.1,0.0,32.4,2159.0,3030.6,84.1,3950.8,8009.8,153.7,0.9,1361.1,1820.0,1431.5,4612.6,0.0,659.3,1395.1,1188.3,8009.8
2025-07-01,Quarterly,286656.6,4364.6,0.0,80.4,5041.7,9486.7,2576.2,51479.2,350198.7,2277.3,10254.6,53151.9,208068.4,22431.4,283651.7,3151.3,14890.8,7992.2,27980.9,350198.7
2025-07-01,Quarterly,8274.6,8346.8,0.0,-687.4,12012.9,19672.3,104.9,23575.7,51627.6,812.3,47.5,5645.9,8091.5,23345.9,37083.4,426.8,6392.9,6693.2,171.6,51627.6
2025-07-01,Quarterly,0.0,0.0,0.0,0.0,0.0,0.0,0.0,0.0,0.0,0.0,0.0,0.0,0.0,0.0,0.0,0.0,0.0,0.0,0.0,0.0
2025-07-01,Quarterly,286656.6,4364.6,0.0,80.4,5041.7,9486.7,2576.2,51479.2,350198.7,2277.3,10254.6,53151.9,208068.4,22431.4,283651.7,3151.3,14890.8,7992.2,27980.9,350198.7
2025-07-01,Quarterly,8332.6,8346.8,0.0,-687.4,12012.9,19672.3,106.4,23917.3,52028.6,812.3,47.5,5645.9,8091.5,23345.9,37083.4,426.8,6439.8,6693.7,525.2,52028.6
2025-07-01,Quarterly,0.0,0.0,0.0,0.0,0.0,0.0,0.0,0.0,0.0,0.0,0.0,0.0,0.0,0.0,0.0,0.0,0.0,0.0,0.0,0.0
2025-07-01,Quarterly,1021.0,839.1,0.0,33.2,2183.8,3056.1,84.4,4131.6,8293.1,151.9,0.9,1273.0,1988.3,1504.9,4766.2,0.0,759.1,1493.9,1121.3,8293.1
2025-10-01,Quarterly,288848.6,4934.6,0.0,102.1,5555.4,10592.2,2377.7,52079.9,353898.4,2266.1,10213.4,54787.6,210959.9,23014.1,288761.6,3188.9,15567.0,7189.5,26712.0,353898.4
2025-10-01,Quarterly,8413.7,8346.8,0.0,-607.6,12788.6,20527.8,18.7,23248.1,52208.4,827.0,47.2,5918.4,8302.4,23565.1,37785.9,407.2,6502.0,6463.7,175.3,52208.4
2025-10-01,Quarterly,0.0,0.0,0.0,0.0,0.0,0.0,0.0,0.0,0.0,0.0,0.0,0.0,0.0,0.0,0.0,0.0,0.0,0.0,0.0,0.0
2025-10-01,Quarterly,288848.6,4934.6,0.0,102.1,5555.4,10592.2,2377.7,52079.9,353898.4,2266.1,10213.4,54787.6,210959.9,23014.1,288761.6,3188.9,15567.0,7189.5,26712.0,353898.4
2025-10-01,Quarterly,8467.8,8346.8,0.0,-607.6,12788.6,20527.8,19.8,23583.8,52599.2,827.0,47.2,5918.4,8302.4,23565.1,37785.9,407.2,6548.9,6464.2,518.7,52599.2
2025-10-01,Quarterly,0.0,0.0,0.0,0.0,0.0,0.0,0.0,0.0,0.0,0.0,0.0,0.0,0.0,0.0,0.0,0.0,0.0,0.0,0.0,0.0
2025-10-01,Quarterly,1084.3,839.1,0.0,32.0,2143.8,3014.9,84.3,4059.9,8243.4,147.1,1.0,1454.6,2271.8,1566.0,5292.3,0.0,430.3,1413.2,959.4,8243.4
