date,frequency,m3_total,net_claims_on_gov_total,claims_on_gov,gov_deposits,claims_on_private_sector_total,loans,securities,net_foreign_assets_total,bnm,banking_system,other_influences
2013-01-01,Monthly,1375858.0100855597,61056.11101924996,110985.53023681998,49929.419217570015,1206306.48598756,1074110.96117156,132195.524816,513068.46619386994,422196.72547087003,90871.74072299992,-404573.05311512016
2013-02-01,Monthly,1379389.60038262,60773.715978960005,108970.81550115,48197.09952219,1212974.8796928502,1080131.1456258502,132843.734067,503323.46415824996,422659.68792324996,80663.77623499998,-397682.4594474402
2013-03-01,Monthly,1392122.9043967603,57605.874865809994,103061.13174172999,45455.25687591999,1224884.87763998,1090947.07133598,133937.806304,507187.73323805,424997.84772705,82189.88551099999,-397555.58134707983
2013-04-01,Monthly,1399798.86032899,55861.59897511999,105821.17486187999,49959.57588676,1229251.3480625895,1096758.7330075896,132492.615055,520758.6013893,426996.5504013,93762.05098799999,-406072.6880980195
2013-05-01,Monthly,1414632.14155153,57619.01292189998,101136.98892716998,43517.97600527,1239575.1053555498,1107121.75381855,132453.351537,527351.23168247,430520.68314847,96830.54853399997,-409913.2084083898
2013-06-01,Monthly,1414539.8932502798,59457.13419911,108660.06692204,49202.93272293,1253479.7386795299,1120338.4383395298,133141.30034000002,508473.49672898004,426338.04027998005,82135.45644899999,-406870.4763573402
2013-07-01,Monthly,1423236.8715086502,67929.78054833002,119266.67184392002,51336.89129559,1258222.3081563502,1126717.59361635,131504.71454000002,501946.70273685997,431834.76707485993,70111.93566200002,-404861.9199328898
2013-08-01,Monthly,1425783.3589622297,68406.18597728999,121662.33507531,53256.14909802,1265985.7854746499,1134965.21267765,131020.57279700002,494773.86027402,421669.04519801994,73104.81507600004,-403382.4727637299
2013-09-01,Monthly,1429486.85816048,74519.58391541,124827.13195265,50307.548037240005,1278014.3821980797,1145665.4909040798,132348.891294,510938.7605725501,437797.02961355005,73141.73095900004,-433985.86852556
2013-10-01,Monthly,1439106.5326351495,69228.75627305,123013.37413842001,53784.617865370004,1290980.19788684,1155066.82936984,135913.368517,516687.31224201,439488.69561101,77198.61663099998,-437789.7337667504
2013-11-01,Monthly,1426601.0415583698,59862.75910643001,122109.26252487,62246.50341844,1301626.6020665397,1162391.1214465396,139235.48062,509912.2291483799,437058.0873613799,72854.141787,-444800.5487629797
2013-12-01,Monthly,1452317.1304024002,70013.31229198,124014.27743863,54000.96514665,1321311.4541515298,1178907.96988353,142403.484268,514397.13295713,435062.58628565,79334.54667148,-453404.7689982398
2014-01-01,Monthly,1465999.82897352,74696.00852661999,130133.3894414,55437.38091478,1334521.1073372902,1190987.0570612901,143534.050276,519113.73003164,429137.51881616,89976.21121548001,-462331.0169220301
2014-02-01,Monthly,1462400.3009979904,75354.85648069001,132946.44023721002,57591.583756520005,1335616.01152816,1194293.05644416,141322.955084,520477.83044755005,420766.37886178005,99711.45158576999,-469048.3974584097
2014-03-01,Monthly,1475936.9967622,77004.76834284999,136269.96713299,59265.19879014,1345705.0566826444,1203504.7038543702,142200.3528282743,518624.21904103435,417775.97678028,100848.24226075434,-465397.04730432876
2014-04-01,Monthly,1486408.4528263498,87843.13157933002,135876.04409641,48032.912517079996,1353872.6480968797,1209079.1492618797,144793.498835,520521.1169365535,420966.2486866,99554.8682499535,-475828.4437864134
2014-05-01,Monthly,1495425.9731212698,81404.29982183,136834.42062168,55430.12079985,1362706.0068462999,1218699.6389722999,144006.367874,526978.08690856,420224.20580407995,106753.88110448001,-475662.4204554199
2014-06-01,Monthly,1496460.5251217,79891.76281963999,139862.45353312,59970.69071348,1374771.35387753,1229991.54247453,144779.81140299997,519203.75113326,416913.51461778005,102290.23651547999,-477406.3427087299
2014-07-01,Monthly,1506044.2106601,83135.27088570998,138463.20234375,55327.93145804001,1378683.1856915797,1231356.7024625796,147326.483229,537164.9966328801,416789.6485924,120375.34804048,-492939.2425500698
2014-08-01,Monthly,1497171.28127326,81882.11703721998,140389.01946838,58506.90243116001,1385331.9696326097,1239203.1374166098,146128.83221599998,529565.3459703401,417471.10407825,112094.24189209004,-499608.15136690973
2014-09-01,Monthly,1506485.3770338302,86156.24353210002,144692.21191128003,58535.96837918001,1398563.3333184102,1251933.6224594102,146629.710859,513288.27114878,410321.4984003,102966.77274848,-491522.47096546
2014-10-01,Monthly,1519719.9870700594,86287.36784605002,151173.48382944003,64886.11598339,1410382.2021813297,1263599.6251383298,146782.577043,509646.6447224099,413099.48686892993,96547.15785347998,-486596.22767973033
2014-11-01,Monthly,1530728.00946665,92088.59311566001,156507.20567646003,64418.612560800015,1422502.0574565497,1273517.1713105498,148984.886146,499418.71428933996,405089.11571586,94329.59857347999,-483281.35539489967
2014-12-01,Monthly,1557612.31459431,104330.53959442998,155350.30497543,51019.765381000005,1439345.56960459,1290295.61171359,149049.957891,505039.39073220995,400059.54797073,104979.84276147996,-491103.18533692
2015-01-01,Monthly,1557187.6932472503,108660.78294048,162772.76615583,54111.98321535,1447652.2974235099,1296641.5222265099,151010.77519699998,492295.6008844601,379637.8187299801,112657.78215448001,-491420.98800119956
2015-02-01,Monthly,1564038.12416084,101619.48828031003,156450.24476932004,54830.75648901,1455593.59527803,1303816.67302203,151776.92225600002,493364.63417106005,379158.70937958,114205.92479148005,-486539.59356856014
2015-03-01,Monthly,1592558.6701514304,99720.81942106,153745.2631952,54024.443774139996,1467732.3452477402,1315531.29264274,152201.052605,510607.84510273003,382794.07779825,127813.76730448002,-485502.3396200997
2015-04-01,Monthly,1583131.69299332,92831.37112114002,151594.07099965002,58762.69987850999,1467908.52755235,1315380.02365035,152528.503902,505983.95896632,385492.39201383997,120491.56695247999,-483592.16464648984
2015-05-01,Monthly,1579862.4249439102,81935.78297700001,152004.78408452,70069.00110752,1478293.3802700203,1326960.7679040204,151332.61236600002,501368.93676485,387441.84938837,113927.08737648,-481735.6750679603
2015-06-01,Monthly,1584443.2409687797,79310.67383999004,157524.17880569003,78213.50496569999,1490891.4432735199,1337830.73991152,153060.70336199997,507088.56955324,391023.87703676004,116064.69251647998,-492847.4456979702
2015-07-01,Monthly,1570074.16046867,80611.85667459003,159826.93019733002,79215.07352273999,1499633.0384516101,1344834.55884161,154798.47961,479673.73870852,357576.36271104,122097.37599748,-489844.4733660502
2015-08-01,Monthly,1571522.2727962895,80165.22931227,157721.23779047,77556.0084782,1515406.1347193497,1358886.2507253496,156519.88399400003,463495.81026849,350578.33265101,112917.47761747999,-487544.90150381986
2015-09-01,Monthly,1593104.17218926,90080.21845564,158656.52621879,68576.30776315,1527885.0714570698,1370684.4857850699,157200.58567200004,520957.9146953599,406784.38034987997,114173.53434547994,-545819.0324188098
2015-10-01,Monthly,1585169.9641837003,87604.6289829,153744.72487861,66140.09589571,1537173.39400617,1376649.1672821702,160524.226724,531098.94460337,409593.77133589,121505.17326747999,-570707.0034087399
2015-11-01,Monthly,1592321.5312015198,89729.84795946002,152600.05810651003,62870.210147050006,1544948.26282253,1382310.17291453,162638.08990800002,541765.16648963,411766.52613115,129998.64035848001,-584121.7460701002
2015-12-01,Monthly,1603938.0351888905,96685.55954474001,154997.23505163,58311.67550689,1558320.80389672,1396417.62442372,161903.17947300005,521246.0465106801,401086.72311620007,120159.32339448004,-572314.3747632499
2016-01-01,Monthly,1597275.3067143003,102789.65487937002,158635.49978768002,55845.84490831,1566338.7587453006,1403920.7487453006,162418.01,515294.49334972,402050.07876024005,113244.41458947999,-587147.6002600903
2016-02-01,Monthly,1612464.2617452103,100468.52409857998,159052.48499236998,58583.96089379,1572496.34685473,1407056.7141417302,165439.63271299994,529259.0489997499,402409.41220727,126849.63679247999,-589759.6582078497
2016-03-01,Monthly,1613189.95771139,94321.88760966006,155905.24090367006,61583.35329401,1570993.3614794002,1407300.9048014001,163692.456678,503501.88481101,374155.32447653,129346.56033447996,-555627.1761886806
2016-04-01,Monthly,1611143.38567975,94981.57322583001,155682.50530231002,60700.932076480014,1574904.5535060603,1405698.2000180602,169206.35348800002,500455.31774795987,373921.6152994799,126533.70244847993,-559198.0588001001
2016-05-01,Monthly,1620291.89768178,91228.01154614,159425.38625001,68197.37470387,1584420.6450280903,1416266.9364340904,168153.70859400003,506009.05759708,375185.3658906,130823.69170647999,-561365.8164895305
2016-06-01,Monthly,1621162.4790724902,92396.58792241,158209.21554716,65812.62762475,1593388.19652143,1424245.43805543,169142.75846600003,505535.29736373003,382775.32055225,122759.97681148,-570157.6027350797
2016-07-01,Monthly,1607918.4765906301,90831.38709773998,151014.60893447997,60183.22183673999,1597196.4884346104,1426718.7352286105,170477.753206,502998.88804885006,383490.08664537006,119508.80140347999,-583108.2869905703
2016-08-01,Monthly,1609689.4250573297,83955.81499025,151873.67295314,67917.85796288999,1603191.25022304,1431577.9479180402,171613.30230500002,502891.79491686006,384344.36244638,118547.43247048002,-580349.4350728202
2016-09-01,Monthly,1629047.9033549302,94367.01336936004,150605.21640276004,56238.2030334,1616991.61047753,1442989.57618753,174002.03428999995,507748.07278931,397159.51433383004,110588.55845548,-590058.7932812697
2016-10-01,Monthly,1638752.0719878804,89012.54769985001,153045.8698249,64033.32212504999,1626024.0051720298,1452112.65997303,173911.34519899992,513493.40213526,397723.25915978,115770.14297547999,-589777.8830192597
2016-11-01,Monthly,1643004.4181548902,107560.08198520995,160082.98993108995,52522.907945880004,1637900.44956923,1466605.07253623,171295.377033,500409.49046125007,391822.9524247701,108586.53803647998,-602865.6038607997
2016-12-01,Monthly,1655224.991408,113193.16540247004,166425.06159201002,53231.89618953999,1648719.33114371,1480344.68432571,168374.64681800004,517820.76528517995,415756.1867587,102064.57852647996,-624508.2704233599
2017-01-01,Monthly,1670516.2235230699,119323.05739545003,178571.75998755003,59248.7025921,1655802.2594905603,1485360.0657385602,170442.193752,528394.07716024,417820.86321776,110573.21394248,-633003.1705231804
2017-02-01,Monthly,1675194.6709240996,130723.27124052,186249.12457972,55525.853339199995,1658503.4965432899,1485434.06682429,173069.42971899998,523201.31710411,418085.85430263,105115.46280148003,-637233.4139638203
2017-03-01,Monthly,1688301.1061160099,152062.91171609997,204442.87237967996,52379.960663579994,1675968.1379573,1493934.5823883,182033.55556900005,504738.5328408799,414021.8342304,90716.69861047996,-644468.4763982701
2017-04-01,Monthly,1685054.6373759801,148187.58649763,205171.32098377,56983.734486140005,1677362.7616572801,1493793.4962172802,183569.26544000002,514647.32024345995,417038.7292989799,97608.59094448003,-655143.03102239
2017-05-01,Monthly,1698856.22484555,146061.95504655,207125.0697584,61063.11471185001,1683154.5031298397,1496777.0403078396,186377.462822,523561.3766733699,425179.7722508899,98381.60442247998,-653921.6100042094
2017-06-01,Monthly,1693309.8436439496,146214.04565639002,206072.15452515002,59858.10886876,1691434.7939395101,1505167.3078905102,186267.48604900003,505968.82145519997,416720.16739971994,89248.65405548002,-650307.8174071505
2017-07-01,Monthly,1688904.87805021,138453.41145279998,210397.64114651,71944.22969371,1695147.2792633702,1505883.3113273701,189263.96793599997,514192.78493707994,418929.8800206,95262.90491647995,-658888.5976030403
2017-08-01,Monthly,1698970.3431681602,137203.96674983998,210102.60611244998,72898.63936261,1701311.8057178997,1512874.3222608997,188437.483457,518517.87717575,423552.08464127,94965.79253447996,-658063.3064753294
2017-09-01,Monthly,1715771.0848531201,133000.25955831,199584.16052188,66583.90096356999,1708490.2180831502,1515221.31946115,193268.898622,527884.30046207,419613.66290159,108270.63756048003,-653603.6932504104
2017-10-01,Monthly,1727341.8780788905,139088.99411363,195864.65983277,56775.66571913999,1717503.6736286697,1515945.0930896697,201558.580539,533669.0332579799,420802.39266449993,112866.64059348003,-662919.8229213891
2017-11-01,Monthly,1732984.3070308706,134284.44418459001,188958.58106827,54674.136883679996,1722416.5198121206,1520724.3947061205,201692.12510600005,539332.0083916899,422277.69775520987,117054.31063647996,-663048.6653575302
2017-12-01,Monthly,1736444.6808185403,129823.75600892,186671.37615967,56847.62015075001,1745090.64794368,1537000.51104568,208090.13689800003,517269.43748208997,406832.00541061006,110437.43207147993,-655739.1606161499
2018-01-01,Monthly,1750433.7197201697,119355.26755615996,188000.74668350996,68645.47912735,1755958.36221335,1545343.96793735,210614.39427599998,536336.49691839,411862.26756591006,124474.22935247998,-661216.4069677305
2018-02-01,Monthly,1759285.5490387902,124661.50473844,189309.45882143,64647.95408298999,1760250.7680294302,1549704.2881284303,210546.47990099998,532485.74843239,411718.89348590997,120766.85494648003,-658112.47216147
2018-03-01,Monthly,1791436.16468931,123374.72309148003,187872.41515289003,64497.692061409994,1772121.6715995003,1557373.3936955004,214748.27790400002,539135.6642473501,408790.28252287,130345.38172448002,-643195.8942490207
2018-04-01,Monthly,1814046.8904720098,125618.08444738999,200275.48996823,74657.40552084,1823248.5008719398,1595915.0383019398,227333.46256999997,553368.24866144,415461.95755596,137906.29110548002,-688187.9435087602
2018-05-01,Monthly,1815985.6619323103,138170.79459964,211840.30006647002,73669.50546683,1826278.73332544,1600896.10831844,225382.625007,538645.2705647,411360.34677822003,127284.92378647995,-687109.1365574698
2018-06-01,Monthly,1818539.26863052,144612.12462075998,220256.30412994997,75644.17950919001,1840215.5109503502,1609171.51139035,231043.99956000003,528715.3891226,415678.64636612,113036.74275647997,-695003.7560631898
2018-07-01,Monthly,1823494.6389244902,143703.61621921998,226728.678539,83025.06231978,1849097.89408055,1615737.18070755,233360.71337299998,528167.3984221701,415124.7513646901,113042.64705747999,-697474.2697974498
2018-08-01,Monthly,1831254.0664328993,142979.51270642,226730.58529112002,83751.07258470001,1864237.99709655,1625542.71328255,238695.28381400005,520504.51632334007,414787.71115186,105716.80517148004,-696467.9596934106
2018-09-01,Monthly,1845007.2359624906,157540.56569164997,229066.09457088998,71525.52887924,1860860.97483539,1623291.28206639,237569.69276900004,528160.31201459,419158.27145411004,109002.04056047999,-701554.6165791396
2018-10-01,Monthly,1871644.7424249402,167074.59183316003,232377.08826434004,65302.49643118,1870459.2511398,1629128.5355858,241330.715554,525983.42649578,413677.9797643,112305.44673148001,-691872.5270437999
2018-11-01,Monthly,1882099.71140033,179436.83422725,243820.70766535,64383.87343810001,1880853.4467406604,1637066.3561326603,243787.09060800006,524713.6373777,415013.64376421995,109699.99361348002,-702904.2069452801
2018-12-01,Monthly,1894517.21814177,183633.99034535995,249183.70391132997,65549.71356597001,1892469.5636992003,1645783.7220732002,246685.841626,522402.49113355,411768.06699207,110634.42414148,-703988.8270363401
2019-01-01,Monthly,1888709.0169753404,183717.05220423,257948.23924317,74231.18703894,1902276.4567993004,1651509.5965863003,250766.86021299998,519994.92117691005,414521.25338443,105473.66779248003,-717279.4132051001
2019-02-01,Monthly,1888563.9636501898,180583.10743304002,257022.23337683003,76439.12594379002,1902667.25949987,1650269.4000798701,252397.85941999996,523053.2759522,415444.70398972003,107608.57196247998,-717739.6792349201
2019-03-01,Monthly,1898874.07010358,173613.62047783998,260010.60872363,86396.98824579001,1911823.2845220598,1658838.9642670597,252984.32025500003,527362.80608107,412535.02635559003,114827.77972547998,-713925.6409773899
2019-04-01,Monthly,1909451.74930052,188260.55253521996,265061.98186147,76801.42932625001,1912211.5229038498,1660276.8302768497,251934.69262700004,525325.8140349999,414195.99860151997,111129.81543347999,-716346.1401735499
2019-05-01,Monthly,1917074.12862908,190923.22797541,274593.68162259,83670.45364718,1919004.4135260899,1666747.6602220898,252256.753304,517934.6450214699,409679.4245959899,108255.22042548,-710788.1578938897
2019-06-01,Monthly,1912073.7883280301,176521.76071503002,271666.36459546,95144.60388042999,1925699.1838105302,1672568.8590265303,253130.324784,528008.5257338299,417643.87571334996,110364.65002048001,-718155.6819313603
2019-07-01,Monthly,1913308.4505295504,172713.21959473,267434.85054681,94721.63095208,1930036.77776934,1672490.55987834,257546.21789099995,533604.31300772,422555.08051924,111049.23248848002,-723045.8598422396
2019-08-01,Monthly,1908652.52297065,171391.60440874,271031.28418634,99639.67977759999,1933061.99531624,1681772.4106992402,251289.58461699996,522470.1062066201,420924.73800614005,101545.36820048004,-718271.1829609501
2019-09-01,Monthly,1916354.0407856596,177583.57573105,273255.3868965,95671.81116545001,1944216.89820704,1689524.99445204,254691.903755,509126.87469409005,423527.55882361,85599.31587048002,-714573.30784652
2019-10-01,Monthly,1934741.9214318595,187579.33964803,271825.80809816,84246.46845013,1948971.6498826398,1694709.0209846399,254262.628898,514536.0091178,424439.64408332,90096.36503448,-716345.0772166097
2019-11-01,Monthly,1934899.6563546997,184350.7670775699,265971.78421345993,81621.01713589001,1960488.9163066302,1702958.2555266302,257530.66078,515764.04934351007,424250.69651203003,91513.35283148,-725704.0763730103
2019-12-01,Monthly,1961553.8701222101,194584.14651805,256438.29656348,61854.15004543,1976462.7471720001,1715637.4018130002,260825.345359,521814.02628506004,423780.63663458003,98033.38965048,-731307.0498529003
2020-01-01,Monthly,1961429.7159558395,198000.18877734,262586.03839734,64585.84962000001,1976134.1932990903,1714819.4575690902,261314.73573,521354.25069258,418596.6780191,102757.57267348001,-734058.9168131704
2020-02-01,Monthly,1958708.0511821103,202968.59403415996,279301.13203529996,76332.53800114,1984279.84324748,1719264.20200048,265015.641247,510238.84924302,415621.27692254,94617.57232048003,-738779.2353425497
2020-03-01,Monthly,1968374.9538500102,218437.08172954997,288585.96716645994,70148.88543690999,1986926.85373504,1726193.34626704,260733.50746799997,512340.9670561801,432124.72040270007,80216.24665348005,-749329.94867076
2020-04-01,Monthly,1994098.5670254608,252669.43325101992,315819.17425278993,63149.74100177,1989095.3741051601,1727146.51948516,261948.85462,534975.80330396,435784.56308348,99191.24022048002,-782642.0436346796
2020-05-01,Monthly,2006707.62050846,249677.62170991,318444.67496863997,68767.05325873,1997015.54929885,1731694.00368885,265321.54561,538635.21856126,437838.30063378,100796.91792748004,-778620.76906156
2020-06-01,Monthly,2019910.7950384591,244891.65344595,324022.37755122,79130.72410527,2005484.3870316502,1741095.3553606502,264389.031671,542868.41419506,435106.92324458,107761.49095048002,-773333.6596342006
2020-07-01,Monthly,2029667.981695761,257387.11122462,338314.24686708,80927.13564246,2015380.9990169602,1745028.20460396,270352.79441300005,550356.08717312,438374.24015764,111981.84701547999,-793456.2157189396
2020-08-01,Monthly,2031377.1454247592,254073.63292719997,327520.706348,73447.0734208,2025047.3119556303,1754153.0317316302,270894.280224,553779.56119758,438882.23993609997,114897.32126148001,-801523.3606556507
2020-09-01,Monthly,2038661.56848101,251115.93694376998,333477.25516435,82361.31822058,2032507.9237023997,1762188.3734843999,270319.55021799996,535191.77407523,428535.58285074995,106656.19122448002,-780154.0662403897
2020-10-01,Monthly,2036415.85328786,250867.91837937006,327998.00056089007,77130.08218152,2038805.63055394,1764821.72362994,273983.90692399995,528293.57008014,426935.44349166,101358.12658848,-781551.26572559
2020-11-01,Monthly,2035491.7150932692,253941.08798491,323468.56150575,69527.47352084001,2038086.6063074297,1763852.8846024298,274233.72170500003,530231.6778895,429582.72857602005,100648.94931348004,-786767.6570885701
2020-12-01,Monthly,2040993.8956126096,252804.11663499003,323610.25839774,70806.14176275,2046171.1488975298,1769764.0465905298,276407.10230699996,525605.20213976,424524.41765927995,101080.78448048003,-783586.5720596701
2021-01-01,Monthly,2045652.1371940202,254639.53248572993,331951.3174135999,77311.78492787,2050798.0149658602,1774536.13141586,276261.88355,524075.8345898801,428738.99217140005,95336.84241848004,-783861.24484745
2021-02-01,Monthly,2058351.8305820203,253462.6419114301,331657.2523941701,78194.61048274,2052104.3528933101,1777241.0831473102,274863.26974600006,526219.03611911,430069.61426663,96149.42185247998,-773434.2003418299
2021-03-01,Monthly,2088401.61568222,257414.98937090999,333874.11080142,76459.12143051001,2063663.0511672203,1790692.9541932202,272970.096974,542634.75003399,442937.40335450997,99697.34667948002,-775311.1748899003
2021-04-01,Monthly,2078978.51204807,262190.33566758,339314.64132497,77124.30565739,2060502.8350391297,1791297.1511011298,269205.68393799994,544089.0726578999,451698.88318942,92390.18946848,-787803.7313165397
2021-05-01,Monthly,2082749.6241640202,251487.7780704601,342450.2340668501,90962.45599639,2067303.5800394504,1796705.5595904505,270598.020449,548845.2478885701,452681.36027709,96163.88761148005,-784886.9818344606
2021-06-01,Monthly,2087879.4582500702,256327.76107231,353267.57266254,96939.81159023,2069964.45268193,1797884.44301693,272080.00966499996,550476.23958245,453516.90589297004,96959.33368948002,-788888.9950866199
2021-07-01,Monthly,2106362.07319396,262273.10733384,354822.20227194997,92549.09493811,2076241.1122224103,1798609.2534734104,277631.858749,561543.9578170599,453797.43201357994,107746.52580348004,-793696.1041793503
2021-08-01,Monthly,2104909.829143611,263817.74289680005,358155.90936900006,94338.1664722,2075968.401490101,1796493.0116551009,279475.389835,572180.8009549001,454697.17947542004,117483.62147948002,-807057.1161981907
2021-09-01,Monthly,2133618.8665339407,277766.5259260299,360372.0184726599,82605.49254663,2090634.7037693702,1811630.5541633703,279004.149606,570130.38514259,454005.45909911004,116124.92604347998,-804912.7483040497
2021-10-01,Monthly,2130024.1270335405,270312.08929968,358743.19464448,88431.1053448,2101647.6025510803,1824301.9182230802,277345.684328,565421.9911922601,457697.90399278,107724.08719948,-807357.5560094803
2021-11-01,Monthly,2162302.229651939,286576.1262450899,361978.54245993996,75402.41621485,2118264.32902244,1839834.8205644402,278429.508458,570803.80909012,460457.51147464005,110346.29761548003,-813342.0347057105
2021-12-01,Monthly,2171798.67048355,282939.59711591,363042.04002687,80102.44291095999,2123706.23894693,1849368.65751193,274337.581435,575638.35136064,458640.69460616,116997.65675448003,-810485.5169399304
2022-01-01,Monthly,2178879.6026096996,287424.764583,368209.69669295,80784.93210995001,2133024.60201358,1859101.3965365798,273923.20547700004,562233.6517955901,455472.66941811005,106760.98237747999,-803803.4157824705
2022-02-01,Monthly,2197890.60032841,288068.32479880995,374876.44796326995,86808.12316446,2136958.52582056,1863494.65491756,273463.870903,576515.5817311101,454058.50825063,122457.07348048006,-803651.8320220697
2022-03-01,Monthly,2203024.2355740797,300141.08222091,377924.7379153,77783.65569438999,2146724.2851484604,1872270.7244614605,274453.560687,556106.38723915,457655.42277467,98450.96446448,-799947.5190344409
2022-04-01,Monthly,2214987.72994838,308117.71926437004,381577.67388828006,73459.95462391,2152385.16341998,1881971.40825898,270413.755161,546133.7561503301,444423.93083985,101709.82531048005,-791648.9088863002
2022-05-01,Monthly,2226588.357649349,314123.94256761007,391654.04705988005,77530.10449226998,2157416.5148851695,1886470.6304651697,270945.88442,546436.5725064401,446044.70176796004,100391.87073848,-791388.6723098705
2022-06-01,Monthly,2225258.6098316004,314739.3028039401,399822.54967529007,85083.24687135,2169311.7692174907,1900157.3176684906,269154.451549,551644.48359629,451783.83101881004,99860.65257747998,-810436.9457861204
2022-07-01,Monthly,2222146.50545537,309123.04612778005,397450.05804955005,88327.01192177001,2139182.982778368,1874049.150309368,265133.832469,553145.04420495,452460.21288313,100684.83132181998,-779304.567655728
2022-08-01,Monthly,2241310.60336446,303109.3114194701,401820.8841436301,98711.57272415998,2160509.0600584196,1885516.9452094198,274992.114849,555249.7920488701,448191.4334141901,107058.35863468001,-777557.5601622998
2022-09-01,Monthly,2254815.67722914,303059.53758627997,410073.07532648,107013.5377402,2169941.5348060275,1896182.9855860276,273758.54922000004,568869.96477277,463169.9977488,105699.96702396998,-787055.3599359374
2022-10-01,Monthly,2257146.3350251997,310880.86338781996,409768.55122748995,98887.68783966999,2184393.777142299,1907198.6169892987,277195.160153,571201.2421086099,459026.85208772996,112174.39002087995,-809329.547613529
2022-11-01,Monthly,2257943.941070889,319890.67117313005,413084.61861051,93193.94743738,2193094.5177290193,1912655.8531890195,280438.66453999997,577055.0656977401,480256.6443442401,96798.42135349999,-832096.3135290004
2022-12-01,Monthly,2265666.77939464,324845.85171421,410680.52030787,85834.66859366001,2204613.108431101,1926876.2074541007,277736.900977,564308.2291465001,475059.71322137,89248.51592513005,-828100.409897171
2023-01-01,Monthly,2275666.86849354,341416.56940425996,422068.30977598997,80651.74037173,2209724.45852383,1928420.57598083,281303.882543,572130.3472261501,477555.52203595,94574.82519020006,-847604.5066606998
2023-02-01,Monthly,2291458.69199849,336468.55876413,434145.15091374004,97676.59214961002,2215205.509799701,1933220.5575337012,281984.952266,574813.9723641401,473354.67865362,101459.29371052008,-835029.348929481
2023-03-01,Monthly,2292066.47469126,335704.50813752995,427465.83014931995,91761.32201179,2228385.503583929,1942480.362925929,285905.140658,582805.4979502701,481092.74673061003,101712.75121966001,-854829.0349804689
2023-04-01,Monthly,2287421.06043557,338018.17608594004,432143.68266258005,94125.50657664,2229523.792556189,1942713.1627081889,286810.629848,580862.0850567501,476159.5008980401,104702.58415871,-860982.9932633092
2023-05-01,Monthly,2297944.7377014006,338196.20804654004,431714.55626925005,93518.34822270999,2240910.0197065803,1952255.5899495801,288654.429757,579074.4512706801,468011.06228983006,111063.38898085002,-860235.9413223999
2023-06-01,Monthly,2306319.1371254306,342419.54033159,435145.00560495,92725.46527336,2246980.5095101083,1958294.587024108,288685.922486,600646.8203709701,492035.34491713,108611.47545384002,-883727.7330872377
2023-07-01,Monthly,2300102.81751452,335413.13229425997,427014.58864171995,91601.45634746,2255788.98613551,1961388.3139825095,294400.672153,612917.60081948,499235.49805886,113682.10276061998,-904016.9017347295
2023-08-01,Monthly,2305718.4271621094,335057.63359569997,431394.91379021,96337.28019451001,2268079.0343297087,1973687.5312057089,294391.503124,603494.620344,496815.49923023005,106679.12111376997,-900912.8611072992
2023-09-01,Monthly,2319716.3363324106,339282.58959052997,438731.40128416,99448.81169363002,2282401.8865052783,1986577.3416492783,295824.544856,582149.62830402,487228.98498295,94920.64332107,-884117.7680674177
2023-10-01,Monthly,2339704.34330855,349248.08115191,441579.68899883004,92331.60784692001,2288634.8711061114,1991002.4893761112,297632.38173,575244.6746140299,479453.81569003995,95790.85892398999,-873423.2835635017
2023-11-01,Monthly,2361524.1463860003,358038.75022236,434102.93735849,76064.18713612999,2305997.6757488796,2007546.1077268794,298451.5680220001,599365.5910155401,497246.18132150004,102119.40969403999,-901877.8706007793
2023-12-01,Monthly,2402067.8938329997,369718.2802197,441495.39062443003,71777.11040473,2327861.6389970295,2027363.9155410298,300497.723456,613549.2445841001,491064.2883960701,122484.95618803005,-909061.2699678303
2024-01-01,Monthly,2412177.94835346,378974.8341966999,454782.7039328599,75807.86973616,2331729.83004638,2031465.66374638,300264.1663,618238.64128322,497367.22691064,120871.41437258,-916765.3571728407
2024-02-01,Monthly,2423051.56552009,383602.7610973699,459563.16803828,75960.40694091,2340882.585066931,2040154.480059931,300728.105007,621356.67479493,494636.82570855,126719.8490863801,-922790.4554391413
2024-03-01,Monthly,2434180.503771829,383491.42137601,465195.07660944,81703.65523343002,2349430.99545369,2052815.30470869,296615.690745,659715.4175754,508692.28716269,151023.13041271,-958457.3306332708
2024-04-01,Monthly,2425707.12272514,383708.70736723,466857.36324583,83148.6558786,2347756.603939319,2053708.025841319,294048.578098,649094.2375625501,503978.0811445701,145116.15641798,-954852.4261439597
2024-05-01,Monthly,2430427.57768419,383921.3633908501,468834.7834098401,84913.42001899,2354184.897008209,2063017.758389208,291167.138619,654280.30180629,507819.87839915,146460.42340714,-961958.9845211586
2024-06-01,Monthly,2426401.30858519,384272.4661421999,466584.0476403399,82311.58149813999,2368796.797357741,2077187.956237741,291608.84112,646701.49508637,507260.9033945,139440.59169187,-973369.4500011206
2024-07-01,Monthly,2423037.46468556,387316.58564966,468700.25308383,81383.66743417001,2370866.295029832,2078824.473360832,292041.821669,644781.4834182701,511242.05488641,133539.4285318601,-979926.8994122023
2024-08-01,Monthly,2414067.47187027,379912.1301628201,463244.7965627001,83332.66639987999,2378926.393681382,2087293.118270382,291633.275411,653322.4621933401,520431.6246669,132890.83752644,-998093.514167272
2024-09-01,Monthly,2417121.63188471,372866.4192031599,457845.70826529,84979.28906213002,2389847.42377628,2099899.44840728,289947.975369,605958.58768646,464319.30210725,141639.28557921,-951550.7987811901
2024-10-01,Monthly,2438253.29099852,376256.9152587201,457136.71160055,80879.79634183,2401487.703511479,2109274.90703448,292212.7964769999,590233.96206219,455541.9183949,134692.04366729,-929725.2898338696
2024-11-01,Monthly,2454992.87359158,376911.69120264,459069.80811357,82158.11691092998,2418597.80876591,2122666.81269991,295930.996066,593250.7496049401,458951.77119799,134298.97840695,-933767.3759819102
2024-12-01,Monthly,2488430.48135352,383154.91156458,454918.44624613,71763.53468155,2434787.493414519,2138565.425867519,296222.067547,631832.6907010899,491886.8821907999,139945.80851029,-961344.6143266684
2025-01-01,Monthly,2492236.5587416096,382607.51426364004,460235.77006005,77628.25579641,2442722.6813035808,2146885.7833925807,295836.897911,643397.15195957,492656.45719516,150740.69476441,-976490.7887851812
2025-02-01,Monthly,2483043.0074604596,374584.5314981099,467995.58495233994,93411.05345423,2446369.2361097913,2150065.612073791,296303.624036,644213.29536743,501124.0472151,143089.24815232996,-982124.0555148716
2025-03-01,Monthly,2490114.78536687,373726.00048,462489.28648415,88763.28600415001,2463374.1207437804,2163029.6599577805,300344.460786,625154.66980259,492314.33986215,132840.32994044005,-972140.0056595004
2025-04-01,Monthly,2502667.9006902203,378930.71207863005,467734.45158488007,88803.73950625,2465568.874025382,2163444.109927382,302124.764098,648826.57990105,497831.02730802,150995.55259303,-990658.2653148418
2025-05-01,Monthly,2495475.95393088,369685.60443130997,457652.49743218994,87966.89300088,2473816.2824387513,2172560.0776267513,301256.20481200004,662836.7149702999,501555.3754536099,161281.33951668997,-1010862.647909481
2025-06-01,Monthly,2503418.6332552303,374895.55014284997,466121.18292021996,91225.63277736999,2487274.0772998165,2185809.9104358163,301464.166864,643289.5830511,482223.3816524,161066.20139869998,-1002040.5772385361
2025-07-01,Monthly,2516209.98575143,387584.5910852499,478458.7349435499,90874.1438583,2498682.205927088,2192123.128467088,306559.07746,635620.5627188201,485006.17806759,150614.38465123,-1005677.3739797284
2025-08-01,Monthly,2512109.80481048,379762.99560565,476049.74192119,96286.74631554,2508746.012862812,2201661.5219528116,307084.49091,649899.1783892801,490838.0044934001,159061.17389588006,-1026298.3820472611
2025-09-01,Monthly,2522834.5970244203,370896.9188502699,469915.86966370995,99018.95081344001,2528821.121149742,2210327.854763742,318493.266386,637945.68928986,492973.71924941,144971.97004044996,-1014829.1322654518
2025-10-01,Monthly,2546954.11817917,379202.4538785901,461523.97109243006,82321.51721384,2546469.38739908,2222724.6225920804,323744.76480699994,633492.7907378002,493634.32506147015,139858.46567633,-1012210.5138363003
2025-11-01,Monthly,2550062.51744254,381796.80014487,459696.87312638003,77900.07298151002,2560236.4988499605,2231973.1775339604,328263.32131599996,634731.0910136199,494850.56308995985,139880.52792366,-1026701.8725659099
2025-12-01,Monthly,2591321.79563824,388047.07381426,457016.81780606,68969.7439918,2580168.66056168,2246850.0542576797,333318.606304,641602.6373238703,482900.50800201035,158702.12932186003,-1018496.5760615707
2026-01-01,Monthly,2578208.9283739794,376336.97802255,452190.5077996,75853.52977705,2587000.7906532,2252837.6004882,334163.19016500004,647632.7600759105,487864.49749042036,159768.26258549007,-1032761.6003776812
2026-02-01,Monthly,2589555.71113157,379542.71492057,464355.25430033,84812.53937976001,2599034.7388746906,2264253.0635816907,334781.675293,652901.9051826204,493262.9154764904,159638.98970613003,-1041923.6478463113
2026-03-01,Monthly,2627064.4946447997,376416.58532163,451088.19360364997,74671.60828202,2615996.3369792905,2282080.6571932905,333915.67978600005,643376.10440159,484947.58187929,158428.5225223,-1008724.5320577106
2026-04-01,Monthly,2627554.53339764,387285.26228369004,454255.97356574005,66970.71128205,2622576.3277722695,2286030.3243042696,336546.003468,653015.08779633,497256.09798633994,155758.98980999,-1035322.14445465
