date,frequency,m3,m2,m1,currency_in_circulation,demand_deposits,narrow_quasi_money,savings_deposits,fixed_deposits,nids,repos,fx_deposits,other_deposits,deposits_placed_other_banking_inst
2013-01-01,Monthly,1375858.01008556,1355381.19146356,297582.23925056,60071.48826855999,237510.750982,1057798.952213,126010.998517,619969.734995,20736.648408999998,5823.233723,73996.74743799999,211261.58913100004,20476.818621999817
2013-02-01,Monthly,1379389.60038262,1358466.7515996203,294329.32048262,61670.03473461999,232659.28574799997,1064137.4311170003,128800.088324,623243.3143670001,19550.616030999998,5002.555576,72880.341215,214660.51560400001,20922.848782999674
2013-03-01,Monthly,1392122.90439676,1373101.6441277603,293719.63085776,61175.159647759996,232544.47121000002,1079382.0132700002,129017.77819699999,636731.271358,20064.455315000003,5002.555576,71164.234408,217401.71841600008,19021.26026899973
2013-04-01,Monthly,1399798.8603289898,1382444.0618049903,292406.82690999,61196.841584990005,231209.985325,1090037.2348950002,129863.29137400001,644888.5444710001,19597.488321000004,5161.933091999999,71634.54429600001,218891.433341,17354.798523999518
2013-05-01,Monthly,1414632.14155153,1398166.29542853,295628.25399153,60710.720383529995,234917.53360799997,1102538.041437,128664.16344599999,649938.363237,22501.758149000005,5750.37753,77524.327632,218159.051443,16465.84612299991
2013-06-01,Monthly,1414539.8932502798,1400408.0024792799,298805.47405128,61047.036374280004,237758.43767699998,1101602.528428,130169.15797499997,657497.731514,24631.337987000003,5056.089648,77617.97695900002,206630.234345,14131.890770999948
2013-07-01,Monthly,1423236.87150865,1409696.34705265,304203.00236865,62179.662947649995,242023.33942099998,1105493.3446840001,132470.528595,659777.553854,24292.282992000004,5630.2292130000005,75450.86453,207871.88549999997,13540.524455999956
2013-08-01,Monthly,1425783.35896223,1410527.9906762303,299990.67179923004,62479.77698223,237510.89481700002,1110537.3188770001,132702.071925,664177.361789,23366.693194,4995.454732,77587.08081700002,207708.65641999998,15255.368285999633
2013-09-01,Monthly,1429486.85816048,1416222.28957948,309595.38641348,61641.545940480006,247953.840473,1106626.903166,132929.68170400002,668980.190893,23758.314074000005,6751.225059,72580.874944,201626.616492,13264.56858099997
2013-10-01,Monthly,1439106.53263515,1423582.63802715,309144.19273415,61286.94813414999,247857.2446,1114438.445293,129852.77121899999,677270.2990019999,23002.730499000005,7346.390401000001,74886.51011999999,202079.744052,15523.89460800006
2013-11-01,Monthly,1426601.04155837,1409659.13356137,311419.78464637004,62123.16458637001,249296.62006000002,1098239.348915,129892.99627899998,665720.6888310001,20621.87134,1922.027891,75079.845691,205001.91888300003,16941.90799700003
2013-12-01,Monthly,1452317.1304026903,1436451.8506596903,327596.00783269,62980.61101669,264615.39681600005,1108855.8428270002,131765.24381400002,671265.081507,18291.768924,2089.671597,80327.08787000002,205116.98911500003,15865.279742999934
2014-01-01,Monthly,1465999.82897352,1447905.21964452,331995.46641952003,71356.41177652,260639.054643,1115909.7532249999,135785.327774,672170.1949619999,17958.079057000003,420.169626,81436.60178900002,208139.380017,18094.609329000115
2014-02-01,Monthly,1462400.30099799,1444810.65588199,325880.72828299,66678.12634499001,259202.60193799998,1118929.927599,137590.258962,673476.509599,17994.940453,441.605453,85099.366439,204327.246693,17589.64511599997
2014-03-01,Monthly,1475936.9967622,1459864.0668501998,327064.1755722,66327.45821819999,260736.717354,1132799.8912779998,136955.971712,679618.5095679999,18074.404619,49.713344,88880.32790599999,209220.96412900003,16072.929912000196
2014-04-01,Monthly,1486408.45282635,1469619.31941935,325494.86870535003,65609.09143335001,259885.777272,1144124.450714,137092.976831,687109.1793670001,17741.081835999998,515.427517,89574.70231400001,212091.082849,16789.133406999987
2014-05-01,Monthly,1495425.97312127,1476642.7089382699,324030.83956427,66197.66476827001,257833.17479599998,1152611.869374,135260.36556,685784.578813,24304.611942,2789.18536,91368.16677,213104.960929,18783.264183000196
2014-06-01,Monthly,1496460.5251217,1479547.4481147,329259.8308657,65531.14690669999,263728.683959,1150287.617249,136128.235899,679784.506704,18011.548081,1146.39249,93801.57363599997,221415.36043899995,16913.0770070001
2014-07-01,Monthly,1506044.2106601,1489302.3101090998,331856.7553061,68323.84904210002,263532.906264,1157445.5548029998,136394.755469,681048.338701,18006.395468,2205.373948,97961.61152599998,221829.079691,16741.900551000144
2014-08-01,Monthly,1497171.2812732602,1480834.24114626,322962.38100526,66890.93378025999,256071.447225,1157871.860141,134136.58483,687515.903071,20785.846823,1033.370012,91165.973363,223234.18204200006,16337.040127000306
2014-09-01,Monthly,1506485.3770338302,1492807.26053283,330415.52807883,65701.74840583,264713.779673,1162391.732454,134290.67480500002,687702.447774,21676.682545,0.0,92522.73020099998,226199.19712899998,13678.116501000244
2014-10-01,Monthly,1519719.9870700599,1504906.79754106,327548.61299306003,65928.13393505999,261620.47905800003,1177358.1845479999,132410.24654999998,698886.883784,23835.857914999993,0.0,90696.56818999998,231528.628109,14813.18952899985
2014-11-01,Monthly,1530728.00946665,1517095.9516956501,330932.83105765004,67175.92523364999,263756.905824,1186163.120638,131721.43416900001,707468.7383800001,25269.589058,0.0,91190.751359,230512.60767199998,13632.057770999847
2014-12-01,Monthly,1557612.31459431,1544159.99998931,346415.85694931,68170.01586430999,278245.841085,1197744.14304,134931.368262,712239.578768,24707.607026999995,195.6604,96274.982815,229394.94576799995,13452.314604999963
2015-01-01,Monthly,1557187.6932472503,1545765.70036925,346300.43497325,71144.00664025,275156.42833300005,1199465.265396,137074.414281,715856.8315899998,25596.620524,0.0,97407.10340400001,223530.295597,11421.992878000252
2015-02-01,Monthly,1564038.1241608397,1552127.2033298402,351432.0498228401,74812.26859384,276619.7812290001,1200695.153507,139031.280948,724818.7973399999,24917.718404000003,46.134217,100710.443547,211170.77905100002,11910.920830999501
2015-03-01,Monthly,1592558.6701514302,1583077.52282843,360340.52635943005,72250.32838842999,288090.19797100005,1222736.996469,138643.702239,733497.156319,24275.184308,46.134217,111906.61738300002,214368.20200300004,9481.147323000245
2015-04-01,Monthly,1583131.69299332,1572159.3226243204,351905.53964632,72771.78518532001,279133.754461,1220253.7829780004,139692.922353,738167.1880230001,22210.688211000004,46.134217,109175.32375599998,210961.52641800002,10972.370368999662
2015-05-01,Monthly,1579862.42494391,1567577.17818791,352321.26072091004,73699.98512991,278621.27559100004,1215255.917467,133983.988055,741916.043662,20720.907424999998,145.767196,113030.046835,205459.164294,12285.246755999979
2015-06-01,Monthly,1584443.24096878,1574349.84007978,360586.34414978,72940.06450778,287646.279642,1213763.49593,136936.81588,736057.447353,18918.492707999998,0.0,112282.938063,209567.80192600001,10093.400888999924
2015-07-01,Monthly,1570074.16046867,1560912.98047467,347180.86542567,74174.23778867,273006.627637,1213732.115049,134986.290003,732152.310315,18437.336292,48.979685,120672.06576499998,207435.132989,9161.179994000122
2015-08-01,Monthly,1571522.27279629,1561341.62076029,351492.87933129,75403.93988629,276088.939445,1209848.741429,134708.04099,731961.432443,15567.978225,93.113107,127818.435328,199699.741336,10180.652036000043
2015-09-01,Monthly,1593104.17218926,1581305.81731726,357983.88368626003,75062.00373626,282921.87995000003,1223321.9336309999,136575.553946,734050.658765,13529.444723,46.541609,136562.152333,202557.582255,11798.354871999938
2015-10-01,Monthly,1585169.9641837003,1575491.5711207,351276.1414597,75818.09391669999,275458.047543,1224215.4296610001,135331.498382,737502.460239,12987.151740000001,0.0,139236.603555,199157.71574500002,9678.39306300017
2015-11-01,Monthly,1592321.53120152,1583959.7534515199,352369.04980552004,75743.25727552001,276625.79253000004,1231590.7036459998,134484.40464999998,733858.5457279999,12341.928832000001,0.0,147502.71727999998,203403.10715599998,8361.777750000125
2015-12-01,Monthly,1603938.03518889,1595853.7572998903,360502.94251989,76913.66633389,283589.27618600003,1235350.8147800001,135590.665853,742794.0689330001,12596.701023,0.0,145790.022104,198579.35686700002,8084.277888999786
2016-01-01,Monthly,1597275.3067142998,1587778.9943163,363454.2701183,81816.4368733,281637.833245,1224324.724198,136539.890149,735670.6878889999,10760.636057,0.0,137183.29384000003,204170.216263,9496.312397999922
2016-02-01,Monthly,1612464.26174521,1603038.2058602101,366985.32896221,80535.50083221002,286449.82813,1236052.876898,139022.148403,744947.4401410001,9501.434236,0.0,139427.678311,203154.17580700002,9426.055884999922
2016-03-01,Monthly,1613189.9577113898,1604254.2174383898,354187.04600438994,78915.76171439,275271.2842899999,1250067.171434,138981.586273,751548.4700569999,9354.656859,0.006822,136454.915225,213727.53619800002,8935.740272999974
2016-04-01,Monthly,1611143.3856797498,1601667.16179175,348627.82033975003,80001.67628975,268626.14405,1253039.341452,139180.576636,760760.170369,9181.422367000001,0.0,135169.94530300001,208747.22677699997,9476.223887999775
2016-05-01,Monthly,1620291.89768178,1608758.29626178,356464.27645778004,79859.74946178001,276604.52699600003,1252294.019804,138521.413335,761597.4608779999,8957.568981000002,0.0,138861.226029,204356.350581,11533.601419999963
2016-06-01,Monthly,1621162.4790724902,1611043.39596949,363910.68328049005,83118.66259649,280792.02068400005,1247132.712689,142166.97137999997,755876.223949,7533.630254999998,0.0,136067.51526,205488.37184499996,10119.083103000186
2016-07-01,Monthly,1607918.4765906301,1598473.0772146299,354250.9256866301,81543.70651863,272707.21916800004,1244222.151528,140105.75604700003,762432.8148459999,7876.8313370000005,0.0,132361.53705900002,201445.21223900001,9445.399376000278
2016-08-01,Monthly,1609689.42505733,1600710.6652563298,354935.38282033,81189.51785633,273745.86496399995,1245775.282436,140991.108456,766129.4779930001,6703.478520999999,0.0,128732.76544100003,203218.45202499998,8978.759801000124
2016-09-01,Monthly,1629047.9033549302,1620227.39195293,358242.86637193,82508.03517593,275734.831196,1261984.5255810001,143722.598424,773441.4736930002,7549.166483999999,0.0,127750.643702,209520.643278,8820.511402000207
2016-10-01,Monthly,1638752.0719878802,1629123.2065428798,360901.06870788,82605.35610088,278295.71260699996,1268222.137835,142724.75641799998,765195.438364,7561.929932,0.0,136027.640336,216712.37278499999,9628.865445000352
2016-11-01,Monthly,1643004.4181548902,1634216.72678089,368313.77002989,82975.69337288999,285338.076657,1265902.9567510001,144270.73979199998,761072.0322430001,9269.999645000002,0.0,137663.287012,213626.898059,8787.691374000162
2016-12-01,Monthly,1655224.991408,1647269.478236,380860.63263999997,85682.391189,295178.241451,1266408.845596,145128.765913,766319.2614,10515.366352000001,0.0,139100.02914,205345.42279100002,7955.513171999948
2017-01-01,Monthly,1670516.2235230699,1661936.6825840701,387127.66383307,92557.67649707,294569.987336,1274809.018751,149212.68324900002,756206.313041,10380.956129,0.0,147776.860071,211232.20626099998,8579.540938999737
2017-02-01,Monthly,1675194.6709240999,1668004.6820091,387020.2214671,88516.19263610001,298504.02883100003,1280984.460542,150940.59949999998,755486.5783170001,9529.23373,0.0,145458.12250799997,219569.92648699996,7189.988914999878
2017-03-01,Monthly,1688301.1061160099,1680740.38714001,386806.45089101,88809.21889101,297997.232,1293933.936249,151903.484781,765676.810675,10071.730654,0.0,144472.75041900002,221809.15972000003,7560.718975999858
2017-04-01,Monthly,1685054.63737598,1677515.4855219796,387031.52353498,89903.10342597999,297128.42010900006,1290483.9619869997,150238.11863,774208.5135519999,9400.009268000002,0.0,146432.36409599998,210204.95644099996,7539.151854000287
2017-05-01,Monthly,1698856.22484555,1689273.6325305495,391248.25742655003,88881.08657755001,302367.17084900005,1298025.3751039996,150063.46523200002,777678.8330229998,9286.877768000002,0.0,146201.052808,214795.146273,9582.592315000482
2017-06-01,Monthly,1693309.8436439498,1683468.2741319502,397698.44123895,91879.41613395,305819.025105,1285769.8328930002,151814.80205099998,782733.5843310002,7322.31781,0.0,140514.313212,203384.81548899994,9841.569511999609
2017-07-01,Monthly,1688904.87805021,1680219.8528392098,392766.33218921,89955.69022521001,302810.641964,1287453.5206499998,150073.00452800002,786238.181308,7217.090459,19.268328,140811.77706899997,203094.19895800002,8685.025211000117
2017-08-01,Monthly,1698970.3431681602,1690890.9177501602,393776.08682016004,92051.02201616,301725.064804,1297114.8309300002,151099.30281,793552.145578,7605.940103000002,9.185149,137837.164965,207011.09232499998,8079.42541799997
2017-09-01,Monthly,1715771.0848531197,1708198.0055221203,397981.82225312,90912.86855311999,307068.9537,1310216.1832690001,150861.238741,802148.640206,8361.058116000002,149.820372,142227.011844,206468.41398999997,7573.079330999404
2017-10-01,Monthly,1727341.8780788903,1719551.52772489,403112.55674788996,90035.43548289,313077.12126499997,1316438.9709770002,150260.72998299997,810123.0210180001,10351.322831,19.311865,144724.333223,200960.25205699998,7790.3503540002275
2017-11-01,Monthly,1732984.3070308699,1725763.8686948698,404896.81372086995,91066.74459286999,313830.06912799994,1320867.054974,150986.509806,815292.9309459999,8875.335027000003,18.715456,142169.614825,203523.948914,7220.438336000079
2017-12-01,Monthly,1736444.68081854,1730466.08878454,422820.02193054,92607.59445254,330212.427478,1307646.066854,150505.206681,816631.692089,10829.839753000002,101.553471,135138.519696,194439.25516400003,5978.592033999972
2018-01-01,Monthly,1750433.71972017,1743097.4428011703,421396.02113617,93342.41230117,328053.608835,1321701.4216650003,152265.65229,828200.275536,9368.646153,101.825624,134747.563785,197017.458277,7336.276918999618
2018-02-01,Monthly,1759285.5490387902,1753500.6240057903,420009.53905779,96159.84057778999,323849.69848,1333491.0849480003,155151.388692,833113.4696530002,8750.32483,19.39926,133385.735018,203070.767495,5784.925032999832
2018-03-01,Monthly,1791436.16468931,1784810.51638831,417232.82585131,96125.89147931,321106.934372,1367577.6905369998,155307.07319099997,843208.870113,7925.495788,0.0,140511.02178699998,220625.22965799997,6625.648301000008
2018-04-01,Monthly,1814046.8904720098,1806747.89254701,415977.75200801,97279.67535200999,318698.076656,1390770.140539,155893.039698,865489.347815,8202.081279,19.514509,138017.52897300004,223148.628265,7298.9979249998
2018-05-01,Monthly,1815985.66193231,1805772.3951853102,417389.05817131,97691.74431831,319697.313853,1388383.3370140002,156028.927625,861075.5009330001,7982.992206000001,9.494536,141660.405297,221626.01641699995,10213.266746999929
2018-06-01,Monthly,1818539.26863052,1808298.7047705199,416501.38725752,96994.22033652001,319507.166921,1391797.317513,156474.476508,865738.364362,7086.696354,0.0,141229.221792,221268.558497,10240.563860000111
2018-07-01,Monthly,1823494.63892449,1814049.8393684898,411224.85446949,93869.09467449001,317355.759795,1402824.9848989998,155692.961672,872724.029457,7971.850114999999,0.0,138200.785456,228235.35819899998,9444.799556000158
2018-08-01,Monthly,1831254.0664328996,1822041.9879549,411016.41809189995,94564.99601989999,316451.422072,1411025.569863,155899.036718,884418.8439470001,8017.354937000001,0.0,138066.86269799998,224623.471563,9212.078477999661
2018-09-01,Monthly,1845007.23596249,1835249.5293784903,414530.23466849,93835.44134049,320694.793328,1420719.2947100003,155976.43625199998,890608.7159200001,8278.657135000001,0.0,145015.887767,220839.59763600002,9757.706583999796
2018-10-01,Monthly,1871644.7424249402,1862633.78096794,415920.26524394006,92804.41024494,323115.85499900003,1446713.515724,156551.68717500003,898898.3773180001,8486.688148,0.0,153217.139227,229559.62385599996,9010.961457000114
2018-11-01,Monthly,1882099.7114003303,1872047.1384603297,418500.7458843299,93169.91543833,325330.8304459999,1453546.392576,157152.818854,904171.7504309999,10962.231624,0.0,153836.757033,227422.83463399997,10052.572940000566
2018-12-01,Monthly,1894517.21814177,1885094.1736267698,427720.52170877,94532.89886477,333187.622844,1457373.6519179998,157386.533962,909736.7616609999,13930.068618000001,0.0,153060.30850400002,223259.97917299997,9423.04451500019
2019-01-01,Monthly,1888709.0169753402,1879010.9377553398,428230.97069633997,101254.10529334,326976.865403,1450779.967059,162067.753764,914908.928946,12375.309383,0.0,145887.141748,215540.833218,9698.079220000422
2019-02-01,Monthly,1888563.96365019,1878680.97331319,422365.08559418994,97629.15581319,324735.92978099996,1456315.8877190002,162468.80690599998,920006.6183750001,13423.152456000002,62.360937,146574.322678,213780.62636700005,9882.990336999996
2019-03-01,Monthly,1898874.0701035801,1889751.0641605803,427697.18064758007,97355.95367558,330341.22697200003,1462053.8835130003,161720.400345,924836.4571090002,11776.413712,62.360937,142307.29528400002,221350.956126,9123.005942999851
2019-04-01,Monthly,1909451.74930052,1900579.9648255198,425324.28300852,96853.41220152001,328470.870807,1475255.6818169998,164219.73765700002,932233.9511709999,12860.495626,59.381143,143591.637225,222290.478995,8871.78447500011
2019-05-01,Monthly,1917074.12862908,1907296.0088750797,434537.35263408005,100980.86252208,333556.490112,1472758.6562409997,166481.726913,924938.535984,13015.885534,49.379862,146496.74799799998,221776.37995,9778.119754000334
2019-06-01,Monthly,1912073.7883280301,1899144.34937603,431751.02557103004,98900.70079803,332850.32477300003,1467393.323805,164853.931364,926374.539559,12719.260768000002,49.379862,144203.047353,219193.16489900002,12929.438952000113
2019-07-01,Monthly,1913308.4505295502,1899917.3733615498,429595.3037675499,97507.73713154999,332087.56663599994,1470322.069594,165834.463781,919042.0456400001,11781.538881,49.379862,153749.91611700004,219864.72531299997,13391.077168000396
2019-08-01,Monthly,1908652.52297065,1895997.8502836502,426560.71623265004,98747.42818965,327813.28804300004,1469437.1340510002,167131.99888600002,925084.4122799999,10398.817801000001,50.152076,146362.253972,220409.499036,12654.672686999897
2019-09-01,Monthly,1916354.0407856598,1904683.40085666,434259.9852956599,98197.41916466,336062.56613099994,1470423.4155610001,167115.612869,931443.6192719999,12600.290441000001,50.152076,142405.909254,216807.83164899997,11670.639928999823
2019-10-01,Monthly,1934741.92143186,1922422.5351928598,435746.97704486,99074.08175786,336672.89528700005,1486675.558148,167489.81319899997,934395.1477719999,12010.380146000001,50.152076,152231.84440999996,220498.220545,12319.38623900013
2019-11-01,Monthly,1934899.6563546997,1923912.4268496998,438099.0815627,100313.9731717,337785.108391,1485813.3452869998,168329.389386,934531.753202,12316.978219,50.84875,153146.32299,217438.05273999998,10987.229504999937
2019-12-01,Monthly,1961553.8701222101,1950567.9311512099,452559.52102421003,100559.02246321001,352000.498561,1498008.410127,169974.81438999998,940550.672493,14270.223716,50.84875,157586.46901499998,215575.381763,10985.938971000258
2020-01-01,Monthly,1961429.71595584,1950873.0437788398,449232.11012884,105091.49107084,344140.61905800004,1501640.9336499998,172797.008814,947179.9607889999,14366.614383,50.84875,155502.450791,211744.050123,10556.672177000204
2020-02-01,Monthly,1958708.05118211,1948485.87988511,444417.80514811,103033.60513511,341384.200013,1504068.074737,175413.361981,948945.3342619999,12678.343321000002,51.92451,158745.73976199998,208233.37090100002,10222.171297000023
2020-03-01,Monthly,1968374.95385001,1960826.8679140105,461694.45955801004,103399.63206301,358294.82749500003,1499132.4083560004,182362.412691,934428.4479900001,10106.432130000003,51.92451,167765.31979100002,204417.87124399995,7548.0859359994065
2020-04-01,Monthly,1994098.5670254603,1986579.4977424596,466194.27446946,107870.49397246001,358323.780497,1520385.2232729997,192707.22502100002,933419.087839,11604.71434,101.775641,167094.079337,215458.34109500004,7519.069283000659
2020-05-01,Monthly,2006707.6205084599,2000159.7746184599,479419.78954046,113229.72657446,366190.062966,1520739.985078,196447.03341999996,935432.649101,12216.513304000002,101.775641,166629.612582,209912.40102999995,6547.845889999997
2020-06-01,Monthly,2019910.7950384598,2014091.4249574598,488233.2173224599,112654.67138846,375578.54593399994,1525858.2076349999,199549.68444500002,936117.8755969999,11801.478647,101.365951,164155.37086799997,214132.43212699998,5819.37008100003
2020-07-01,Monthly,2029667.9816957603,2024041.57963676,497168.94691676006,115509.47331376,381659.47360300005,1526872.63272,203253.545032,927098.4859239999,11195.837122000003,101.365951,163356.91702300002,221866.481668,5626.402059000218
2020-08-01,Monthly,2031377.14542476,2026995.31272976,502304.03211076,115537.96493275999,386766.067178,1524691.280619,202819.489561,928256.692178,10468.236737000001,101.365951,171060.56829400003,211984.92789800002,4381.832694999874
2020-09-01,Monthly,2038661.56848101,2033284.5467340099,513225.72411901,115127.28221701,398098.441902,1520058.822615,206825.43343099998,926846.813372,10266.879897,101.365951,158434.22589200002,217584.10407199996,5377.02174700005
2020-10-01,Monthly,2036415.85328786,2030760.7493388602,519417.46714086004,117065.05111386,402352.41602700006,1511343.282198,210322.78496,916432.971283,10280.438267,53.465526,154144.62311200003,220108.99904999998,5655.103948999895
2020-11-01,Monthly,2035491.71509327,2031849.1179412701,525825.20153627,117104.56236127,408720.639175,1506023.916405,211692.110113,917209.7314219999,10487.120119000001,53.465526,154535.214026,212046.27519899997,3642.5971519998275
2020-12-01,Monthly,2040993.8956126098,2037481.0781576098,523662.89473661,118380.79660361,405282.098133,1513818.1834209997,212340.65829,912592.996212,9532.5861,53.465526,161413.49332399995,217884.98396900002,3512.8174550000113
2021-01-01,Monthly,2045652.13719402,2043093.47489202,535211.2944170199,123007.50800301998,412203.786414,1507882.180475,218820.028001,909768.665008,8824.454318999999,53.465526,159817.51995000002,210598.04767099998,2558.6623019999824
2021-02-01,Monthly,2058351.8305820203,2055196.26331302,541124.75379102,127074.55088702,414050.202904,1514071.509522,223178.04048,909480.9816990001,8768.706575,53.465526,166223.449836,206366.86540599997,3155.5672690002248
2021-03-01,Monthly,2088401.61568222,2083780.52781322,549566.7177892202,126815.63757821999,422751.0802110001,1534213.8100239998,227865.21995300002,909201.2360569999,3135.034296,51.242991,179385.575692,214575.501035,4621.0878690001555
2021-04-01,Monthly,2078978.51204807,2073628.23774007,551531.09767007,128016.41626807001,423514.681402,1522097.1400700002,229924.41262100002,905951.176608,3949.329384,51.242991,173203.312474,209017.66599200002,5350.274307999993
2021-05-01,Monthly,2082749.62416402,2076555.3219060202,551624.1398690201,129997.36869701999,421626.77117200004,1524931.182037,230996.838181,903590.08387,3835.9531480000005,51.254325,175587.371557,210869.68095600003,6194.302257999778
2021-06-01,Monthly,2087879.4582500698,2082273.19610507,547706.69414307,129664.13945807001,418042.55468500004,1534566.501962,235592.395093,903174.946657,3750.804494,46.79624,176184.727771,215816.831707,5606.262144999811
2021-07-01,Monthly,2106362.07319396,2100134.8085819595,550824.87912996,131385.45483396,419439.424296,1549309.9294519997,236969.94696,909104.9973029998,3482.937297,46.801725,187198.45229300004,212506.793874,6227.264612000436
2021-08-01,Monthly,2104909.82914361,2098883.9864876103,551831.4517726101,132261.68831060998,419569.76346200006,1547052.534715,237502.985276,899578.304999,3488.9288959999994,46.799789999999994,192353.961914,214081.55384000004,6025.842655999586
2021-09-01,Monthly,2133618.86653394,2127284.9990309402,562955.70050194,133979.15058694,428976.54991500004,1564329.298529,241620.05388700002,905755.714204,3955.5342230000006,47.065932,187818.232439,225132.697844,6333.867502999958
2021-10-01,Monthly,2130024.12703354,2122374.47096554,559928.62964454,135109.23954454,424819.3901,1562445.8413210001,238942.018687,913757.3792150001,3289.2036399999997,47.065932,182727.30489,223682.86895700003,7649.656068000011
2021-11-01,Monthly,2162302.22965194,2154570.19183694,580847.44867394,134963.36124594,445884.087428,1573722.7431630003,240629.069725,916363.8799710001,3622.5283790000003,47.065932,187692.254854,225367.94430200002,7732.037814999931
2021-12-01,Monthly,2171798.67048355,2165806.96443855,578301.87515455,136710.84234754997,441591.032807,1587505.089284,243373.04262899997,921072.107115,3880.066924,0.0,194682.748036,224497.12457999997,5991.706044999883
2022-01-01,Monthly,2178879.6026096996,2171245.8385807,585517.6350947,143053.7072047,442463.92789,1585728.203486,245785.02940899998,919226.229709,3313.085487,2.5e-05,196286.915724,221116.943132,7633.764028999489
2022-02-01,Monthly,2197890.60032841,2190249.32216141,587656.4733974099,139123.67511541,448532.7982819999,1602592.848764,243011.745846,918821.724297,3632.5592979999997,3.3e-05,213959.70697600002,223167.11231399997,7641.27816700004
2022-03-01,Monthly,2203024.2355740797,2196197.21642808,592214.4402320799,139011.75172107999,453202.68851099996,1603982.7761960002,244994.575907,920940.263581,3836.708685,0.0,202585.544205,231625.68381800002,6827.019145999569
2022-04-01,Monthly,2214987.72994838,2209303.37214538,603922.93150238,149631.36205438,454291.56944799994,1605380.4406430002,268866.93564700003,919275.3596870002,3343.6125429999997,0.0,206351.188889,207543.34387699995,5684.357803000137
2022-05-01,Monthly,2226588.3576493496,2218313.90301335,603888.1266943499,146992.06877235,456896.05792199995,1614425.776319,253215.85907,925683.5109179999,2697.931681,0.0,219492.902994,213335.571656,8274.454635999631
2022-06-01,Monthly,2225258.6098316004,2217856.6503956,606889.1291666001,146192.27713260002,460696.85203400004,1610967.521229,248130.32406800002,928723.277666,2595.837735,0.006509,217695.69343200003,213822.381819,7401.959436000325
2022-07-01,Monthly,2222146.50545537,2214012.13489237,602156.94321937,145441.75465837,456715.188561,1611855.191673,242890.446234,936326.133095,2656.091126,0.0,216992.394122,212990.12709599998,8134.370562999975
2022-08-01,Monthly,2241310.6033644597,2232643.35947946,602482.46630246,144985.35284446,457497.11345799995,1630160.893177,238998.758232,939132.0610439999,2222.390333,0.0,224272.221692,225535.461876,8667.24388499977
2022-09-01,Monthly,2254815.67722914,2247122.03863214,596710.8164491401,144896.48182614002,451814.33462300006,1650411.222183,237316.34134400001,943291.1497420002,2870.702466,0.0,240355.20553200002,226577.823099,7693.638596999925
2022-10-01,Monthly,2257146.3350251997,2248503.4617122,597499.6234892,145276.7536952,452222.86979400006,1651003.838223,233612.842849,943938.70822,1873.7611090000003,237.636934,246483.145082,224857.74402900002,8642.873312999494
2022-11-01,Monthly,2257943.9410708896,2249186.2469918896,603199.6885678899,145680.12627089,457519.5622969999,1645986.558424,231923.15921599997,951030.353391,1922.9060370000002,187.894608,233358.792411,227563.45276100002,8757.694079000037
2022-12-01,Monthly,2265666.77939464,2258295.0028496394,602972.0671806401,146608.98298864,456363.08419200004,1655322.9356689996,229455.566603,969643.9679389999,1883.0048240000003,243.317044,236291.67500099994,217805.404258,7371.776545000728
2023-01-01,Monthly,2275666.86849354,2266599.7690555397,600857.99324454,150754.31161454,450103.68163,1665741.7758109998,230592.840347,970431.9050070001,2145.3985319999997,200.626895,242049.333004,220321.67202599996,9067.09943800047
2023-02-01,Monthly,2291458.69199849,2282777.62221649,598616.38813149,146425.22882849,452191.15930299996,1684161.2340850001,229444.45107,975359.447606,1997.03501,200.356022,262466.58706,214693.35731700002,8681.069782000035
2023-03-01,Monthly,2292066.47469126,2283769.1173232603,597566.40462426,146427.08539926002,451139.31922500004,1686202.7126990003,230935.436672,990631.672717,1727.935398,200.533414,245664.32672199997,217042.807776,8297.357367999852
2023-04-01,Monthly,2287421.06043557,2278789.25559857,595879.3158555699,149585.73851657,446293.57733899995,1682909.939743,227653.143831,995135.137547,1457.382016,203.535138,238689.965746,219770.775465,8631.804836999625
2023-05-01,Monthly,2297944.7377014,2288145.0865014,594870.9752604,146778.58492539998,448092.390335,1693274.111241,226586.974463,1004079.934975,1462.4335500000002,198.750272,244648.155731,216297.86225,9799.651200000197
2023-06-01,Monthly,2306319.13712543,2297528.0904774303,603367.9997714302,147805.76337943,455562.2363920001,1694160.090706,228275.093691,1002883.715289,2087.7164949999997,194.542084,246648.932058,214070.09108900005,8791.046647999901
2023-07-01,Monthly,2300102.8175145197,2291247.8723055194,594210.59759852,146402.15743351998,447808.44016500004,1697037.2747069995,224457.82973499998,1011552.2577939999,1711.0635550000004,186.906678,245087.07807599998,214042.13886899996,8854.94520900026
2023-08-01,Monthly,2305718.42716211,2296445.87879211,601691.23077311,146567.79838211,455123.432391,1694754.6480189997,223861.54004,1005493.7061519999,1712.697932,188.344136,254235.583374,209262.77638499998,9272.548369999975
2023-09-01,Monthly,2319716.33633241,2310706.34361041,608282.64575641,147005.33705941,461277.3086969999,1702423.6978540001,224337.68854,1003013.233952,1690.4780280000002,187.286054,258333.97726099996,214861.03401899998,9009.992721999995
2023-10-01,Monthly,2339704.34330855,2330019.06265355,617108.4272105499,146682.32547855,470426.10173199995,1712910.635443,224579.705845,1001050.6088009999,1641.448474,185.129112,266103.56520499993,219350.17800599997,9685.280654999893
2023-11-01,Monthly,2361524.1463860003,2351567.588348,624652.0566070001,147776.36352100002,476875.693086,1726915.5317409998,225809.052429,1005936.7554649999,1498.945996,142.020339,272179.525414,221349.23209799998,9956.558038000483
2023-12-01,Monthly,2402067.8938329997,2390987.006619,638422.9628580001,149430.532978,488992.42988,1752564.0437609998,226052.278609,1011817.5773519999,1639.8177070000004,0.0,274341.586317,238712.783776,11080.887213999871
2024-01-01,Monthly,2412177.94835346,2400247.28879646,639207.4085864599,152505.68857846,486701.720008,1761039.88021,231353.797106,1014313.941074,1474.593221,0.0,271722.43513,242175.113679,11930.65955700027
2024-02-01,Monthly,2423051.56552009,2410933.95206009,639881.4393100899,154131.75291309,485749.686397,1771052.51275,235243.428715,1026274.700217,1712.009843,0.0,271163.257932,236659.116043,12117.61345999967
2024-03-01,Monthly,2434180.503771829,2423483.68233383,645343.9313908301,153706.56007683,491637.371314,1778139.750943,233316.480185,1035838.113846,1802.530195,0.0,277078.387885,230104.238832,10696.82143799914
2024-04-01,Monthly,2425707.12272514,2414039.30061814,638476.33227114,153706.67085014,484769.661421,1775562.968347,233820.641894,1036804.359216,1746.616591,0.01434,276408.3259389999,226783.010367,11667.82210699981
2024-05-01,Monthly,2430427.57768419,2419724.70073819,635361.40335719,153271.57577619,482089.827581,1784363.297381,234248.50325,1041762.116276,1457.923121,0.0,279580.405851,227314.348883,10702.87694600038
2024-06-01,Monthly,2426401.30858519,2416358.23800019,642137.76830219,152658.15747319,489479.610829,1774220.469698,232568.671726,1034039.948578,1493.527046,0.0,284607.793912,221510.528436,10043.07058500033
2024-07-01,Monthly,2423037.46468556,2412973.10981756,636762.1256045599,151949.64132056,484812.4842839999,1776210.984213,231943.929118,1043099.569768,1515.078868,159.699682,286592.395667,212900.31111,10064.35486799991
2024-08-01,Monthly,2414067.47187027,2405108.83539127,637546.5516562699,152418.20930727,485128.342349,1767562.283735,232707.289849,1044039.908212,1394.650386,159.699682,274842.343295,214418.392311,8958.63647899963
2024-09-01,Monthly,2417121.63188471,2408238.770426711,644918.16401871,151875.81590971,493042.348109,1763320.606408,231538.428218,1045384.745382,1490.204603,159.699682,266164.767041,218582.761482,8882.86145799933
2024-10-01,Monthly,2438253.29099852,2428088.17897252,645161.60568552,152995.49495052,492166.110735,1782926.573287,231679.973191,1053365.185734,1225.304486,159.699682,278906.511463,217589.898731,10165.11202599993
2024-11-01,Monthly,2454992.87359158,2444782.47010358,654989.85242058,153294.79031558,501695.062105,1789792.617683,233093.430141,1053087.235779,1180.652228,159.699682,281920.807703,220350.79215,10210.40348799992
2024-12-01,Monthly,2488430.48135352,2478816.69598852,666427.50573752,155000.80803852,511426.6976990001,1812389.190251,238501.806593,1058368.35963,1196.272561,159.699682,303481.44678,210681.605005,9613.785365000367
2025-01-01,Monthly,2492236.5587416096,2481134.21768961,663339.19058761,162818.33631761,500520.85427,1817795.027102,239248.275459,1058213.683472,1282.556702,0.0,305829.477443,213221.03402599998,11102.34105199948
2025-02-01,Monthly,2483043.0074604596,2472152.9342684597,661926.15871546,158815.25815346,503110.90056199994,1810226.775553,240779.61953700002,1054935.902362,1183.161861,0.0,302557.465135,210770.62665800002,10890.073191999923
2025-03-01,Monthly,2490114.78536687,2480758.25867487,667450.10703687,163579.44591387,503870.661123,1813308.1516379998,242253.18487800003,1058950.8499569998,1185.684211,0.0,299594.80522200005,211323.62736999997,9356.526692000218
2025-04-01,Monthly,2502667.9006902203,2492422.21369222,662854.68086122,159641.60840822,503213.072453,1829567.5328310002,240757.99999999997,1064235.448237,1279.9293100000002,0.0,313131.950496,210162.20478799997,10245.686998000368
2025-05-01,Monthly,2495475.95393088,2485817.48411188,663113.11390888,158963.10559088,504150.008318,1822704.370203,237155.926811,1061382.2563369998,1238.729282,0.011322,315223.63492899993,207703.81152199997,9658.46981899999
2025-06-01,Monthly,2503418.6332552303,2496158.3257552297,681563.41384523,157795.42136923,523767.99247600004,1814594.9119099998,237350.729295,1057555.150454,1075.908834,194.392877,306927.273562,211491.456888,7260.307500000577
2025-07-01,Monthly,2516209.98575143,2508144.47628343,680177.24597943,158685.24083042998,521492.00514900003,1827967.2303040002,238580.94926199998,1063054.3628780001,1137.3758999999998,443.194016,307061.880268,217689.46797999993,8065.5094679999165
2025-08-01,Monthly,2512109.80481048,2504474.8239494804,679479.89825148,160300.93718948,519178.961062,1824994.9256980002,237795.132888,1070183.7054780002,1573.8220509999999,443.194016,304961.13495700003,210037.936308,7634.980860999785
2025-09-01,Monthly,2522834.5970244203,2514998.01952942,694321.86386642,160023.78164842003,534298.082218,1820676.155663,240086.98804800003,1060018.0872040002,1453.042827,500.64511799999997,311949.63422400004,206667.758242,7836.577495000325
2025-10-01,Monthly,2546954.11817917,2536492.24828217,693463.85714917,161750.94224717002,531712.914902,1843028.3911330001,239060.45244199998,1078894.797738,1734.2237139999997,390.225136,305088.647716,217860.04438700003,10461.869897000026
2025-11-01,Monthly,2550062.51744254,2541011.9677215405,700509.41796454,161762.59671054,538746.821254,1840502.5497570003,236372.41004800002,1077346.2458940002,1429.3312799999999,390.225135,300252.26431299996,224712.07308699997,9050.54972099932
2025-12-01,Monthly,2591321.79563824,2583795.7960702395,726315.04224624,162627.61832824,563687.423918,1857480.7538239998,241487.134222,1078000.91837,1164.0812239999998,390.225136,310066.6677299999,226371.72714199996,7525.999568000436
2026-01-01,Monthly,2578208.9283739794,2571857.9270109795,722244.2760069801,165843.94411898003,556400.331888,1849613.6510039996,243124.061851,1077658.4592459998,1534.6502249999996,796.556098,298187.792902,228312.130682,6351.001362999901
2026-02-01,Monthly,2589555.71113157,2582531.3533425704,727810.9236935701,169737.00467957,558073.9190140001,1854720.4296490003,246544.235505,1076707.3549630002,1549.57817,794.666792,294925.356839,234199.23737999998,7024.357788999565
2026-03-01,Monthly,2627064.4946447997,2620465.7822198,743376.3342907998,171586.47117479998,571789.8631159998,1877089.4479290002,246825.64087800003,1073257.922951,1605.4405419999996,791.400162,317299.43915299996,237309.60424299998,6598.712424999569
2026-04-01,Monthly,2627554.53339764,2621759.4929386396,727608.76059864,170522.55428964,557086.206309,1894150.7323399999,250273.36720100002,1076117.9049,1392.4644899999998,791.4459400000001,323671.425759,241904.12404999998,5795.0404590005055
