date,frequency,lcr,hqla_stock,net_cash_outflows,cb_lcr,cb_hqla_stock,cb_net_cash_outflows,ibs_lcr,ibs_hqla_stock,ibs_net_cash_outflows,inv_banks_lcr,inv_banks_hqla_stock,inv_banks_net_cash_outflows
2015-06-01,Monthly,1.1838032948944024,482410.58834936,407509.07725121,1.237706116714144,354074.20742799,286072.92365007004,1.0506520132966064,106605.85853577,101466.38200528001,1.0881708026197467,21730.522385599998,19969.771595860002
2015-07-01,Monthly,1.239816239606889,456178.64343531,367940.52929969,1.3166067275111595,341595.20290899,259451.20571784003,1.0301448275540197,92652.33721917,89941.07890554001,1.1823816048297349,21931.103307150002,18548.244676309998
2015-08-01,Monthly,1.1985997521863367,465439.27835743,388319.18453882,1.261848449693867,352687.13818598,279500.39346765005,1.0026723320341813,89533.08644844002,89294.46199717,1.1892369584125766,23219.05372301,19524.329074000005
2015-09-01,Monthly,1.1666933852804247,470013.5436488,402859.5255434899,1.2168644724565207,354871.68551382003,291627.94505572994,0.9941367263056808,92551.51731819,93097.37269452,1.2457307798806154,22590.34081679,18134.207793240003
2015-10-01,Monthly,1.1995728495466256,458640.78081351,382336.74677353003,1.2415053857872251,348254.51937745995,280509.87403219,1.0741265915677234,89482.00365853,83306.75765873001,1.1287326069128296,20904.25777752,18520.115082610002
2015-11-01,Monthly,1.2159490476468107,461202.70032327995,379294.42949589994,1.277133964247153,348157.75205090997,272608.63918542996,1.0204341636359933,92505.10172907001,90652.68983102,1.281090115391368,20539.8465433,16033.10047945
2015-12-01,Monthly,1.2512381789199796,475894.50802983996,380338.86437242007,1.3088011229442644,359415.70682432,274614.45480409,1.09527205065016,97096.59770698,88650.66688166001,1.135205318144585,19382.20349854,17073.74268667
2016-01-01,Monthly,1.234188032907161,475820.85897964006,385533.52187254,1.2820146206183998,360234.3530100001,280990.83053845,1.0976927642252974,96100.96576890002,87548.14543824,1.146576102718831,19485.540200739997,16994.54589585
2016-02-01,Monthly,1.293705657352892,487799.38800281007,377055.9286267,1.341609819808757,369807.6115805001,275644.68157606,1.1601796148168295,98258.95556026002,84692.88229631,1.1803080715139478,19732.82086205,16718.36475433
2016-03-01,Monthly,1.2446550475723497,477169.9481297399,383375.2565101801,1.294731850782636,356385.26951858995,275257.97662517003,1.116186157258588,101042.17288036,90524.48126442,1.122192446839246,19742.505730790002,17592.79862059
2016-04-01,Monthly,1.2661762934194882,475188.95771383995,375294.46743196005,1.3184878091587697,354925.78220834996,269191.55394755,1.1359124638394258,100955.86892920999,88876.45143709001,1.1207934933617858,19307.306576280003,17226.46204732
2016-05-01,Monthly,1.2554280471394736,483602.5565563901,385209.29786322,1.3158318272283651,356555.89492736006,270973.75785353995,1.1048292065982663,107065.26480349999,96906.62064695999,1.1530665246510594,19981.396825530002,17328.91936272
2016-06-01,Monthly,1.2341758423392317,496183.0516812499,402035.94549444,1.2631257296705831,370625.9943828199,293419.71719591,1.1441103436134181,106757.52027926,93310.51054227,1.2282688939224058,18799.53701917,15305.71775626
2016-07-01,Monthly,1.2379498316612252,485250.93977278005,391979.48685983004,1.2637178675339669,356602.79892358003,282185.45300737,1.159865989405764,108325.89669772,93395.18331184001,1.2392480863912831,20322.244151479998,16398.850540620002
2016-08-01,Monthly,1.2764096877692943,486078.24118949,380816.79091529,1.313640898926599,362583.69148276,276014.31394153,1.1659266031802538,102956.49308281,88304.437691,1.2448786350861527,20538.056623919998,16498.039282759997
2016-09-01,Monthly,1.2640808959761047,497377.79719992995,393469.91065462,1.2915844660760423,367070.9595543699,284202.05506928,1.1811188863685533,110791.79852784998,93802.41041482998,1.2618478745714927,19515.03911771,15465.44517051
2016-10-01,Monthly,1.2054988115210497,497879.93305170996,413007.40265642,1.2203812722896914,368576.92786228,302017.8498566701,1.1451552952564532,110366.81558779998,96377.16041219,1.2958993366309401,18936.18960163,14612.392387559998
2016-11-01,Monthly,1.1553118332623682,488198.98524993996,422569.01660166006,1.1543519617054623,359480.32679692,311413.10338816995,1.1439610568363714,109767.93247417001,95954.25632559,1.2466223990316563,18950.725978849998,15201.656887899997
2016-12-01,Monthly,1.2430907702026082,481321.55135781993,387197.42990238,1.2455009112600288,356146.86503583996,285946.69166122,1.2488458542213046,106363.34138472,85169.31134871,1.1697559590369224,18811.34493726,16081.426892449997
2017-01-01,Monthly,1.2390497108566603,483375.68529431,390118.07279315,1.2658050569301706,360509.45665963,284806.45948273997,1.150501956164462,103577.26558855,90027.89176808999,1.2620593088351975,19288.963046129997,15283.72154232
2017-02-01,Monthly,1.2735560346697214,509440.53700322006,400014.23033996,1.2692643556801588,377459.35534184997,297384.3499604,1.284306371954855,111364.06570316,86711.44840125,1.2951725387464226,20617.11595821,15918.43197831
2017-03-01,Monthly,1.3070840271243982,537993.42325816,411598.19268984,1.3247053024473077,410272.4988804501,309708.50507089996,1.2564524280688534,107471.99355009,85536.06260706,1.2381921936518832,20248.93082762,16353.62501188
2017-04-01,Monthly,1.3985267603216742,551194.6757045499,394125.22616140003,1.4312972304887188,414712.69514127995,289746.03339354997,1.3201266162625191,115920.81687794,87810.37776977,1.2409555956604403,20561.16368533,16568.814998079997
2017-05-01,Monthly,1.3901776129329513,549787.33086129,395479.9197933901,1.4030874752771458,411556.81749673997,293322.28014896,1.3445739357357733,117185.54643774,87154.40878572,1.4026956676863054,21044.96692681,15003.23085871
2017-06-01,Monthly,1.4081498392803538,536145.5273275098,380744.6568339001,1.4221764502282281,399875.9640455499,281171.83629456005,1.3698047700032283,113804.23470357999,83080.62374707001,1.362179269465766,22465.32857838,16492.19679227
2017-07-01,Monthly,1.3710878315654325,543728.49096,396567.22089,1.3844816178651707,405274.51095,292726.53802,1.3284990171309117,117189.73369,88212.13428,1.360602758314104,21264.24632,15628.54859
2017-08-01,Monthly,1.3323713067692506,545799.67492,409645.32345226,1.3286015626786298,405639.45033,305313.09139226,1.332946766043826,117461.52337,88121.69125,1.40024330378895,22698.70122,16210.54081
2017-09-01,Monthly,1.358388793081382,550820.27826,405495.3052215,1.3739081496168566,405130.79483,294874.7301215,1.3061630486700841,124270.5499,95141.68237,1.3837510152446155,21418.93353,15478.89273
2017-10-01,Monthly,1.3823050092925067,555406.73175,401797.52516,1.4123169958653754,402877.34024,285259.85414,1.3011129732940687,130857.08044,100573.18859,1.3575329588683696,21672.31107,15964.48243
2017-11-01,Monthly,1.3926385590237336,555473.24201,398863.8964581,1.3783193823141382,405600.04981,294271.4547981,1.431777760315481,128373.68907,89660.34578,1.4398181811031876,21499.50313,14932.09588
2017-12-01,Monthly,1.3493662060441634,545928.02067,404581.06793,1.3051092774148703,396568.51075,303858.47194,1.4922535830687687,128400.85556,86044.93031,1.4279283107366703,20958.65436,14677.66568
2018-01-01,Monthly,1.318881954484772,542240.31112,411136.34869,1.293279201178474,394300.72444,304884.45502,1.3909493473886894,127260.95397,91492.15549,1.40101622791794,20678.63271,14759.73818
2018-02-01,Monthly,1.33611141926203,538978.5659,403393.42822,1.307994144031786,388077.33074,296696.53531,1.4217725940753225,130647.50871,91890.58029,1.3679115772985753,20253.72645,14806.31262
2018-03-01,Monthly,1.3984035704035054,557593.59063,398735.81735,1.3527499582452376,396460.28855,293077.28759,1.539443092432289,140963.09992,91567.5939,1.4314309823279545,20170.20216,14090.93586
2018-04-01,Monthly,1.431505292252625,572571.28232,399978.46003,1.4179599546065733,410577.6045,289555.14799,1.4676755424457368,140851.56608,95969.14441,1.4627000517220374,21142.11174,14454.16763
2018-05-01,Monthly,1.4206143987066049,573910.41712,403987.47024,1.4120945578020228,411238.79885,291226.10563,1.4410768329424288,140395.76622,97424.20599,1.4524106193276105,22275.85205,15337.15862
2018-06-01,Monthly,1.3926922905394217,576656.53785,414058.82819,1.3802718761619446,421963.79524,305710.63754,1.4138119256254922,133566.02085,94472.26921,1.522545500949449,21126.72176,13875.92144
2018-07-01,Monthly,1.4150998076928443,583828.30703,412570.40942,1.4210718303953183,425365.79869,299327.44397,1.3840896482466176,137486.21054,99333.31321,1.5080389817136075,20976.2978,13909.65224
2018-08-01,Monthly,1.434522262228839,597437.44387,416471.36444,1.4230527260586203,434342.81377,305219.05887,1.4439659019255418,141331.66912,97877.42836,1.6271522077023988,21762.96098,13374.87721
2018-09-01,Monthly,1.3946188241145863,592518.41483,424860.47412,1.3875995687489464,429232.00356,309334.20075,1.3968397395361016,141463.49818,101273.96449,1.5311844048386916,21822.91309,14252.30888
2018-10-01,Monthly,1.4708465803908937,607251.11259,412858.22783,1.487100097170733,442576.7342,297610.58791,1.4080759995865129,143252.69256,101736.47772,1.5854806206086403,21421.68583,13511.1622
2018-11-01,Monthly,1.4137224775790318,590862.38324,417947.9301,1.3983391897155841,423174.37226,302626.41237,1.4291356734782066,146270.12807,102348.66485,1.6509770910159278,21417.88291,12972.85288
2018-12-01,Monthly,1.432000833209228,598977.79687,418280.34103,1.3963485768245107,417722.76783,299153.64599,1.505734997969218,160383.85725,106515.32804,1.6549492049513743,20871.17179,12611.367
2019-01-01,Monthly,1.4425886769071259,595771.88131,412988.0477,1.4426501453679264,415089.54368,287727.10072,1.4311512053758648,158874.52662,111011.69885,1.5304534534763554,21807.81101,14249.24813
2019-02-01,Monthly,1.4887234629635457,600569.31706,403412.27367,1.494904977766159,409289.94807,273789.94261,1.4582262676807556,168520.05405,115565.09287,1.6190459770533348,22759.31494,14057.23819
2019-03-01,Monthly,1.4302416795006194,603033.62934,421630.58033,1.4107233935857786,411809.54599,291913.74288,1.458410416369855,169981.97545,116552.90825,1.6136601448752854,21242.1079,13163.9292
2019-04-01,Monthly,1.5988175798542628,624326.38906,390492.57209,1.5908614980005984,435015.88307,273446.73538,1.598701601042183,167861.19252,104998.4515,1.7804123547237352,21449.31347,12047.38521
2019-05-01,Monthly,1.5518697831775128,615050.52832,396328.69651,1.55491186467458,433655.54905,278893.97393,1.5119559432501313,160223.24714,105970.84383,1.8468210098610822,21171.73213,11463.87875
2019-06-01,Monthly,1.5302159096674757,612957.03623,400568.98661,1.485558940571609,426377.14621,287014.62767,1.6216157291036732,165658.93411,102156.71391,1.8355507523644996,20920.95591,11397.64503
2019-07-01,Monthly,1.5538238896136094,609803.51741,392453.43149,1.5322130479484684,424954.61566,277346.95004,1.5879073651988813,164046.71498,103310.0032,1.7634234836146967,20802.18677,11796.47825
2019-08-01,Monthly,1.5174587688118784,619095.43862,407981.72006,1.4976415572933506,434690.20444,290249.82802,1.5442769913576095,163819.66265,106081.78686,1.7669858951436523,20585.57153,11650.10518
2019-09-01,Monthly,1.4354668428495494,625805.45605911,435959.53412398,1.3942015926830276,440318.69499911,315821.39721398,1.519397313636325,165472.86254,108906.9074,1.7819864247436255,20013.89852,11231.22951
2019-10-01,Monthly,1.504550935818369,627625.44124718,417151.34151028004,1.5010986783256461,441310.80923718,293991.87116028,1.4872243860361731,165340.66331,111173.98616,1.7499475505127673,20973.9687,11985.48419
2019-11-01,Monthly,1.4313553433130732,616346.1802445201,430603.19236864004,1.418698115583752,431154.12054452003,303908.29155864,1.438154099052525,164538.07656,114409.21155,1.681141587004456,20653.98314,12285.68926
2019-12-01,Monthly,1.4914906354675415,611090.69082827,409718.0875941,1.4653506834972436,418414.98356827,285539.1465541,1.5300317717325647,172123.74352,112496.84268,1.7592698765806316,20551.96374,11682.09836
2020-01-01,Monthly,1.5130394341834261,603101.89121,398602.89004,1.5090782612310616,411953.03669,272983.21583,1.4970733859995715,171254.00207,114392.52322,1.77203036351077,19894.85245,11227.15099
2020-02-01,Monthly,1.4801504739149707,631098.96261,426374.86778,1.481406008796863,440628.13581,297439.14443,1.4560177167746662,169199.81623,116207.25097,1.6711361689736408,21271.01057,12728.47238
2020-03-01,Monthly,1.4138682854516516,632041.59924,447030.04215,1.4202499697599793,447202.31049,314875.7754,1.363365522767848,166214.16802,121914.60415,1.8189193782615454,18625.12073,10239.6626
2020-04-01,Monthly,1.438688205741272,653589.26513,454295.28269,1.4321051600363834,454181.51042,317142.56962,1.424109048878906,180040.98012,126423.59113,1.8050661273405193,19366.77459,10729.12194
2020-05-01,Monthly,1.4019672105328598,644036.53628,459380.59852,1.4317060908130226,451034.86589,315033.14038,1.3037241684244525,173757.29103,133277.64817,1.7384561624954435,19244.37936,11069.80997
2020-06-01,Monthly,1.491995042498115,653725.8708,438155.52477,1.5135756533195142,464797.54073,307085.76721,1.4089321551848168,169446.95329,120266.22621,1.803241565083254,19481.37678,10803.53135
2020-07-01,Monthly,1.5155083924600814,666124.24214,439538.47135,1.5511750073219162,480656.15282,309865.84399,1.3918631147491818,166054.44533,119303.71857,1.8722938337275121,19413.64399,10368.90879
2020-08-01,Monthly,1.4910641631066437,668208.5843,448142.07251,1.544762451430404,484727.39333,313787.65899,1.3299509719190992,165186.24612,124204.76364,1.8025197978553325,18294.94485,10149.64988
2020-09-01,Monthly,1.5151650205776257,688525.94895,454423.07577,1.5898010779209917,498458.13038,313534.90528,1.3136084215937964,170876.38078,130081.67272,1.775916508609986,19191.43779,10806.49777
2020-10-01,Monthly,1.529619833974584,671471.46442,438979.31336,1.5966797049789068,482984.35426,302492.95006,1.337135129126821,168562.62809,126062.52309,1.9114339503099502,19924.48207,10423.84021
2020-11-01,Monthly,1.499392823522173,659503.51614,439847.05395,1.5880115095288074,466184.92105,293565.20293,1.288318301377982,174108.75215,135144.20463,1.7247668194285346,19209.84294,11137.64639
2020-12-01,Monthly,1.4818481956233913,653601.68897,441071.96061,1.5169358601792682,451436.74961,297597.78344,1.371732322570787,182934.7475,133360.3827,1.9013825045626027,19230.19186,10113.79447
2021-01-01,Monthly,1.4760486784803453,672556.23726,455646.38014,1.5502039346934964,470107.94196,303255.54686,1.2893448903009406,183081.78294,141995.97355,1.8630854925446887,19366.51236,10394.85973
2021-02-01,Monthly,1.4710971363189214,663005.23338,450687.59704,1.5186336045293543,461136.84542,303652.47025,1.3533777952101553,182788.30843,135060.8153,1.5934176713153134,19080.07953,11974.31149
2021-03-01,Monthly,1.4509580887893885,674489.98718,464858.35283,1.4598929635232654,459420.40722,314694.58289,1.4138270602022331,194363.13608,137473.06269,1.6316225307301135,20706.44388,12690.70725
2021-04-01,Monthly,1.5188132819917561,684723.32108,450827.84645,1.5371378148215205,474376.15703,308610.03643,1.4585382418012054,190139.13837,130362.80635,1.7045988548394941,20208.02568,11855.00367
2021-05-01,Monthly,1.372518173406346,681652.57047,496643.74846,1.4015316847450021,468247.93,334097.28449,1.2882617607780256,192578.03589,149486.72836,1.5947186989032773,20826.60458,13059.73561
2021-06-01,Monthly,1.4910110686412075,684084.90547,458806.0544,1.4982884597967228,467980.79068,312343.58619,1.4508423945343771,195130.20841,134494.42141,1.7524920089717564,20973.90638,11968.0468
2021-07-01,Monthly,1.5215013357924034,699552.61947,459777.85429,1.550617772614525,483037.6746,311513.05185,1.4340236494621807,196445.47574,136989.00699,1.7798716923336881,20069.46913,11275.79545
2021-08-01,Monthly,1.4996543267408353,699515.07637,466450.87731,1.5163039294133025,484420.09351,319474.27169,1.4408060189846879,194305.60912,134858.96544,1.7156289039108934,20789.37374,12117.64018
2021-09-01,Monthly,1.5435621674816293,718009.80261,465164.16231,1.551460955728008,492322.65233,317328.41907,1.5042327197418772,204686.72992,136073.84498,1.785461827315619,21000.42036,11761.89826
2021-10-01,Monthly,1.5320793123929346,700134.32983,456983.08447,1.5371829766132434,480257.27962,312426.87886,1.5083604741904966,198496.2109,131597.32988,1.6498992470853797,21380.83931,12958.87573
2021-11-01,Monthly,1.4470821460298169,718125.6832,496257.71776,1.4976218920004176,488670.91536,326297.92471,1.3244811454402152,208161.83381,157164.81471,1.6641633509791467,21292.93403,12794.97834
2021-12-01,Monthly,1.533105654820042,709249.11907,462622.46626,1.5689080143190652,480582.94504,306316.8399,1.4423632263525383,208324.98155,144433.09268,1.7132983597482623,20341.19248,11872.53368
2022-01-01,Monthly,1.5188158771765605,709198.53824,466941.74646,1.5543007632895927,493273.58229,317360.44525,1.4244634863971595,194979.83067,136879.48658,1.6489868487397379,20945.12528,12701.81463
2022-02-01,Monthly,1.5135010346188655,723187.61602,477824.32881,1.5258746133897951,497771.36983,326220.36271,1.4665624727811206,204305.83006,139309.3263,1.7170422617830576,21110.41613,12294.6398
2022-03-01,Monthly,1.5047147593747885,725680.83158,482271.35878,1.5152788782140283,503417.95846,332227.92563,1.4613581194880871,201145.33484,137642.73942,1.702932008465949,21117.53828,12400.69373
2022-04-01,Monthly,1.566876207909925,714356.32997,455911.14752,1.6025099699708052,495593.16216,309260.57962,1.4678767807163406,198308.26631,135098.71463,1.7707030224423894,20454.9015,11551.85327
2022-05-01,Monthly,1.4911763229307338,714127.00386,478901.78571,1.5339223373783804,502381.29525,327514.16614,1.3685941159880934,191517.2497,139937.21547,1.766615285656163,20228.45891,11450.4041
2022-06-01,Monthly,1.4822114089610614,716688.89229,483526.76815,1.496224815327344,492162.37014,328936.1098,1.4339397905228393,203240.34346,141735.61875,1.65586255292438,21286.17869,12855.0396
2022-07-01,Monthly,1.4961480795420998,720200.53855,481369.82455,1.5321128618907085,489113.74535,319241.32844,1.4008765912476409,207736.45618,148290.33298,1.68738703255914,23350.33702,13838.16313
2022-08-01,Monthly,1.40978435386112,726883.85572,515599.32108,1.4265676907833436,490206.85506,343626.77511,1.3528439215213917,213771.1513,158016.12285,1.6412406791518943,22905.84936,13956.42312
2022-09-01,Monthly,1.5189504612444837,734677.99504,483674.75687,1.596291571996263,509703.09451,319304.50768,1.3574245626288473,204782.67527,150861.18294,1.49471657672861,20192.22526,13509.06625
2022-10-01,Monthly,1.4106878914301881,737034.03762,522464.28292,1.4807200951456834,506713.75809,342207.65947,1.2660059302795852,208681.32423,164834.39709,1.4031019124530604,21638.9553,15422.22636
2022-11-01,Monthly,1.456947133420658,745297.72172,511547.5398,1.5634627976866924,512157.93152,327579.22496,1.2533058254770713,211966.63909,169126.03036,1.4265426012101339,21173.15111,14842.28448
2022-12-01,Monthly,1.5209294757513776,752006.77995,494438.95456,1.5895160707707865,516929.50566,325211.87748,1.382507434194532,215456.53693,155844.7583,1.4661687322322179,19620.73736,13382.31878
2023-01-01,Monthly,1.4549103727360548,755344.1556,519168.85724,1.5143051912763408,518808.19002,342604.77545,1.3328092222604215,217142.73817,162921.09519,1.4214796201588293,19393.22741,13642.9866
2023-02-01,Monthly,1.5119224187865923,772819.58025,511150.2883,1.5652066264098357,537134.08496,343171.35891,1.4008811429158867,215050.91925,153511.1814,1.4262465764721963,20634.57604,14467.74799
2023-03-01,Monthly,1.552161056889827,763082.92028,491626.12146,1.6073797459073536,525755.50076,327088.54401,1.4349714768812392,216100.54984,150595.71101,1.5225271143825418,21226.86968,13941.86644
2023-04-01,Monthly,1.5242788744050526,755278.40662,495498.83509,1.58062095653305,524433.2184,331789.36179,1.3941805777337561,209563.26032,150312.85306,1.5886042538143934,21281.9279,13396.62024
2023-05-01,Monthly,1.4989287172593557,750324.64351,500573.93315,1.5467210508618916,519550.32124,335904.34484,1.3900556244639604,209809.17603,150935.81317,1.5265392090874148,20965.14624,13733.77514
2023-06-01,Monthly,1.5448054830893403,744354.04168,481843.21575,1.584982991421228,506474.44732,319545.66709,1.456743551554141,217172.09366,149080.52514,1.5667295037090165,20707.5007,13217.02352
2023-07-01,Monthly,1.557975066140229,739504.71465,474657.60571,1.620101904838487,508875.20435,314100.73825,1.415456415115136,210050.61095,148397.79502,1.69247279770298,20578.89935,12159.07244
2023-08-01,Monthly,1.5024320800714224,744480.70451,495517.04492,1.5380633832714576,522318.32766,339594.80041,1.4056811363023392,200258.54811,142463.70883,1.6275046008571417,21903.82874,13458.53568
2023-09-01,Monthly,1.5107002658110391,747201.69497,494606.18488,1.5226751817724027,515378.79136,338469.29242,1.4327997052837402,205896.12512,143701.95943,2.084995425986625,25926.77849,12434.93303
2023-10-01,Monthly,1.5035195936070442,765127.52104,508890.95446,1.5406934467894124,535387.69535,347497.87277,1.4055985791184942,207294.14438,147477.48572,1.612987424928808,22445.68131,13915.59597
2023-11-01,Monthly,1.493046473150411,750882.76089,502919.88521,1.5253126872395406,518611.07372,340003.12071,1.3953336157260705,210208.16615,150650.82915,1.7987638439656377,22063.52102,12265.93535
2023-12-01,Monthly,1.6098711659062288,758192.91151,470964.9614,1.6172926600664972,521929.18095,322717.83199,1.5738615752632024,213905.81682,135911.4551,1.8124597957223467,22357.91374,12335.67431
2024-01-01,Monthly,1.6019450168804685,782786.95961,488647.83208,1.6335133830010182,545299.0982,333819.79228,1.518901616800195,214710.39603,141358.9884,1.691096477662859,22777.46538,13469.0514
2024-02-01,Monthly,1.5375282280490274,774127.23315,503488.14352,1.5286480331714956,548905.67133,359079.17285,1.5559990361628562,202758.58879,130307.65706,1.5929702474009442,22462.97303,14101.31361
2024-03-01,Monthly,1.504178936792308,764296.11867,508115.15836,1.5134327532703098,530732.17449,350681.04172,1.4726280772069604,212686.30851,144426.35707,1.605013957834093,20877.63567,13007.75957
2024-04-01,Monthly,1.523578416255506,763447.27502,501088.27145,1.5307658962895971,536874.55646,350722.83604,1.4956715313185447,205267.2993,137240.89481,1.6233268583892377,21305.41926,13124.5406
2024-05-01,Monthly,1.496751021775504,769931.46958,514401.83329,1.5127199222861607,544474.06434,359930.51742,1.4535331409618009,203813.59889,140219.43714,1.5186633818627784,21643.80635,14251.87873
2024-06-01,Monthly,1.5518638974624142,762788.27747,491530.39691,1.5596782773169748,539253.85804,345746.85426,1.5258791995609584,201261.66001,131898.81615,1.6041194199972177,22272.75942,13884.7265
2024-07-01,Monthly,1.5105093577797146,770834.10029,510314.01846,1.4983519923496937,543833.83213,362954.65612,1.528182825294932,204965.71293,134123.81656,1.6648014064743766,22034.55523,13235.54578
2024-08-01,Monthly,1.4552208033940786,762246.0249,523800.94012,1.452884392879757,539479.16731,371315.96289,1.4518031881851523,200799.63373,138310.50611,1.549773792194936,21967.22386,14174.47112
2024-09-01,Monthly,1.4661608059044458,753365.1065,513835.25154,1.478225880680413,533975.83955,361227.50016,1.4213049844237093,198900.4832,139942.15554,1.617672315525268,20488.78375,12665.59584
2024-10-01,Monthly,1.4675366833380743,751832.30989,512309.04033,1.4896846103264372,536064.03467,359850.68984,1.394128611472693,195191.33388,140009.56029,1.6529269920542158,20576.94134,12448.7902
2024-11-01,Monthly,1.4788157363136978,757693.18644,512364.83886,1.499446276131034,532319.42247,355010.6669,1.4053886229287573,204625.10813,145600.3733,1.7652723549375484,20748.65584,11753.79866
2024-12-01,Monthly,1.606010925323314,760937.76271,473806.09354,1.6022603839179808,526264.40229,328451.23525,1.5957623009966921,214813.1809,134614.77362,1.849164148163089,19860.17952,10740.08467
2025-01-01,Monthly,1.5748531495641727,760648.52678,482996.47938,1.6092958609832002,538495.52115,334615.61308,1.4691679915533276,201807.82796,137361.98251,1.8463918902987178,20345.17767,11018.88379
2025-02-01,Monthly,1.5420832364249102,782054.87467,507141.80415,1.5673070192094996,550780.85288,351418.6092,1.464056398796676,211146.13968,144219.94935,1.7497567912485499,20127.88211,11503.2456
2025-03-01,Monthly,1.5145063777769774,757113.75024,499907.93129,1.5460079001741303,533018.89033,344771.12974,1.4225816377311509,204385.77751,143672.44177,1.7191611898279069,19709.0824,11464.35978
2025-04-01,Monthly,1.5577861099011148,772326.8968,495784.94242,1.5824082376666333,548056.26544,346343.15747,1.47809579720879,204438.63953,138312.17159,1.78191202052683,19831.99183,11129.61336
2025-05-01,Monthly,1.4981992986517874,763241.34459,509439.12821,1.5135472061806843,539203.67003,356251.6371,1.4366065531706418,203637.28465,141748.82065,1.7834581371443758,20400.38991,11438.67046
2025-06-01,Monthly,1.6001227331652974,781595.84697,488459.93546,1.6324162529033657,558649.00724,342222.15458,1.5139691969493205,204911.4366,135347.16361,1.6560496694417395,18035.40313,10890.61727
2025-07-01,Monthly,1.5772063954153475,800277.47176,507401.86832,1.5960050834495012,563222.80676,352895.37145,1.5256088179344598,218567.4815,143265.74344,1.6446569720727342,18487.1835,11240.75343
2025-08-01,Monthly,1.4654925571248922,799639.93502,545645.85206,1.4740060935089727,573752.14821,389246.79534,1.4283085288131072,208747.94518,146150.45767,1.6724082527162578,17139.84163,10248.59905
2025-09-01,Monthly,1.5070844811062534,796157.03235,528276.31253,1.510654400258527,564567.21777,373723.61122,1.4959320153290105,213545.20651,142750.6092,1.5289329977954222,18044.60807,11802.09211
2025-10-01,Monthly,1.4751919711381432,790982.80984,536189.74704,1.4625776655973282,560852.79577,383468.72714,1.4958847345832404,210620.54312,140799.98161,1.6365580308860832,19509.47095,11921.03829
2025-11-01,Monthly,1.455693784825124,799824.25062,549445.39776,1.479149116063,573001.32359,387385.77292,1.3707223426786463,206137.83189,150386.27844,1.7719936024514786,20685.09514,11673.3464
2025-12-01,Monthly,1.5474530254984702,802683.11714,518712.42869,1.549261779921254,573489.24136,370169.35988,1.5325368472962089,210207.13677,137162.85983,1.6683998548153198,18986.73901,11380.20898
2026-01-01,Monthly,1.5221677493478725,798102.4345,524319.63221,1.5274576923898315,567984.99521,371849.9033,1.4987344819184885,211255.81103,140956.12904,1.6382042517515418,18861.62826,11513.59987
2026-02-01,Monthly,1.4944831475502607,800108.47755,535374.70721,1.4935047760826428,571570.77975,382704.35348,1.4872475839213923,209990.3997,141193.97602,1.6161282391253746,18547.2981,11476.37771
2026-03-01,Monthly,1.446389089088826,786285.90982,543619.91234,1.4512461913232,558446.88076,384805.06209,1.4087019602901858,209122.38084,148450.40806,1.8058519577694707,18716.64822,10364.44219
2026-04-01,Monthly,1.527591917602403,799461.38079,523347.48016,1.540704679034432,562485.66239,365083.37389,1.4823230740193776,219271.44194,147924.19128,1.71222650061652,17704.27646,10339.91499
