date,frequency,business_within_malaysia,amount_due_from_clients_intermediaries_reinsurers,malaysia_government_papers_and_guaranteed_loans,corporate_debt_and_securities,others,investments_total,investment_properties,loans,property_plant_and_equipment,other_assets,foreign_assets,rm_million_total
2009-01-01,Semi-annual,7453.8,1606.5,4200.0,6810.4,504.5,11514.9,204.4,177.8,746.1,716.1,75.0,22494.5
2009-01-01,Semi-annual,7891.9,1690.6,4641.0,6887.7,504.5,12033.2,204.4,177.8,746.2,782.0,539.1,24065.1
2009-07-01,Semi-annual,7158.1,1359.6,4393.6,6921.2,1031.5,12346.2,233.9,179.2,792.1,665.2,79.2,22813.4
2009-07-01,Semi-annual,7508.1,1500.3,4858.1,7012.0,1031.5,12901.5,233.9,179.2,792.1,751.2,621.8,24488.2
2010-01-01,Semi-annual,8074.4,1858.0,4738.2,6680.8,1810.1,13229.1,217.8,122.2,721.0,794.3,564.1,25581.0
2010-01-01,Semi-annual,7686.9,1720.3,4294.7,6589.0,1810.1,12693.7,217.8,122.2,721.0,719.4,61.1,23942.4
2010-07-01,Semi-annual,7713.3,1574.5,4481.6,6881.1,2112.0,13474.8,222.1,115.6,719.5,833.0,80.1,24732.9
2010-07-01,Semi-annual,8181.1,1718.6,4941.0,6973.4,2112.0,14026.5,222.1,115.6,719.5,931.4,611.3,26526.1
2011-01-01,Semi-annual,7779.7,2088.2,4701.7,6824.3,2507.2,14033.2,213.3,99.8,728.5,971.1,73.4,25987.2
2011-01-01,Semi-annual,8276.5,2262.6,5182.6,6917.5,2507.2,14607.3,213.3,99.8,728.5,1055.9,620.1,27864.1
2011-07-01,Semi-annual,7511.6,1928.0,5174.8,6852.2,2800.4,14827.5,174.8,90.2,715.6,1079.4,59.0,26386.1
2011-07-01,Semi-annual,8029.8,2080.5,6239.0,6955.1,2800.4,15994.4,174.8,90.2,715.6,1182.7,638.4,28906.6
2012-01-01,Semi-annual,7665.7,2167.3,5400.3,6458.1,3467.4,15325.7,167.8,108.5,749.2,1081.2,56.1,27321.4
2012-01-01,Semi-annual,8137.0,2562.7,6377.6,6558.4,3467.4,16403.4,167.8,108.5,749.2,1195.7,665.1,29989.4
2012-07-01,Semi-annual,7109.2,2102.8,5591.2,6960.4,4325.5,16877.1,146.0,101.3,688.2,1105.8,49.1,28179.6
2012-07-01,Semi-annual,7715.4,2421.3,6561.2,7066.0,4325.9,17953.1,146.0,101.3,688.2,1264.7,706.4,30996.5
2013-01-01,Semi-annual,7252.0,2468.4,5528.1,7050.3,4959.1,17537.5,149.7,91.7,720.9,1400.9,33.3,29654.5
2013-01-01,Semi-annual,7911.9,2878.9,6492.9,7152.4,4959.3,18604.6,149.7,91.7,720.9,1623.7,743.6,32725.0
2013-07-01,Semi-annual,7635.7,2469.6,6826.0,7179.6,5889.3,19894.9,148.0,91.5,781.7,1999.5,823.2,33844.2
2013-07-01,Semi-annual,6842.0,2064.0,5908.4,7064.0,5888.4,18860.8,148.0,91.5,781.7,1736.6,45.6,30570.3
2014-01-01,Semi-annual,7200.3,2495.9,6081.5,7305.7,5977.2,19364.4,153.7,83.8,779.8,1856.2,24.8,31958.9
2014-01-01,Semi-annual,7986.4,2976.9,7139.8,7427.8,5978.5,20546.0,153.7,83.8,779.8,2164.9,721.2,35412.7
2014-07-01,Semi-annual,7989.1,2842.3,7045.4,7514.4,6423.3,20983.1,154.4,80.1,852.4,2416.2,1084.4,36402.0
2014-07-01,Semi-annual,7402.5,2368.3,6279.7,7377.0,6421.6,20078.3,154.4,80.1,852.4,2070.2,32.4,33038.6
2015-01-01,Semi-annual,7661.8,3813.0,6843.3,7177.8,7213.4,21234.5,151.0,75.6,893.9,2479.2,968.8,37277.7
2015-01-01,Semi-annual,7071.0,3178.3,6275.9,7046.2,7175.1,20497.3,151.0,75.6,893.9,2137.4,125.3,34130.0
2015-07-01,Semi-annual,7966.9,3484.9,6819.3,7053.1,7903.3,21775.7,200.4,68.5,836.6,2753.8,1193.2,38280.0
2015-07-01,Semi-annual,7308.6,2899.5,6231.7,6923.9,7865.1,21020.8,200.4,68.5,836.6,2421.0,89.4,34844.8
2016-01-01,Semi-annual,8440.2,3878.0,6453.4,7315.3,8225.6,21994.3,200.4,61.1,871.6,2903.8,1173.1,39522.5
2016-01-01,Semi-annual,7754.7,3317.9,5841.1,7183.7,8187.2,21211.9,200.4,61.1,871.6,2568.7,78.0,36064.4
2016-07-01,Semi-annual,8639.1,3533.8,6702.4,7446.8,7822.8,21972.0,171.5,56.8,933.9,2693.5,1447.8,39448.5
2016-07-01,Semi-annual,7798.3,2701.4,6081.9,7315.1,7784.4,21181.4,171.5,56.8,933.9,2264.2,66.4,35173.9
2017-01-01,Semi-annual,7385.0,2974.8,6004.5,7751.3,8423.2,22179.0,173.5,54.2,919.3,2435.6,63.7,36184.9
2017-01-01,Semi-annual,8461.0,3913.6,6502.3,7897.5,8425.7,22825.5,173.5,54.2,919.3,2856.6,1492.9,40696.5
2017-07-01,Semi-annual,7373.1,2764.7,5591.2,6850.1,10268.8,22710.2,166.3,51.4,943.9,2251.4,100.5,36361.5
2017-07-01,Semi-annual,8516.1,3738.4,6081.3,7057.7,10271.5,23410.6,166.3,51.4,943.9,2652.5,1491.4,40970.5
2018-01-01,Semi-annual,8671.1,3849.4,6109.1,7195.3,10450.9,23755.3,158.9,49.0,906.2,2758.0,1516.3,41664.2
2018-01-01,Semi-annual,7571.0,2850.5,5593.1,6991.8,10448.8,23033.7,158.9,49.0,906.2,2364.6,90.4,37024.3
2018-07-01,Semi-annual,8430.8,2553.4,5434.7,6789.4,10687.4,22911.4,279.1,47.7,861.7,2293.1,42.5,37419.6
2018-07-01,Semi-annual,9115.2,3368.6,5962.8,7032.1,10691.7,23686.6,279.1,47.7,861.7,2719.5,2152.9,42231.3
2019-01-01,Semi-annual,7795.5,2910.4,5456.3,6835.9,11701.9,23994.1,276.1,45.1,836.2,2543.6,44.8,38446.0
2019-01-01,Semi-annual,8493.9,3774.1,6021.2,7078.0,11752.0,24851.3,276.1,45.1,836.2,3218.8,1974.3,43469.7
2019-07-01,Semi-annual,8619.4,3111.5,5740.6,6750.5,13272.4,25763.5,254.3,43.0,847.3,2912.4,2080.8,43632.1
2019-07-01,Semi-annual,7966.1,2206.0,5324.6,6475.7,13103.8,24904.1,254.3,43.0,847.3,2358.5,58.4,38637.5
2020-01-01,Semi-annual,7488.7,4068.4,5636.3,6842.4,15131.8,27610.5,254.2,40.4,834.8,2976.5,2443.5,45717.0
2020-01-01,Semi-annual,6811.1,2957.8,5209.7,6567.4,14933.8,26710.9,254.2,40.4,834.8,2324.1,138.1,40071.4
2020-07-01,Semi-annual,7301.1,3133.8,5951.9,6920.3,16470.9,29343.1,230.4,40.3,882.7,2884.3,2169.9,45985.6
2020-07-01,Semi-annual,6495.8,2178.1,5525.4,6634.9,16259.0,28419.3,230.4,40.3,882.7,2134.4,123.9,40504.9
2021-01-01,Semi-annual,6444.7,4064.0,6266.1,6896.5,16878.3,30041.0,224.6,36.9,880.3,2932.4,2511.0,47134.9
2021-01-01,Semi-annual,5555.0,2637.3,5839.9,6612.4,16662.9,29115.2,224.6,36.9,880.3,2139.7,164.5,40753.5
2021-07-01,Semi-annual,7475.2,3674.5,6582.0,7038.3,16946.3,30566.7,221.5,32.9,880.9,3130.1,2568.6,48550.3
2021-07-01,Semi-annual,6642.6,2254.8,6097.1,6749.5,16730.0,29576.6,221.5,32.9,880.9,2188.1,83.3,41880.7
2022-01-01,Semi-annual,8005.8,5345.5,7122.5,6830.1,16172.4,30125.0,219.7,31.6,873.9,3437.0,3175.6,51214.1
2022-01-01,Semi-annual,6865.1,3212.6,6634.1,6578.8,15969.7,29182.6,219.7,31.6,873.9,2307.3,108.0,42800.7
2022-07-01,Semi-annual,8745.2,5171.3,7203.9,6886.3,16383.0,30473.3,219.5,30.0,865.0,3249.0,3645.0,52398.2
2022-07-01,Semi-annual,7765.3,2797.2,6702.5,6646.8,16206.2,29555.6,219.5,30.0,865.0,2145.6,76.3,43454.5
2023-01-01,Semi-annual,7515.9,3306.5,6718.5,6583.8,17471.6,30773.9,224.1,34.0,861.0,2083.5,47.6,44846.5
2023-01-01,Semi-annual,8472.6,5780.1,7230.9,6803.6,17649.5,31684.1,224.1,34.0,861.0,3262.0,4073.6,54391.4
2023-07-01,Semi-annual,8314.1,2991.7,7206.8,7003.8,17128.3,31338.9,225.7,25.1,867.6,1963.2,39.0,45765.3
2023-07-01,Semi-annual,9240.9,5715.2,7735.4,7232.8,17329.4,32297.6,225.7,25.1,867.6,3259.6,4305.2,55936.9
2024-01-01,Semi-annual,7790.0,3548.8,7691.2,7397.3,17296.5,32384.9,199.8,22.6,865.1,2049.2,120.2,46980.6
2024-01-01,Semi-annual,8550.0,6047.0,8218.3,7814.0,17686.5,33718.7,199.8,22.6,865.1,3125.6,5012.7,57541.5
2024-07-01,Semi-annual,8117.0,3199.2,7723.8,6493.9,19031.2,33248.8,208.6,21.4,903.2,1975.9,149.0,47823.3
2024-07-01,Semi-annual,8565.2,5299.6,8262.7,7034.9,19570.5,34868.1,208.6,21.4,903.2,3028.8,4996.0,57891.1
2025-01-01,Semi-annual,6762.1,3909.9,8433.8,6725.0,20390.2,35549.0,208.5,19.6,934.9,1986.4,157.8,49528.1
2025-01-01,Semi-annual,7285.3,6157.4,8987.7,7270.5,21080.2,37338.4,208.5,19.6,934.9,2984.2,5169.6,60097.9
2025-07-01,Semi-annual,6148.8,3664.1,8453.4,7338.7,21210.6,37002.7,208.3,18.5,909.2,2048.0,163.9,50163.5
2025-07-01,Semi-annual,6532.1,5883.7,9022.8,8086.4,21729.4,38838.6,208.3,18.5,909.2,2961.0,5130.5,60482.0
