date,frequency,bank_interbank,corporate,banker_s_acceptance_bank_interbank,banker_s_acceptance_corporate,negotiable_instruments_of_deposit_interbank,negotiable_instruments_of_deposit_corporate,deposits_bank_interbank,deposits_corporate,commodity_murabahah_deposits_bank_interbank,commodity_murabahah_deposits_corporate,wakalah_deposits_bank_interbank,wakalah_deposits_corporate,other_bank_interbank,other_corporate,islamic_bankers_acceptance_bank_interbank,islamic_bankers_acceptance_corporate,islamic_negotiable_instruments_of_deposit_interbank,rm_million_equivalent_corporate
2012-01-01,Monthly,550520.7899999999,761707.6300000001,8718.77,365.16999999999996,13941.0,2636.0,89560.98000000001,164575.87699999998,8351.27,3421.1162249199997,400.0,20744.28,33437.171,754.5024597510399,1560.08,1653.0,3987.35,2587.21
2012-02-01,Monthly,344781.5399999999,605502.07,9784.111,261.08,17008.0,3586.7,65334.75,123250.92,14674.91,2274.90417492,889.0,28904.04,15245.71,984.2323401108,714.0,1308.0,3994.0,1406.75
2012-03-01,Monthly,338831.32000000007,758564.6290000001,8699.087,356.05,34466.3,3017.55,95578.51,145909.53999999998,3724.4,1715.9475595,1246.8,52004.95,12883.6,1129.4190134588,453.71000000000004,1271.0,3413.8900000000003,3047.56
2012-04-01,Monthly,283553.0800000001,676992.66,11593.712,299.28999999999996,11677.4,485.4,76956.32,147770.49,5448.76,1093.17114327,296.5,60208.62000000001,11619.0,920.2788830489001,1904.47,1321.0,3066.34,2479.24
2012-05-01,Monthly,382085.07,774687.2060000001,10992.0733502,289.90999999999997,13787.4,2747.2,103687.82,158284.02000000002,7043.8,1314.73379454,480.0,63048.89,10683.3,1072.9557005909999,1373.24,1421.0,7655.45,1856.46
2012-06-01,Monthly,396193.123,800389.0650000001,8178.44107587,783.61,36802.4,2635.15,126212.47,175014.51,8567.380000000001,996.3858590400001,612.78,80300.05,8498.31,859.392155879175,1040.39,1291.0,10025.96,2973.55
2012-07-01,Monthly,471162.04000000004,801712.6819999999,8764.201,597.14,21670.4,689.05,75943.13,174013.24,8210.69,1754.26655804,629.5699999999999,83025.15000000001,10970.43259642,1040.32484724078,1258.15,1340.0,7574.299999999999,1680.01
2012-08-01,Monthly,431945.9600000001,695766.5224274199,7468.799999999999,384.79999999999995,23133.4,804.25,76375.89,135862.06,5685.27364148,1349.9518163500002,2359.8199999999997,62216.017254210004,8479.11,864.7784324271,1021.38,1278.0,5761.59324323,1499.45
2012-09-01,Monthly,534430.90041944,742891.7043235298,10865.19428205,543.61,16997.4,2820.15,72592.34,134690.634,5672.684501780001,1130.6764267499998,1590.0,70514.17432431,9570.0,1752.17647653228,867.25,1270.0,6135.63581181,1975.41
2012-10-01,Monthly,425159.64472,917152.08737354,9367.643,413.69300000000004,20010.809999999998,2993.65,84154.37,149985.38999999998,7531.95293276,2320.3026250000003,1740.0,82481.83776984,10414.529999999999,1267.2587628195852,1540.27,1485.0,6652.98252705,1048.3400000000001
2012-11-01,Monthly,551369.72705594,730878.13411304,9342.058,359.44,18686.0,3995.35,64645.18,144427.67999999996,7206.4165736800005,1918.5198016999998,2100.0,72422.76396677,6251.67,991.0854952718,1341.99,1308.46,6973.2886491300005,2160.2200000000003
2012-12-01,Monthly,539371.94004172,707207.85110916,7534.031,435.812,23823.25,2862.25,93486.74,149036.15999999997,7015.84646192,1312.0860598599998,2320.0,70711.06001418999,10130.59,994.5516920599999,923.13,1699.0,7674.245399179999,598.11
2013-01-01,Monthly,424312.614,633545.829,12146.083,515.8910000000001,15334.939999999999,3694.7,86450.42000000001,164510.57,9612.18,1548.81550857,1258.0900000000001,78115.03,5586.83,1235.0,1416.15,1462.0,5182.15,3200.2799999999997
2013-02-01,Monthly,310547.089,570298.524,9911.347,397.51200000000006,16699.64,2560.35,59826.51,134272.13,5770.41,966.6168550799999,1730.0,81034.38,4202.18,1332.0,851.5899999999999,1018.0,6095.1900000000005,785.46
2013-03-01,Monthly,347116.132,636480.8319999999,8352.432,365.209,22722.36,3376.0,91771.03,129724.33000000002,5582.43,1429.05,1300.0,99424.51999999999,3311.0,1652.55,1112.71,1345.0,6968.26,318.3
2013-04-01,Monthly,325818.444,598479.105,11218.95,344.633,16876.06,2717.75,105728.38,103585.87,9873.369999999999,1199.5346,940.0,100146.64,2271.67,13485.67,1028.3899999999999,1145.0,6891.49,3709.31
2013-05-01,Monthly,349066.31299999997,635960.937,7708.8859999999995,573.722,22635.356,2616.3,83378.28,90361.79,8081.45,1033.5700000000002,560.0,99255.59,165.16,28608.75,271.04999999999995,1185.0,11182.529999999999,913.31
2013-06-01,Monthly,313313.915,571566.7019999999,7196.886,143.744,22050.866,2534.55,95528.9,88152.64,5898.469999999999,939.27,11754.0,94077.41,3899.7200000000003,23660.34,493.0,1288.0,9061.01,1849.31
2013-07-01,Monthly,424429.69800000003,709717.5700000001,7479.142,186.764,16421.767,2355.95,121920.23,102143.8,8219.98,1695.59,2840.98,89949.08,1532.87,26535.32,289.77000000000004,1110.0,7820.639999999999,2132.18
2013-08-01,Monthly,377952.015,634238.6669999999,6407.832,192.16899999999998,20334.28,2319.2,112049.65,96511.57999999999,5881.98,3990.16,1100.0,94935.16,4296.2,22567.05,622.0699999999999,1304.97,7405.68,1237.31
2013-09-01,Monthly,406474.017,630093.466,4992.889999999999,182.773,24975.739999999998,3546.51,97975.79000000001,96380.65,8018.92,7395.6900000000005,4250.0,104340.48999999999,3107.09,19485.01,473.98,1087.0,8989.02,1536.31
2013-10-01,Monthly,417052.86,630936.643,6877.534,219.68200000000002,17771.717,3075.33,103296.68,115672.25,5881.45,8312.76,1000.0,95705.39,3417.0,18880.12,0.0,1528.0,5684.26,904.12
2013-11-01,Monthly,342796.23,545712.158,4316.624,231.754,23512.753,3013.42,97297.38999999998,110629.48,7179.82,6855.36,380.0,82194.39000000001,1775.0,15503.03,0.0,1356.0,8163.57,624.69
2013-12-01,Monthly,413016.54000000004,615490.326,4380.591,206.697,29705.506999999998,2570.33,114805.16,152194.04,8249.57,1501.62,280.0,105847.57999999999,3884.73,17058.82,117.01,1710.0,5773.49,611.31
2014-01-01,Monthly,363074.24,589326.039,7197.466,227.11,19638.076,3126.2299999999996,90500.35999999999,139167.68,9729.01,1168.0,1290.0,100104.82,2415.0,18755.1,0.0,1438.0,5119.3,1417.08
2014-02-01,Monthly,324796.91000000003,602390.1479999999,5883.4310000000005,238.49,21309.953,3156.24,97938.35,131078.22,9868.39,1495.98,570.0,104644.54999999999,2118.5,16661.96,0.0,1277.0,6852.46,949.21
2014-03-01,Monthly,324042.109,613235.6990000001,4692.876,175.164,32054.449999999997,2854.4,101257.73000000001,138658.07,10886.189999999999,3455.48,700.0,108748.94,4003.5,12458.57,0.0,1309.0,7216.1,1179.4099999999999
2014-04-01,Monthly,357135.41000000003,650838.641,3069.563,249.501,20415.993000000002,4296.46,104553.22999999998,147095.93,6257.0,6038.33,730.0,111779.04,7666.860000000001,11791.89,0.0,1934.0,6594.35,1100.6100000000001
2014-05-01,Monthly,340319.18,509982.99,5271.23,185.4,30102.739999999998,3580.1000000000004,100378.37,130942.5,9655.4,7953.72,2480.0,107607.27,3703.0,17578.870000000003,0.0,1591.0,11947.0,503.40999999999997
2014-06-01,Monthly,400899.69999999995,606337.63,7403.110000000001,149.19,19162.96,2383.7,116747.23999999999,131924.01,7617.59,17719.199999999997,1632.0,102520.53,6288.42,15585.31,0.0,1086.0,7612.5,357.19
2014-07-01,Monthly,379167.56,547244.886,5741.557000000001,191.132,19270.022,5177.110000000001,98437.95999999999,122672.29999999999,11258.99,31285.8,300.0,84122.67,18653.239999999998,16358.98,0.0,1820.0,7984.1,1363.4
2014-08-01,Monthly,397536.08,568311.832,6346.35,127.15299999999999,20277.694,4556.2699999999995,121851.38,134125.16,10152.21,36040.869999999995,359.0,78726.29999999999,5899.17,16475.35,0.0,1426.0,10639.0,1591.4
2014-09-01,Monthly,360291.17,579577.578,6901.386,231.757,23192.965,3470.29,112341.60999999999,122537.93,8156.46,53569.58,642.52,72783.26000000001,22344.239999999998,14899.51,0.0,1272.0,9361.0,1485.72
2014-10-01,Monthly,369472.44000000006,610875.8840000001,7082.005999999999,96.357,22672.968,3607.7200000000003,109062.41,112417.5,11826.7,50255.37,1876.38,83714.77,18800.96,26156.260000000002,0.0,1492.0,11058.0,2470.06
2014-11-01,Monthly,330851.75,561847.384,4027.245,126.62,30178.029000000002,3399.8300000000004,108415.9,78010.55,10670.05,90799.85999999999,711.41,79623.98,22695.76,21615.82,0.0,0.0,10405.0,1456.58
2014-12-01,Monthly,413670.17,639415.503,927.4100000000001,112.307,23453.712,7213.3,123421.62000000001,88362.92,12025.54,114588.92,1890.0,94144.26,43525.649999999994,27317.14,0.0,1542.0,8415.0,794.2
2015-01-01,Monthly,327056.22,630842.918,6815.964,156.141,29501.553999999996,3700.84,110078.41,91995.9,11410.74,105648.45999999999,900.0,92579.39000000001,26260.379999999997,25954.1,0.0,1398.0,7651.0,1850.0
2015-02-01,Monthly,293457.86,469819.633,4378.82,88.037,25907.16,2959.5,108986.16999999998,68850.70999999999,11588.27,90174.3,1400.0,68003.68000000001,22992.45,20322.010000000002,0.0,1059.0,10631.0,2139.83
2015-03-01,Monthly,377472.78,639676.058,4965.12,119.76100000000001,23874.136,2399.8599999999997,139355.96,66176.54000000001,13673.98,138126.22,3062.0,82508.41,29064.08,27295.28,0.0,1369.0,12014.0,1456.0
2015-04-01,Monthly,323706.35,633149.928,7752.976000000001,129.60399999999998,29357.443,1246.0,141927.83,49044.8,11061.24,155439.13999999998,320.0,79065.64,30201.24,17916.31,61.89,1464.0,9834.0,1098.0
2015-05-01,Monthly,314261.23000000004,530012.74,5414.807,93.743,22012.02,1530.685,118647.68,29305.75,10507.72,167357.36,0.0,70851.43,15244.74,14821.29,0.0,1138.0,10316.0,131.0
2015-06-01,Monthly,329423.05,595105.8870000001,1528.585,106.503,19118.07,1214.61,166317.72999999998,15764.91,12635.210000000001,201156.02000000002,1440.0,3766.0,18748.8,18056.61,0.0,1329.0,9734.0,380.0
2015-07-01,Monthly,318983.36999999994,581299.188,3163.62,153.207,84024.01,1553.446,44595.729999999996,6376.0,33981.39,190025.27000000002,0.0,0.0,44351.8,19195.91,0.0,1436.85,16981.0,376.25
2015-08-01,Monthly,305926.725,504829.4734,650.3399999999999,114.50200000000001,29934.038,1396.649,34797.04,6399.0,49919.47,179423.45,0.0,0.0,39891.479999999996,24281.21,0.0,1159.06,11528.0,207.74
2015-09-01,Monthly,327197.96499999997,532506.9340000001,1196.202,113.806,60227.74,1233.14,36304.71,6325.0,54137.130000000005,180747.79,0.0,0.0,45638.200000000004,27246.03,0.0,1318.7,8507.01,305.24
2015-10-01,Monthly,418528.07999999996,566211.2050000001,1077.2930000000001,187.262,30256.64,1299.743,35103.29,6739.0,47770.06,188262.97,0.0,0.0,42903.45,30432.68,0.0,1350.09,9100.0,185.59
2015-11-01,Monthly,464617.7800000001,533207.929,666.37,140.931,25545.11,1221.87,26868.18,2960.0,45550.479999999996,169784.91,0.0,0.0,44565.33,27302.7,0.0,1518.28,6503.91,128.01
2015-12-01,Monthly,332656.00100000005,582014.872,400.1,149.13400000000001,37541.95,3205.4700000000003,27960.57,6485.0,32857.8,220757.12000000002,600.0,0.0,55807.38999999999,21679.98,0.0,1571.0,13700.0,1127.0
2016-01-01,Monthly,242817.711,509584.2375,2068.26,190.868,22481.65,1286.19,23779.010000000002,10813.970000000001,12370.3,166267.24,0.0,144.51,39287.850000000006,18725.690000000002,11.64,1170.21,10153.0,825.5
2016-02-01,Monthly,227145.33000000002,517110.135,2201.88,224.687,24626.34,1556.01,19499.0,2478.0,18458.7,156471.97999999998,0.0,72.5,40064.45000000001,22552.22,332.44,1149.8,7712.85,1407.1
2016-03-01,Monthly,299590.88,669301.264,2515.55,167.008,26462.32,1901.0,24572.0,2548.0,18822.4,170658.56999999998,0.0,4.32,43754.29,20516.35,409.2,1209.64,8534.76,1275.5
2016-04-01,Monthly,273902.11,569146.7749999999,2237.0600000000004,182.302,23717.379999999997,1762.4489999999998,23863.0,1758.0,26178.199999999997,181690.85,0.0,229.01,47161.6,19097.1,0.0,1627.06,7557.99,1592.12
2016-05-01,Monthly,237365.31,571170.2039999999,2033.43,186.692,28426.09,1934.96,29532.0,372.0,15949.099999999999,178694.5,10.0,389.81,46217.69,24183.28,469.27,1304.81,11993.76,1112.5
2016-06-01,Monthly,250547.99,602437.098,613.47,253.0,30331.874,2233.71,35147.990000000005,413.0,22131.8,180992.41,0.0,2301.28,45490.59,22028.82,121.81,1500.1200000000001,7741.5,332.0
2016-07-01,Monthly,261889.62,541681.158,678.3199999999999,181.562,29571.9,1968.9650000000001,32483.0,118.0,18170.9,172587.04,0.0,294.66,37648.939999999995,18138.940000000002,0.0,1400.95,11908.779999999999,605.0
2016-08-01,Monthly,248535.11,593339.957,3032.4700000000003,160.0,30557.6,1921.5570000000002,35518.0,297.0,26222.7,197320.99000000002,0.0,2472.68,47599.55,20176.39,182.18,1379.43,5749.110000000001,446.0
2016-09-01,Monthly,227393.85000000003,544788.731,1607.6,165.0,34530.729999999996,2166.0499999999997,35519.0,104.0,27699.7,173822.29,0.0,1883.7,39818.1,16618.55,218.1,1797.32,7292.65,530.0
2016-10-01,Monthly,227680.86600000004,536609.243,548.0,141.0,24213.46,2571.54,31623.0,610.0,32575.059999999998,181631.47,0.0,1413.03,43087.259999999995,23890.33,0.0,1564.86,7994.09,899.8199999999999
2016-11-01,Monthly,288405.66000000003,598519.774,468.94,198.0,21737.06,2591.235217,34553.0,120.0,27111.480000000003,189490.63,0.0,585.55,40776.62,21283.15,97.7,1317.28,5794.23,1545.0
2016-12-01,Monthly,281354.08999999997,550445.419,1571.0,178.0,30418.72,3989.5,36816.0,6393.0,37826.96000000001,204892.2,0.0,833.58,41209.25,18116.379999999997,0.0,1643.01,10170.02,435.0
2017-01-01,Monthly,209675.84,517970.507,359.0,78.0,23766.5,2930.9300000000003,36657.0,31.0,32363.050000000003,156900.96000000002,0.0,1955.01,38112.65,18296.9,0.0,1584.33,9093.44,215.0
2017-02-01,Monthly,197113.19,474332.899,147.78,78.0,16327.33,1628.25,35882.0,0.0,25990.0,144325.11000000002,0.0,1071.57,28090.66,19321.6,195.9,1269.98,10293.0,386.0
2017-03-01,Monthly,292860.31999999995,609398.645,193.85,78.0,22924.89,1641.9199999999998,35306.0,150.0,21365.190000000002,193091.35000000003,0.0,670.55,33460.47,23567.379999999997,146.58,1476.16,6559.5,185.0
2017-04-01,Monthly,180676.63999999998,538426.837,170.02,151.0,18700.87,1491.85,33270.0,0.0,17304.82,183463.66999999998,0.0,1149.42,30761.96,23121.63,83.26,1497.45,5558.0,345.5
2017-05-01,Monthly,216117.88,575946.1460000001,298.18,150.0,20512.89,1542.6200000000001,41368.0,120.0,19605.64,170712.56000000006,0.0,2731.14,26240.02,24490.1,0.0,1537.96,7132.0,135.0
2017-06-01,Monthly,202262.52000000002,522569.538,182.0,157.0,24502.14,2155.08,38302.0,50.0,18818.050000000003,164923.53999999998,0.0,1122.65,24249.41,15339.869999999999,0.0,1611.83,8912.0,190.0
2017-07-01,Monthly,194482.891,555265.341,398.39,175.7,14433.93,1192.0,45742.0,0.0,22929.57,180971.28,0.0,1069.49,30015.42,16161.279999999999,0.0,1507.13,9730.0,338.0
2017-08-01,Monthly,200927.91,577704.8279612501,772.48,231.4,18917.82,886.15,48914.0,16.0,24869.54,193700.35346756,0.0,1456.98,27305.83,20246.33,0.0,1610.08,6421.0,185.0
2017-09-01,Monthly,222971.97,508516.02713832003,339.39,185.14,20514.28,1378.445,40380.0,0.0,17107.16,162278.61849296998,0.0,1137.67,25462.77,15933.43,0.0,1435.48,9526.54,805.0
2017-10-01,Monthly,219007.565,566014.6459329654,223.43,147.44,22880.630000002566,1672.06,45050.0,0.0,22992.769999989614,195577.69391283192,0.0,1617.23,44053.67,24069.059999999998,0.0,1446.17,9358.99999996518,623.1700000000001
2017-11-01,Monthly,265880.82135036984,1637800.31874737,0.0,176.24,14740.99,1994.6,93950.0,0.0,27465.000900246574,212278.76354607407,0.0,1591.36,36047.89,21242.7,379.98,1590.53,6357.0002250616435,387.0
2017-12-01,Monthly,221670.94,540072.87497472,0.0,113.75,13150.369999999999,3117.8,84296.0,0.0,29338.949999999997,193609.36300798,0.0,2816.58,46498.28999999999,16965.1,0.0,1697.76,3340.0,90.0
2018-01-01,Monthly,245116.95,560188.22049589,417.48,179.85,14220.05,1056.24,102662.0,629.0,31684.399999999998,191487.58381377003,0.0,1401.97,28893.09,26173.27,0.0,1677.19,4675.0,1378.0
2018-02-01,Monthly,208233.39,506773.04479,50.33,254.1,19715.27830916,860.6199999999999,89487.80872999999,0.0,23853.7,178025.81610700005,0.0,1980.66,36009.24,85480.94,0.0,1173.94,6485.8283,85.225
2018-03-01,Monthly,276505.56,633084.0348430001,476.42999999999995,189.63400000000001,15312.38,1058.54,107632.35171,198.0,19886.72,207599.18982699997,0.0,2386.964423,31606.118000000002,107505.48,0.0,1371.86,8973.6831,835.065
2018-04-01,Monthly,277692.53,631690.9766030001,608.53,186.668,13241.92,563.26,103803.85037,554.0,31452.85,196439.650109,0.0,1415.17,27355.949,117988.75,0.0,1591.63,6878.630800000001,445.35
2018-05-01,Monthly,244038.63800000004,547689.1407200001,194.42,66.29,18635.0,837.0,90860.0778,410.0,24344.85,177071.910487,0.0,1215.233109,27046.878,116670.39,0.0,1616.84,5694.5706,185.0
2018-06-01,Monthly,221052.24000000002,589429.0623400001,372.089,156.192,20233.82,656.16,103582.04855,451.0,128631.24999999999,170603.34351200002,0.0,1835.150212,19382.0,120849.39,0.0,0.0,7266.5185,186.345
2018-07-01,Monthly,282434.05075179995,601790.457385,1108.8600000000001,140.618,11168.0,888.8499999999999,110508.19501,136.97,20158.800000000003,236987.868774,0.0,1256.913094,20380.23,107930.43,0.0,0.0,7491.8111,185.1
2018-08-01,Monthly,208730.18999999997,561118.085138,1282.4099999999999,153.90200000000002,17147.4,584.05,62584.452919999996,53.9,23210.9,230994.41936200002,0.0,1274.71,17119.23,91093.0,0.0,0.0,5721.7923,185.4
2018-09-01,Monthly,173705.20300000004,527054.386453,644.886,120.972,17537.82,971.22599978,47446.03424,10.04,35021.05,181415.35765599998,0.0,1170.21,16717.28,70683.0,0.0,0.0,6384.2043,85.0
2018-10-01,Monthly,229535.23999999996,588312.73045,750.25,136.21,18561.0,555.88728118,60622.04087,130.88,60745.08,241124.67643799997,0.0,1908.15,22169.260000000002,93794.0,0.0,0.0,4316.80265,1996.095
2018-11-01,Monthly,199367.15999999997,584899.1754800001,402.53,88.89,18547.0,3467.5280000000002,0.0,140.56,35091.932,242087.589515,0.0,1711.157671,13318.25,116619.0,0.0,0.0,6225.82,87.0
2018-12-01,Monthly,262747.81000000006,582249.65652,599.71,127.71,12929.0,3617.69,0.0,43.1,46603.64,289377.492415,0.0,1889.31,18190.8,119710.0,0.0,0.0,5124.41,1405.0
2019-01-01,Monthly,234238.55000000002,599243.414986,1281.26,95.24,19728.0,5127.179999999999,0.0,113.9,21965.6,261023.52535499996,0.0,1589.128737,14631.45,115410.0,0.0,0.0,6585.33,12015.0
2019-02-01,Monthly,188938.02004000003,456396.225277,52.0,65.32,8719.0,2536.20019942,0.0,64.76,19479.25,220305.3047,0.0,1714.028197,24848.6,87468.0,0.0,0.0,5470.2437,1190.0
2019-03-01,Monthly,255839.7,575212.39033924,468.0,95.759,15198.0,2435.77,0.0,381.5,17763.85,265248.24735443003,0.0,2188.2405672099994,24852.12,118002.0,0.0,0.0,9969.0977,216.9999999999999
2019-04-01,Monthly,262782.540546,596287.87804,242.846736,139.231,12014.88805,4981.609651,0.0,285.44259,26115.27,289153.497187,0.0,2717.563716,33715.412486,114436.975429,0.0,0.0,6163.86265,121.868578
2019-05-01,Monthly,210283.589132,527718.211366,50.195,52.361,11967.18918,5633.429255,0.0,96.558839,44741.76,238122.499604,0.0,2200.676452,39089.271758,115924.845131,0.0,0.0,5958.67399,321.588928
2019-06-01,Monthly,210880.381019,472917.169282,154.507714,94.381,18548.87,2669.875217,0.0,85.236661,20538.95,214565.087639,0.0,1279.31696,23424.213046,93027.790566,0.0,0.0,5045.34105,212.345
2019-07-01,Monthly,247624.930061,569414.997214,1039.552518,61.289,12397.31624,5122.917596,0.0,147.812696,34506.222063,237127.594817,0.0,1599.703876,30808.16,109154.649003,0.0,0.0,7217.3029,214.008757
2019-08-01,Monthly,184240.30405,536286.046183,1576.177656,10.096,16767.29175,4004.674955,0.0,171.509491,21150.489154,219994.208197,0.0,1464.288108,22107.96,117312.212489,0.0,0.0,5992.90314,312.962105
2019-09-01,Monthly,208129.847275,489654.574345,1298.524677,20.432,16140.005642,5285.65517,0.0,284.40283,24085.906336,209744.698475,0.0,1552.143018,28636.433,97383.788494,0.0,0.0,7194.21555,215.907262
2019-10-01,Monthly,144317.660819,551422.058808,2320.198086,11.964,19877.981104,5851.5432,0.0,392.448682,19540.25,233246.147355,0.0,2188.007305,41031.1627,109274.334017,0.0,0.0,8821.34321,209.901579
2019-11-01,Monthly,244033.257025,527507.36001,1362.136317,4.106,14760.0,4325.222824,0.0,380.760089,32910.15,223034.831212,0.0,2053.316226,33911.085,98754.729746,0.0,0.0,6040.80488,775.398457
2019-12-01,Monthly,165632.574845,566483.018416,525.263937,7.632,12510.0,5533.255251,0.0,264.08703,12781.5,247664.193998,0.0,2533.555229,20854.697,90026.103177,0.0,0.0,6444.53735,1634.735
2020-01-01,Monthly,259904.817105,523794.319756,1985.893401,5.232,14353.8212,970.258659,0.0,186.2917,14643.2,215562.377489,0.0,2193.81513,14280.91,79608.617062,0.0,0.0,7804.2007,672.843781
2020-02-01,Monthly,252769.147254,492201.036252,1881.697171,6.938,11496.14636,2508.242026,0.0,122.020221,11215.5,210025.642992,0.0,2044.125381,30705.907,75319.569303,0.0,0.0,10787.69349,905.509436
2020-03-01,Monthly,258966.593773,568354.228414,1122.831216,6.938,13540.0,3009.921571,0.0,136.721989,49333.8,249131.870735,0.0,2596.302839,40405.862,93985.982402,0.0,0.0,3445.4031,222.85
2020-04-01,Monthly,204011.667196,605395.135556,0.0,4.346,11429.0532,8279.495226,0.0,83.260558,38553.88,255432.744368,0.0,1299.59539,48164.501,115809.833633,0.0,0.0,7552.12512,281.075631
2020-05-01,Monthly,185230.65171,454207.680641,1233.406888,4.612,10687.23555,4161.33714,0.0,81.543111,24651.5,189355.352347,0.0,1334.346816,33922.400164,80469.492438,0.0,0.0,6840.50133,122.95802
2020-06-01,Monthly,179592.88895,562798.351573,1409.671183,0.0,10828.8472,3861.118405,0.0,66.331473,14975.0,235076.282129,0.0,2486.458391,9487.69,106143.575802,0.0,0.0,6711.14634,240.65
2020-07-01,Monthly,227534.137334,609394.09718,716.809011,2.58,10579.78105,5070.245632,0.0,77.323768,31772.1,234965.912552,0.0,1583.913366,39633.1,114712.557998,0.0,0.0,3578.71659,276.263204
2020-08-01,Monthly,193857.108054,515509.519514,689.093336,2.106,11148.45885,4180.098935,0.0,57.953385,30761.9,235625.685713,0.0,1859.085295,13102.98,96545.53909,0.0,0.0,5698.53445,389.615
2020-09-01,Monthly,210223.23361,570670.157658,841.599403,5.046,14770.0,1192.135854,0.0,591.414964,34359.3,279100.050928,0.0,1980.734458,12189.88,77307.302971,0.0,0.0,5854.85019,450.0
2020-10-01,Monthly,169953.390087,573077.269996,418.29113,8.716,13837.6262,3354.620912,0.0,154.62299,61468.61,343358.122548,0.0,1529.669201,19973.45,26413.221083,0.0,0.0,8225.66785,251.220009
2020-11-01,Monthly,192957.374542,567904.361526,1007.033338,2.92,13280.0,3100.629266,0.0,135.534891,32803.5,351168.048849,0.0,1870.933217,30020.82,14207.518372,0.0,0.0,5227.30132,220.0
2020-12-01,Monthly,171967.171659,613463.043346,781.549588,0.0,12799.3228,3660.506356,0.0,209.180502,40248.6,400415.50698,0.0,1539.006452,24562.48,16783.121152,0.0,0.0,7544.50885,225.585617
2021-01-01,Monthly,180832.336204,539499.489437,894.692622,0.0,10557.0872,7869.194738,0.0,80.240004,37941.2,354614.950755,0.0,1992.568879,22658.03,5940.68321,0.0,0.0,9540.69245,221.0
2021-02-01,Monthly,144117.440343,493369.001696,1052.313122,0.0,11247.2696,6800.728989,0.0,143.414822,35498.5,334794.850147,0.0,2251.98945,24810.72,5343.111372,0.0,0.0,6665.60875,420.5
2021-03-01,Monthly,204654.538752,699258.06164,399.681552,7.3,13549.944,1160.739451,0.0,110.701701,61093.4,465016.631179,0.0,2109.17933,31922.56,6321.554661,0.0,0.0,4495.17595,555.034227
2021-04-01,Monthly,207925.08076,644580.452998,897.464868,1.287,9808.68555,893.31669,0.0,63.232154,16856.947088,422464.395338,0.0,3065.76144,6927.23,5708.867591,0.0,0.0,6541.521,401.244138
2021-05-01,Monthly,151786.834521,538055.484074,722.13107,1.021,11815.0259,859.260345,0.0,161.893544,22177.3,365867.424821,0.0,1743.177105,7379.24,4477.542348,0.0,0.0,6442.7479,512.090513
2021-06-01,Monthly,213699.903277,654132.753967,890.195154,2.154,7415.74645,977.632962,0.0,50.770202,37255.46,442125.16541,0.0,1949.755456,5982.07,5192.109738,0.0,0.0,5185.8768,557.684406
2021-07-01,Monthly,166456.297971,625675.379298,1166.267478,1.79,5588.32765,577.078056,0.0,44.984194,40851.5,433185.050795,0.0,1717.769265,27468.47,5735.976446,0.0,0.0,6631.23945,261.723211
2021-08-01,Monthly,156067.743108,572327.016917,661.255078,1.22,5348.92705,769.581533,0.0,322.760403,28179.8,396657.604381,0.0,1573.104979,23316.53,6041.080638,0.0,0.0,2998.2951,225.371261
2021-09-01,Monthly,182035.929894,644693.969244,368.100666,0.0,8899.7895,765.045969,0.0,109.933166,32271.5,433992.039181,0.0,1789.262953,8136.610322,5842.795194,0.0,0.0,5791.52985,483.858
2021-10-01,Monthly,121122.374818,613754.356564,276.02153,79.511,5544.42375,511.635541,0.0,293.411557,17552.2,434338.521197,0.0,2266.998278,21924.32,5407.91204,0.0,0.0,6696.18345,192.128485
2021-11-01,Monthly,144474.905503,645926.080327,119.928952,0.987,8347.3967,634.541861,0.0,180.242276,35555.8,442091.537589,0.0,3200.86404,41703.19,5996.607233,0.0,0.0,6305.821,778.811
2021-12-01,Monthly,186399.247349,766823.706742,0.0,6.097,14960.0,283.09809,0.0,151.158952,40007.8158,537617.640082,0.0,2783.982963,40539.79,4894.781141,0.0,0.0,2445.2094,411.06
2022-01-01,Monthly,159874.411032,672551.467301,0.0,0.0,6199.5014,888.856655,0.0,154.209207,25394.2,474092.104552,0.0,1789.678062,27517.69,4420.89224,0.0,0.0,3046.37825,371.014174
2022-02-01,Monthly,140969.71147,595722.922438,0.0,0.0,4748.6152,584.376086,0.0,249.21332,20075.7,428528.608406,0.0,2616.377034,35718.56,4082.838798,0.0,0.0,5147.60805,667.386523
2022-03-01,Monthly,141825.471732,787380.709546,0.0,0.0,14276.43595,451.973374,0.0,333.387093,38507.75,521181.566224,0.0,3519.662532,34808.14,4826.419253,0.0,0.0,4026.0485,621.933
2022-04-01,Monthly,156649.921117,678167.19112,0.0,5.2,6278.9928,419.230001,0.0,47.435843,32430.4,419625.561612,0.0,3310.964774,42183.24,5279.579204,0.0,0.0,3974.1979,921.25342
2022-05-01,Monthly,109280.338974,625380.0672,0.0,5.08,8089.6142,278.576745,0.0,12.531233,19113.8,397884.500303,0.0,2445.527609,49241.9,4911.033964,0.0,0.0,4967.39085,857.97
2022-06-01,Monthly,172714.667669,715881.717644,0.0,5.718,7410.0,315.164929,0.0,10.204166,40404.1,463625.978337,0.0,1753.668006,31508.29,4737.944357,0.0,0.0,1767.9688,865.555
2022-07-01,Monthly,188636.241649,694990.971387,0.0,5.612,16798.6084,496.751122,0.0,12.776301,30250.95,444316.392368,0.0,1986.19858,22034.693973,4401.463678,0.0,0.0,7488.0371,724.151484
2022-08-01,Monthly,220673.025201,700778.921859,0.0,6.708,9499.2236,498.853023,0.0,10.24036,42869.6,432030.822703,0.0,2234.335296,52020.513003,5718.566074,0.0,0.0,6007.81476,473.6
2022-09-01,Monthly,205287.61412,685218.492291,0.0,0.0,21328.9758,434.118167,0.0,11.269519,50882.8,478769.500719,0.0,2279.796559,35766.325,5282.760203,0.0,0.0,4482.02375,351.16
2022-10-01,Monthly,264894.406681,583612.017504,0.0,5.087,10198.9113,100.601641,0.0,10.278281,45378.45,433089.851155,0.0,1763.30148,21311.015,6331.816208,0.0,0.0,2598.64255,455.395
2022-11-01,Monthly,244034.959618,632455.259049,0.0,0.0,11500.0,179.776104,0.0,12.87417,40070.0,446967.323243,0.0,1707.361885,40189.851918,7466.574327,0.0,0.0,5448.9752,426.368188
2022-12-01,Monthly,234784.887644,637698.02798,0.0,0.0,14990.0,111.487043,0.0,10.321496,41021.203854,448364.133743,0.0,2848.656195,6250.45,7416.208197,0.0,0.0,5934.0283,571.302182
2023-01-01,Monthly,207317.663308,558938.66819,0.0,0.0,19540.3116,31.081038,0.0,0.0,32095.951549,396387.888228,0.0,2081.094263,4983.295,6368.091832,0.0,0.0,3604.1735,197.751412
2023-02-01,Monthly,152753.930857,534028.212563,0.0,0.0,15759.086,79.201902,0.0,0.0,22164.50153,345454.468703,0.0,1663.122897,30881.567774,4586.535662,0.0,0.0,4788.0506,327.531361
2023-03-01,Monthly,212807.4,657581.3,0.0,1.0,11437.8,69.2,0.0,0.0,58035.0,450023.0,0.0,2112.9,31421.5,5223.9,0.0,0.0,6985.1,371.1
2023-04-01,Monthly,171500.9,524080.8,0.0,0.0,16910.0,62.0,0.0,0.0,39042.1,350111.3,0.0,1623.8,31867.8,5141.0,0.0,0.0,4019.9,217.1
2023-05-01,Monthly,176435.8,613113.2,0.0,4.9,10397.5,143.5,0.0,0.0,53966.3,384890.2,0.0,1925.4,68779.6,4337.4,0.0,0.0,3824.4,760.4
2023-06-01,Monthly,231812.7,577072.1,0.0,8.5,9759.1,183.4,0.0,0.0,50723.0,372208.4,0.0,2165.2,60467.8,4601.9,0.0,0.0,3488.2,429.5
2023-07-01,Monthly,268109.346525,543050.709656,0.0,0.0,13504.0814,274.312246,0.0,0.0,47956.850005,363512.850008,0.0,2955.774748,75999.4,4824.247279,0.0,0.0,4733.66275,373.111074
2023-08-01,Monthly,274513.199792,586870.414299,0.0,0.0,11949.1057,106.579663,0.0,0.0,67280.000797,393781.620061,0.0,2083.720905,70591.591651,5890.429807,0.0,0.0,5304.98255,734.010236
2023-09-01,Monthly,286216.078965,498006.702107,0.0,4.009,11610.0,183.097757,0.0,0.0,93019.191743,349904.388298,0.0,1682.029434,40121.89,6160.157095,0.0,0.0,2846.4052,253.926281
2023-10-01,Monthly,336511.2,544488.9,0.0,8.6,9430.0,267.5,0.0,0.0,91535.6,369785.9,0.0,1813.3,43066.7,6767.3,0.0,0.0,1868.3,386.3
2023-11-01,Monthly,278762.8,525195.0,0.0,0.0,13270.0,245.4,0.0,0.0,84132.8,391229.8,0.0,1675.3,45290.8,6597.2,0.0,0.0,5041.0,545.0
2023-12-01,Monthly,227540.3,516510.7,0.0,10.5,8545.4,84.7,0.0,0.0,57415.5,382386.1,0.0,2369.7,28333.6,6143.2,0.0,0.0,3689.1,966.3
2024-01-01,Monthly,315773.294416,591546.493778,0.0,8.855,8243.0664,147.124996,0.0,0.0,47400.941599,406807.065031,0.0,1447.746741,48212.11,7996.685087,0.0,0.0,3745.99015,653.175174
2024-02-01,Monthly,227402.075745,474804.399273,0.0,10.471,5193.56005,117.229275,0.0,0.0,35741.300815,372297.256752,0.0,1445.660444,31231.64,6034.210325,0.0,0.0,5593.34075,595.56
2024-03-01,Monthly,285373.6,523920.2,0.0,25.9,7400.0,254.5,0.0,0.0,65078.0,388102.7,0.0,1783.6,31472.1,6424.1,0.0,0.0,2643.9,728.0
2024-04-01,Monthly,282468.9,555343.9,0.0,3.1,9970.0,398.4,0.0,0.0,86583.8,382216.4,0.0,1743.6,21297.5,5392.6,0.0,0.0,4532.2,620.1
2024-05-01,Monthly,225764.6,575207.8,0.0,17.2,9144.4,150.6,0.0,0.0,76531.0,401588.9,0.0,1662.5,24784.8,4869.3,0.0,0.0,3837.7,648.5
2024-06-01,Monthly,259474.4,464090.1,0.0,10.3,5498.5,306.4,0.0,0.0,90730.7,338270.5,0.0,1473.8,21573.0,5529.0,0.0,0.0,1697.3,991.9
2024-07-01,Monthly,287251.3,566812.4,0.0,2.9,7889.5,85.2,0.0,0.0,72873.7,379285.2,0.0,3001.4,49860.3,5940.7,0.0,0.0,3887.4,695.0
2024-08-01,Monthly,347856.2,570836.0,0.0,1.0,9880.4,134.3,0.0,0.0,147794.7,357814.8,0.0,2384.8,24620.4,6278.7,0.0,0.0,4388.5,995.8
2024-09-01,Monthly,218027.5,519872.0,0.0,0.0,10540.0,273.1,0.0,0.0,84494.6,335778.7,0.0,1527.0,27427.1,6932.7,0.0,0.0,2192.9,1401.0
2024-10-01,Monthly,215434.4,568214.8,0.0,7.2,9477.3,228.3,0.0,0.0,76043.6,388995.9,0.0,2016.4,34213.8,8675.8,0.0,0.0,3103.1,829.3
2024-11-01,Monthly,244908.0,552167.7,0.0,0.0,13174.0,90.4,0.0,0.0,76270.6,363727.7,0.0,1747.4,19871.1,1714.5,0.0,0.0,3791.3,785.0
2024-12-01,Monthly,257604.1,550283.8,0.0,0.0,9202.0,73.3,0.0,0.0,119015.6,391892.9,0.0,4844.9,17971.7,368.0,0.0,0.0,4486.3,648.4
2025-01-01,Monthly,227479.9,527510.5,0.0,0.0,9948.2,185.1,0.0,0.0,82048.6,332880.0,0.0,1871.1,24120.5,202.2,0.0,0.0,3039.5,247.9
2025-02-01,Monthly,255933.6,498659.4,0.0,0.0,11000.0,164.1,0.0,0.0,85650.2,323976.7,0.0,1883.4,24340.4,119.8,0.0,0.0,4773.1,479.0
2025-03-01,Monthly,213582.9,504124.9,0.0,4.6,10178.8,80.0,0.0,0.0,80830.6,375872.1,0.0,2039.3,30436.6,260.6,0.0,0.0,6787.0,485.6
2025-04-01,Monthly,274014.6,552213.0,0.0,4.6,7118.4,168.2,0.0,0.0,85825.4,399633.8,0.0,2248.2,24707.5,204.0,0.0,0.0,3587.1,411.4
2025-05-01,Monthly,239008.9,505980.7,0.0,0.0,7490.0,474.2,0.0,0.0,86254.2,377881.8,0.0,3700.8,31645.6,197.4,0.0,0.0,5527.8,501.8
2025-06-01,Monthly,202895.7,494119.0,0.0,0.0,8250.0,802.9,0.0,0.0,107860.7,354750.8,0.0,4692.5,29655.0,224.8,0.0,0.0,5144.1,803.1
2025-07-01,Monthly,245387.5,573922.8,0.0,0.0,8250.0,335.0,0.0,0.0,103824.1,441095.0,0.0,4905.7,61163.1,166.6,0.0,0.0,4603.4,326.3
2025-08-01,Monthly,230660.9,516799.5,0.0,0.0,11567.7,263.2,0.0,0.0,144201.9,402931.7,0.0,4262.2,34123.9,70.1,0.0,0.0,5541.7,376.0
2025-09-01,Monthly,224695.3,445323.0,0.0,0.0,10672.8,560.6,0.0,0.0,113338.2,388311.4,0.0,2589.0,22987.9,138.5,0.0,0.0,7694.8,543.7
2025-10-01,Monthly,226090.5,558103.6,0.0,0.4,7239.4,160.9,0.0,0.0,89331.9,436271.3,0.0,3444.9,31011.0,234.6,0.0,0.0,4689.2,360.5
2025-11-01,Monthly,200835.7,528650.4,0.0,0.2,10727.0,274.0,0.0,0.0,87414.2,401088.8,0.0,2334.1,25065.1,70.9,0.0,0.0,3977.6,871.1
2025-12-01,Monthly,254169.5,590989.3,0.0,0.4,5750.0,455.9,0.0,0.0,119033.9,435201.1,0.0,2742.2,33212.1,128.8,0.0,0.0,2944.2,735.7
2026-01-01,Monthly,214037.6,547999.4,0.0,0.3,8633.1,163.6,0.0,0.0,130606.4,431845.7,0.0,3198.8,40003.5,323.2,0.0,0.0,4275.5,881.9
2026-02-01,Monthly,198396.3,451606.1,0.0,0.0,6620.0,494.8,0.0,0.0,123239.1,342947.4,0.0,2393.7,17382.0,54.2,0.0,0.0,3039.6,247.4
2026-03-01,Monthly,240067.416378,548482.505664,0.0,0.588,5449.1726,283.347391,0.0,0.0,121150.74669,406904.622722,0.0,3818.140562,15316.154314,74.022389,0.0,0.0,4194.8208,382.61
2026-04-01,Monthly,203453.209459,618308.123464,0.0,0.131,6268.7502,232.542343,0.0,0.0,121102.231982,470213.505614,0.0,4090.156329,18179.086458,74.323233,0.0,0.0,3828.87694,320.645
