date,frequency,of_transactions_in_interbank_money_market,overnight,weekend,1_week,1_month,2_months,3_months,6_months,1_year,bank_of_transactions_in_interbank_money_market_bank_interbank_others,sub_total,malaysian_government_securities,bonds,cagamas_bonds,malaysian_treasury_bills,bank_negara_bills,cagamas_notes,negotiable_instrument_of,banker_s_acceptance,money_market_instrument_sub_total,total
1995-01-01,Annual,,467276.51999999996,115282.26,42141.62,29056.05,7538.1,12341.55,8218.0,1347.2,59451.64,742652.94,3846.9599999999996,0.0,16158.400000000001,3763.9799999999996,12385.99,0.0,43361.6,62852.71000000001,142369.63999999998,885022.58
1995-01-01,Monthly,,38785.36,10520.23,2645.4,2669.0,683.2,1270.0,803.5,196.0,4288.29,61860.98,141.0,,2606.0,370.54,1383.2,,3213.0,4291.31,12005.05,73866.03
1995-02-01,Monthly,,33083.4,7494.06,2318.5,1452.5,309.0,484.5,244.5,123.0,3895.4,49404.86,66.0,,145.0,126.57,1302.46,,2596.0,4025.66,8261.69,57666.55
1995-03-01,Monthly,,37361.22,9954.0,3391.4,1255.8,125.0,770.5,447.0,125.0,6113.97,59543.89,121.55,,1175.85,370.53,1299.26,,4111.5,4932.71,12011.4,71555.29
1995-04-01,Monthly,,35708.68,8788.74,3075.75,1233.5,828.5,702.5,541.0,126.0,4119.63,55124.3,35.0,,1391.25,280.14,1191.8,,2990.5,5243.76,11132.45,66256.75
1995-05-01,Monthly,,37824.15,8237.48,2889.0,1571.45,1089.7,913.15,895.0,140.2,4442.0,58002.13,35.0,,2389.35,472.78,1201.0,,3486.1,5734.36,13318.59,71320.72
1995-06-01,Monthly,,39124.89,11723.71,3071.22,2047.9,354.3,1379.9,735.0,115.0,5962.9,64514.82,119.0,,4581.05,996.26,1569.37,,4865.5,5356.51,17487.69,82002.51
1995-07-01,Monthly,,38594.23,9355.08,3656.55,1937.5,330.5,1223.0,625.0,279.0,4434.0,60434.86,10.0,,2350.6,264.0,909.81,,3827.7,6055.33,13417.44,73852.3
1995-08-01,Monthly,,41492.56,9213.65,4691.75,3030.7,400.0,563.0,1037.0,85.0,6086.1,66599.76,,,1070.7,102.0,1037.4,,3427.5,5640.1,11277.7,77877.46
1995-09-01,Monthly,,43394.86,11912.39,4535.3,3177.0,212.0,620.0,608.0,10.0,5589.35,70058.9,2381.49,,235.7,62.46,630.45,,3794.3,4658.71,11763.11,81822.01
1995-10-01,Monthly,,42941.69,8769.99,3945.95,3776.8,812.9,1913.0,816.0,110.0,3995.35,67081.68,728.49,,157.9,226.87,222.4,,3186.0,5634.86,10156.52,77238.2
1995-11-01,Monthly,,41814.79,7511.6,3985.8,3242.4,1389.0,1084.0,757.0,23.0,4657.55,64465.14,10.0,,35.0,323.83,758.0,,3075.5,5496.15,9698.48,74163.62
1995-12-01,Monthly,,37150.69,11801.33,3935.0,3661.5,1004.0,1418.0,709.0,15.0,5867.1,65561.62,199.43,,20.0,168.0,880.84,,4788.0,5783.25,11839.52,77401.14
1996-01-01,Annual,,599542.8999999999,137166.94999999998,54941.67,72625.5,11795.45,15468.5,5615.46,990.0,75332.2,973478.63,25373.569999999996,0.0,2466.0,2841.6100000000006,14110.24,1711.2,54781.0,81008.36999999998,182291.99,1155770.62
1996-01-01,Monthly,,54674.82,10088.63,5227.5,4086.4,708.0,1313.0,926.5,30.0,7779.03,84833.88,3585.98,,733.0,224.19,1213.71,,4025.5,7001.73,16784.11,101617.99
1996-02-01,Monthly,,41501.57,8609.97,3172.3,5337.9,985.0,783.0,413.0,55.0,7983.46,68841.2,1785.0,,35.0,190.0,684.29,,2710.0,3553.78,8958.07,77799.27
1996-03-01,Monthly,,46044.3,12419.0,3961.35,4818.0,623.5,874.0,827.0,10.0,6487.48,76064.63,3470.0,,855.0,647.71,1220.13,,5740.5,5165.65,17098.99,93163.62
1996-04-01,Monthly,,43388.45,9094.21,4697.02,4649.9,511.0,668.0,521.5,30.0,5936.25,69496.33,2371.0,,130.0,215.0,1970.52,65.0,3253.0,6356.85,14361.37,83857.7
1996-05-01,Monthly,,48377.91,14214.31,4186.6,6484.2,658.5,650.0,357.5,15.0,7817.41,82761.43,560.0,,55.0,265.0,1442.0,,3552.0,6858.74,12732.74,95494.17
1996-06-01,Monthly,,50369.2,11382.29,3626.8,7225.8,998.9,897.0,298.51,60.0,6723.38,81581.88,4425.51,,145.0,80.0,1016.0,175.0,4748.0,5339.07,15928.58,97510.46
1996-07-01,Monthly,,48865.47,11127.51,4149.45,8399.1,1054.0,1412.5,266.0,110.0,6685.66,82069.69,1145.0,,90.0,105.0,935.0,102.4,2911.9,6676.66,11965.96,94035.65
1996-08-01,Monthly,,50034.99,12973.32,5946.0,6219.5,1630.6,1530.0,418.0,170.0,6923.83,85846.24,2185.0,,5.0,353.0,1354.5,120.0,5053.8,8694.73,17766.03,103612.27
1996-09-01,Monthly,,52557.76,11023.21,5226.55,5829.9,968.95,1414.7,290.0,80.0,4900.2,82291.27,1785.78,,165.0,164.65,869.26,200.0,5639.9,7516.24,16340.83,98632.1
1996-10-01,Monthly,,55500.51,10092.79,7193.1,6325.8,1330.0,1558.0,316.95,200.0,4751.95,87269.1,2255.0,,105.0,192.76,1218.5,200.0,6171.4,8617.75,18760.41,106029.51
1996-11-01,Monthly,,51050.58,14692.14,3475.0,5897.0,842.5,2095.8,470.5,160.0,3639.2,82322.72,1088.0,,143.0,180.0,1178.0,323.8,4585.6,7649.89,15148.29,97471.01
1996-12-01,Monthly,,57177.34,11449.57,4080.0,7352.0,1484.5,2272.5,510.0,70.0,5704.35,90100.26,717.3,,5.0,224.3,1008.33,525.0,6389.4,7577.28,16446.61,106546.87
1997-01-01,Annual,,1071121.03,249424.67,84540.59999999999,127461.87,11356.48,33487.55,3414.0,1353.0,91490.18000000001,1673649.45,12366.81,0.0,3737.1,4319.43,12409.25,12566.92,56413.61,85172.72999999998,186985.85,1860635.3000000003
1997-01-01,Monthly,,54182.66,15057.31,4434.85,8507.6,1708.5,2269.5,690.0,142.0,8207.01,95199.43,3245.0,,178.0,364.15,2298.0,393.4,4739.85,8456.23,19674.63,114874.06
1997-02-01,Monthly,,50222.23,13006.44,3459.0,5557.1,605.0,1767.45,291.0,,5439.25,80347.47,1483.0,,262.0,234.0,1359.86,500.0,3285.5,6362.91,13487.27,93834.74
1997-03-01,Monthly,,67587.08,16236.66,4058.5,7805.05,1695.5,1818.5,379.0,107.0,5279.95,104967.24,608.0,,227.1,86.0,2076.0,646.66,6600.9,5756.02,16000.68,120967.92
1997-04-01,Monthly,,66975.2,11664.62,6251.25,7962.75,1231.5,2107.4,695.0,155.0,6070.85,103113.57,100.0,,175.0,258.33,2290.0,275.36,5055.96,7756.61,15911.26,119024.83
1997-05-01,Monthly,,66394.58,20891.12,7759.3,11047.9,1547.48,1400.2,507.0,165.0,4500.45,114213.03,160.0,,10.0,320.0,1121.02,983.0,4179.0,8666.56,15439.58,129652.61
1997-06-01,Monthly,,81331.03,18623.8,4724.5,14935.5,1371.0,1686.0,257.0,30.0,6303.66,129262.49,1671.33,,280.0,329.25,1285.37,1793.0,5431.5,6769.98,17560.43,146822.92
1997-07-01,Monthly,,88271.95,18299.97,6496.55,18171.2,358.0,1074.5,110.0,129.0,4570.62,137481.79,1373.5,,100.0,440.0,1732.0,585.0,6411.5,7170.43,17812.43,155294.22
1997-08-01,Monthly,,82619.8,22491.81,9062.8,17341.2,1252.0,8069.5,70.0,201.0,9231.58,150339.69,765.0,,973.0,759.0,10.0,1736.0,4800.5,8990.17,18033.67,168373.36
1997-09-01,Monthly,,107443.5,22368.15,9334.4,11197.57,810.0,7130.0,215.0,165.0,8684.18,167347.84,175.0,,600.0,475.0,222.0,1930.0,5106.5,7015.33,15523.83,182871.67
1997-10-01,Monthly,,110388.9,27564.75,11334.25,11774.5,167.0,3760.0,180.0,120.0,12108.44,177397.79,1205.98,,372.0,450.0,,888.0,4265.9,6479.4,13661.28,191059.07
1997-11-01,Monthly,,114799.2,27158.33,6094.5,8717.5,185.5,1863.0,5.0,110.0,10335.58,169268.65,1467.0,,415.0,190.0,,1264.0,4224.0,6267.17,13827.17,183095.82
1997-12-01,Monthly,,180904.9,36061.71,11530.7,4444.0,425.0,541.5,15.0,29.0,10758.61,244710.46,113.0,,145.0,413.7,15.0,1572.5,2312.5,5481.92,10053.62,254764.08
1998-01-01,Annual,,1053403.33,265374.67000000004,105505.12,89977.2,4346.0,15532.0,1911.7,15.0,114658.51999999997,1650723.87,27325.93,1404.5,2356.8,6679.0599999999995,0.0,12823.6,43137.85,79261.53999999998,172989.37,1823713.23
1998-01-01,Monthly,,116967.66,33030.67,19549.68,11539.5,123.5,1000.0,5.0,,19907.75,202124.09,60.0,,140.0,650.25,,1095.0,886.0,5876.71,8707.96,210832.05
1998-02-01,Monthly,,111894.67,29470.37,17914.7,8034.0,220.0,2310.0,130.0,,17809.8,187783.54,140.0,,65.0,938.67,,1085.0,3636.0,6522.87,12387.54,200171.08
1998-03-01,Monthly,,121631.35,24969.38,11786.0,13151.2,70.0,2689.0,105.0,,9098.92,183500.85,242.0,,325.0,215.0,,950.0,4364.15,6063.33,12159.48,195660.33
1998-04-01,Monthly,,91580.71,29164.87,12201.0,8927.0,,1755.0,20.0,,8044.38,151692.96,896.0,,140.0,190.14,,624.0,2497.0,6041.82,10388.96,162081.92
1998-05-01,Monthly,,77471.94,19460.06,7341.88,7410.5,90.0,595.0,55.0,,6686.55,119110.93,25.0,,114.8,285.0,,474.0,4095.6,6407.85,11402.25,130513.18
1998-06-01,Monthly,,81605.27,17814.47,5104.5,6533.3,215.5,1186.0,160.0,,5568.97,118188.01,,428.0,,624.0,,714.0,5372.0,7054.73,14192.73,132380.74
1998-07-01,Monthly,,83528.75,21692.01,5254.4,7012.0,269.0,1535.0,,,7807.59,127098.75,2125.55,175.0,30.0,630.0,,845.0,3871.6,8368.63,16045.78,143144.53
1998-08-01,Monthly,,82131.9,19613.41,4648.0,5508.0,243.0,1335.0,273.0,,6153.8,119906.11,4040.25,50.0,775.0,853.0,,1027.0,4123.0,7017.77,17886.02,137792.13
1998-09-01,Monthly,,86073.67,19358.32,6251.35,6909.0,468.0,621.0,743.0,,7899.51,128323.85,3186.27,100.0,146.5,423.0,,978.0,1598.0,7125.35,13557.12,141880.96
1998-10-01,Monthly,,63823.66,18016.5,4877.54,5536.5,529.0,1156.0,110.0,,8542.95,102592.15,6758.0,469.0,355.0,971.0,,1325.0,2361.5,6246.91,18486.41,121078.56
1998-11-01,Monthly,,69841.6,16333.48,6040.0,5151.2,1324.0,665.0,300.7,15.0,6853.9,106524.88,5056.0,87.5,5.0,660.0,,1544.1,5229.0,5836.01,18417.7,124942.58
1998-12-01,Monthly,,66852.15,16451.13,4536.07,4265.0,794.0,685.0,10.0,,10284.4,103877.75,4796.86,95.0,260.5,239.0,,2162.5,5104.0,6699.56,19357.42,123235.17
1999-01-01,Annual,,791201.8099999999,193604.53999999998,50197.24999999999,41119.25,11187.0,4798.4,1462.0,565.0,95157.84000000001,1189293.0899999999,54333.66,5102.9,9518.869999999999,8937.369999999999,0.0,23901.68,27157.61,67904.65000000001,196856.74000000005,1386149.8299999998
1999-01-01,Monthly,,48887.08,12496.14,3948.67,4682.7,1639.0,265.0,5.0,,10302.05,82225.64,5031.0,80.0,474.77,581.09,,1603.54,2304.0,5534.5,15608.9,97834.54
1999-02-01,Monthly,,45347.14,13353.58,3426.0,4151.0,1425.0,147.0,125.0,10.0,7547.95,75532.67,6541.5,375.0,835.0,1032.5,,1575.0,3099.5,6278.41,19736.91,95269.58
1999-03-01,Monthly,,61153.43,12759.7,5664.2,4880.0,1216.5,138.0,175.0,,6938.92,92925.75,10837.9,1432.4,699.4,1423.0,,5092.2,4080.0,6165.88,29730.78,122656.54
1999-04-01,Monthly,,75216.02,19582.12,5238.0,4772.0,591.0,399.0,200.0,80.0,6099.8,112177.94,7497.0,1700.0,872.5,1529.78,,2665.0,2921.0,6979.82,24165.1,136343.04
1999-05-01,Monthly,,65337.21,11592.55,5369.0,2939.0,775.0,665.0,357.0,85.0,6486.25,93606.01,9643.0,383.0,1700.0,943.0,,2610.0,1405.0,6878.46,23562.46,117168.47
1999-06-01,Monthly,,73835.13,15753.11,4168.09,2778.95,577.0,379.0,145.0,,4860.58,102496.87,3463.93,402.5,270.0,534.0,,1480.0,2946.0,6030.2,15126.63,117623.5
1999-07-01,Monthly,,78965.34,22655.35,4058.3,3120.0,583.0,1209.0,80.0,30.0,9207.32,119908.31,1030.0,60.0,425.0,280.0,,482.3,2448.0,5438.55,10163.85,130072.16
1999-08-01,Monthly,,75819.21,17252.72,3761.0,3066.5,1240.0,165.0,140.0,70.0,6089.85,107604.27,1843.33,130.0,872.2,415.0,,1180.0,1497.0,4947.92,10885.45,118489.72
1999-09-01,Monthly,,89485.41,17034.15,4147.36,3201.0,555.0,630.0,135.0,205.0,8546.76,123939.68,2310.0,145.0,515.0,710.0,,2285.0,1155.0,5679.73,12799.73,136739.41
1999-10-01,Monthly,,59715.7,20205.05,4101.51,3127.0,610.0,558.4,20.0,75.0,7287.6,95700.26,2965.0,60.0,625.0,409.0,,3128.64,1915.0,4212.02,13314.66,109014.93
1999-11-01,Monthly,,50660.99,12473.43,4315.45,2668.0,1061.5,170.0,80.0,10.0,8472.66,79912.03,1766.0,35.0,1745.0,370.0,,565.0,1701.0,4305.7,10487.7,90399.7
1999-12-01,Monthly,,66779.15,18446.64,1999.67,1733.1,914.0,73.0,,,13318.1,103263.66,1405.0,300.0,485.0,710.0,,1235.0,1686.11,5453.46,11274.57,114538.24
2000-01-01,Annual,,704328.6400000001,182094.43,46166.200000000004,27084.289999999994,7574.839999999999,1248.8899999999999,3434.8,613.0,119152.2,1091697.29,76236.5,3526.0,23697.84,14227.33,44916.3,46508.240000000005,20996.4,63569.85,293678.46,1385375.75
2000-01-01,Monthly,,62663.86,15257.78,1563.0,2378.0,223.0,5.0,10.0,,6399.35,88499.99,4635.8,400.0,430.0,2085.0,,6675.47,1280.0,5377.51,20883.78,109383.77
2000-02-01,Monthly,,55096.95,13555.41,3578.0,1408.6,827.67,21.0,90.0,,8713.7,83291.33,533.4,85.0,215.0,272.69,1743.0,4970.0,1554.0,5443.0,14816.09,98107.42
2000-03-01,Monthly,,55664.08,16703.76,4705.5,3215.9,724.33,181.0,75.0,10.0,9277.8,90557.37,3168.0,285.0,370.0,625.0,3905.0,7440.0,2199.0,5501.66,23493.66,114051.03
2000-04-01,Monthly,,53437.93,14089.2,3979.0,2684.99,638.0,205.0,75.0,193.0,10111.85,85413.97,3305.0,240.0,140.0,869.66,2619.0,6554.29,1123.0,6615.26,21466.21,106880.18
2000-05-01,Monthly,,54761.04,11919.77,3496.0,2827.07,1796.5,180.0,390.0,100.0,8214.3,83684.68,7705.0,75.0,855.0,771.0,4284.41,2445.0,1859.0,5331.46,23325.87,107010.55
2000-06-01,Monthly,,53757.03,17766.56,4757.0,2735.22,843.0,105.0,490.0,200.0,9802.05,90455.86,10636.4,415.0,2143.0,1822.85,3024.0,2685.85,1861.0,5053.38,27641.48,118097.34
2000-07-01,Monthly,,59270.93,13565.7,4257.0,2325.1,590.95,222.0,385.0,70.0,7518.11,88204.79,6995.0,976.0,1657.0,846.48,3566.5,2002.58,1172.0,4257.24,21472.8,109677.59
2000-08-01,Monthly,,69732.72,14426.3,3934.9,2541.18,359.77,95.6,628.0,10.0,11583.06,103311.53,1382.5,165.0,3003.32,732.4,3792.5,1427.0,1586.0,5461.26,17549.98,120861.51
2000-09-01,Monthly,,62294.9,17597.55,3299.0,2268.92,197.25,85.0,444.8,30.0,12001.09,98218.51,1970.0,75.0,3560.0,1351.5,4239.0,4243.05,2613.0,5761.07,23812.62,122031.13
2000-10-01,Monthly,,64745.88,15258.52,2975.0,2009.64,177.0,42.0,458.0,,12765.05,98431.09,16475.4,505.0,5840.5,2404.25,8090.0,5320.0,1504.0,5935.97,46075.12,144506.21
2000-11-01,Monthly,,58114.3,11934.5,6223.8,1269.67,397.17,54.5,174.0,,13146.17,91314.11,15835.0,210.0,2991.16,1970.0,7371.0,2475.0,2231.0,5349.42,38432.58,129746.69
2000-12-01,Monthly,,54789.02,20019.38,3398.0,1420.0,800.2,52.79,215.0,,9619.67,90314.06,3595.0,95.0,2492.86,476.5,2281.89,270.0,2014.4,3482.62,14708.27,105022.33
2001-01-01,Annual,,676747.84,178105.78,46159.69,23370.010000000002,7839.9,3272.0,3132.9,75.0,116592.17000000001,1055295.2900000003,191375.11,9763.0,19085.11,14469.63,50260.479999999996,16119.0,34348.45,60534.15000000001,395954.92999999993,1451250.2200000002
2001-01-01,Monthly,,59839.03,15945.55,3160.8,2076.0,436.0,190.0,331.0,,8605.7,90584.08,7285.0,55.0,1500.0,1066.0,5245.0,1020.0,2629.0,5301.63,24101.63,114685.71
2001-02-01,Monthly,,49818.91,12669.84,3360.0,1410.0,383.0,180.0,128.9,5.0,10801.45,78757.1,12630.87,250.0,1850.0,4147.0,8750.0,3100.0,3347.0,4226.07,38300.94,117058.04
2001-03-01,Monthly,,59586.58,24005.54,4516.0,1668.5,495.0,334.5,100.0,,12366.35,103072.47,17928.5,190.0,1265.0,880.0,4398.0,694.0,3068.0,3919.0,32342.5,135414.97
2001-04-01,Monthly,,57786.62,12708.45,4167.74,2159.0,495.0,300.5,240.0,55.0,10553.9,88466.21,18068.0,745.0,595.0,1318.0,5875.0,385.0,3629.95,4676.7,35292.65,123758.86
2001-05-01,Monthly,,57487.63,11491.56,3998.6,1931.5,758.0,486.0,403.0,,10372.59,86928.88,12085.0,55.0,340.0,1505.0,3680.0,1330.0,3847.0,5168.3,28010.3,114939.18
2001-06-01,Monthly,,56129.62,19254.19,3616.55,1662.31,620.9,576.0,355.0,,10319.3,92533.87,15297.0,805.0,2490.0,515.0,3240.0,1945.0,3063.5,5811.18,33166.68,125700.55
2001-07-01,Monthly,,53696.52,10672.01,4103.6,1676.9,609.0,168.0,302.0,,11330.75,82558.78,19828.3,675.0,3600.0,1144.0,4592.48,2780.0,3038.0,6362.99,42020.77,124579.55
2001-08-01,Monthly,,57269.93,16058.28,6067.8,1907.0,1177.0,170.0,194.0,,10255.3,93099.31,19772.0,2790.0,2764.46,1335.23,4670.0,1730.0,2194.0,5809.9,41065.59,134164.9
2001-09-01,Monthly,,58504.87,13425.55,3481.2,2979.9,455.0,114.0,190.0,15.0,8193.05,87358.57,22775.0,1700.0,1880.0,1068.46,2230.0,730.0,3257.0,5193.65,38834.11,126192.68
2001-10-01,Monthly,,62969.83,11996.68,4528.4,2755.0,685.0,245.0,635.0,,8270.0,92084.91,21797.27,1301.0,2000.0,386.94,3390.0,900.0,1937.0,5210.37,36922.58,129007.49
2001-11-01,Monthly,,54246.82,17917.9,2600.0,1823.9,590.0,66.0,244.0,,6027.78,83516.4,17328.0,977.0,499.0,713.0,2870.0,1370.0,1328.0,4996.03,30081.03,113597.43
2001-12-01,Monthly,,49411.48,11960.23,2559.0,1320.0,1136.0,442.0,10.0,,9496.0,76334.71,6580.17,220.0,301.65,391.0,1320.0,135.0,3010.0,3858.33,15816.15,92150.86
2002-01-01,Annual,,685069.61,171413.29,47634.15,9500.8,6642.0,2188.6,1379.1,40.0,87869.63,1011737.18,202486.69,17924.46,19620.52,7267.780000000001,36907.23,10872.73,36711.3,51313.240000000005,383103.95000000007,1394841.12
2002-01-01,Monthly,,59307.59,15371.1,3836.0,1331.0,505.0,185.0,10.0,,7023.63,87569.32,21702.11,435.0,506.72,626.5,3050.0,1112.5,2724.0,5653.72,35810.55,123379.87
2002-02-01,Monthly,,65002.21,12743.27,1921.9,1343.5,615.0,359.6,,,8464.0,90449.48,9315.64,265.0,1903.6,705.0,2972.0,1734.23,2104.0,3939.51,22938.98,113388.46
2002-03-01,Monthly,,49838.35,16563.97,3165.0,618.8,541.0,277.0,113.0,,6535.2,77652.32,10567.0,245.0,1165.0,807.56,2580.0,1325.0,2991.0,4161.99,23842.55,101494.87
2002-04-01,Monthly,,54530.21,12570.66,4354.0,378.0,905.0,24.0,30.0,,7109.5,79901.37,14484.95,415.0,1810.0,374.0,2080.0,1210.0,2352.0,3829.7,26555.65,106457.02
2002-05-01,Monthly,,59344.43,16616.91,8061.0,595.0,675.0,450.0,137.7,,10860.0,96740.04,12165.0,1041.23,2813.5,483.67,3152.0,720.0,2697.0,4489.72,27562.12,124302.16
2002-06-01,Monthly,,57406.39,14520.54,2353.0,830.0,816.0,75.0,305.6,,7341.3,83647.83,14743.24,695.0,1966.35,335.0,3545.0,1335.0,3609.0,4156.75,30385.34,114033.17
2002-07-01,Monthly,,65424.45,12754.98,5414.0,1046.0,720.0,40.0,90.0,,7619.0,93108.43,21330.0,1031.0,1636.67,484.1,3460.0,935.0,4304.0,5395.04,38575.81,131684.24
2002-08-01,Monthly,,51548.14,15102.94,4143.0,390.0,290.0,109.0,198.0,,6089.4,77870.48,19438.0,915.0,535.0,730.0,2525.0,306.0,3781.0,5143.37,33373.37,111243.85
2002-09-01,Monthly,,56942.42,12142.74,3409.0,507.0,270.0,135.0,145.0,40.0,5608.0,79199.16,19193.0,1550.0,2677.2,905.18,2659.83,695.0,2338.3,3826.01,33844.52,113043.68
2002-10-01,Monthly,,56770.1,12983.32,3167.0,530.0,308.0,362.0,45.0,,4068.0,78233.42,29057.48,1740.0,2931.48,802.46,4150.0,300.0,3715.0,4460.23,47156.65,125390.07
2002-11-01,Monthly,,49838.32,14549.43,4397.0,1251.5,505.0,139.0,249.0,,6711.0,77640.25,25191.78,630.0,1500.0,750.0,4308.4,575.0,5471.0,3631.35,42057.53,119697.78
2002-12-01,Monthly,,59117.0,15493.43,3413.25,680.0,492.0,33.0,55.8,,10440.6,89725.08,5298.49,8962.23,175.0,264.31,2425.0,625.0,625.0,2625.85,21000.88,110725.95
2003-01-01,Annual,,732040.56,199088.73,50626.6,6233.0,1996.1,1923.0,2096.2,5.0,90679.25,1084688.44,193405.96,12152.220000000001,20838.52,6925.98,41366.51,13243.69,43103.0,37324.39,368360.27,1453048.7000000002
2003-01-01,Monthly,,51208.98,16160.04,3588.0,343.0,530.0,259.5,125.6,,11569.0,83784.12,20979.99,1085.0,2455.0,595.0,2845.0,690.0,3953.5,4465.95,37069.44,120853.56
2003-02-01,Monthly,,38234.47,12166.17,3013.75,863.5,150.0,155.0,199.6,,6704.7,61487.19,24115.0,495.0,1669.09,235.0,2210.0,125.0,4212.5,3482.38,36543.97,98031.15
2003-03-01,Monthly,,57966.64,14906.54,3339.0,1046.5,182.0,63.5,103.0,,8509.8,86116.98,25331.0,1005.0,937.93,447.5,1955.0,655.0,3862.0,3478.56,37671.99,123788.97
2003-04-01,Monthly,,60182.67,12733.0,3619.0,1517.0,66.0,200.0,163.0,,8467.45,86948.12,22981.67,490.0,2604.5,554.37,2857.0,596.0,3980.0,3452.13,37515.67,124463.79
2003-05-01,Monthly,,48836.88,19641.38,2642.75,580.0,65.0,103.0,219.0,,6938.9,79026.91,19771.7,500.0,985.0,521.67,3700.24,790.0,5074.0,2868.45,34211.06,113237.97
2003-06-01,Monthly,,58096.61,12460.25,3925.0,591.0,172.0,245.0,139.0,5.0,9102.7,84736.56,24810.6,1092.22,1095.0,790.0,2590.77,495.0,2647.0,2677.36,36197.95,120934.51
2003-07-01,Monthly,,69249.14,16065.89,3968.1,340.0,165.0,255.0,297.0,,9210.3,99550.43,22435.0,1815.0,1530.0,540.39,2090.0,1875.0,3883.0,3406.5,37574.89,137125.32
2003-08-01,Monthly,,60111.1,18864.31,4985.0,105.0,110.0,90.0,114.0,,4410.0,88789.41,5930.0,570.0,450.0,651.22,3446.0,2582.69,3910.0,2749.79,20289.7,109079.11
2003-09-01,Monthly,,61267.7,15517.36,3695.0,175.0,174.6,245.0,198.0,,4767.7,86040.36,3770.0,2485.0,4235.0,756.0,3590.0,2205.0,3072.0,3033.34,23146.34,109186.7
2003-10-01,Monthly,,76174.71,19221.33,7235.0,195.0,105.0,65.0,385.0,,7449.2,110830.24,14496.0,1660.0,3117.0,721.5,5947.5,2150.0,3211.0,2868.11,34171.11,145001.35
2003-11-01,Monthly,,65671.01,19201.28,6025.0,85.0,225.0,138.0,153.0,,7202.5,98700.79,6795.0,500.0,740.0,550.0,3930.0,885.0,2760.0,1941.18,18101.18,116801.97
2003-12-01,Monthly,,85040.65,22151.18,4591.0,392.0,51.5,104.0,,,6347.0,118677.33,1990.0,455.0,1020.0,563.33,6205.0,195.0,2538.0,2900.64,15866.97,134544.3
2004-01-01,Annual,,730892.5,200062.73,45947.0,2260.0,897.0,1244.0,350.0,0.0,75831.25,1057484.48,146362.34,18327.13,31556.05,6666.75,21007.72,2860.0,36262.0,47954.00000000001,310995.99,1368480.4700000002
2004-01-01,Monthly,,61004.8,18391.98,4683.0,530.0,295.0,115.0,150.0,,8036.0,93205.78,5643.09,1170.0,5796.0,1024.16,4110.0,30.0,3765.0,4628.44,26166.69,119372.47
2004-02-01,Monthly,,59738.49,16253.47,3325.0,245.0,99.0,184.0,50.0,,7244.0,87138.96,7174.98,635.0,5587.0,537.54,2139.72,135.0,1895.0,3543.66,21647.9,108786.86
2004-03-01,Monthly,,84738.83,19052.93,4387.0,480.0,55.0,220.0,15.0,,7743.0,116691.76,10781.0,1205.0,4835.0,611.25,2040.0,5.0,4271.0,3366.78,27115.03,143806.79
2004-04-01,Monthly,,70810.66,22045.81,3954.0,605.0,125.0,110.0,40.0,,5293.5,102983.97,6341.0,1715.0,3061.0,723.62,2410.0,120.0,5078.0,3600.4,23049.02,126032.99
2004-05-01,Monthly,,51916.86,13913.13,3135.0,10.0,73.0,120.0,10.0,,3441.0,72618.99,10954.0,944.0,905.0,607.0,3134.0,1340.0,2875.0,4381.65,25140.65,97759.63
2004-06-01,Monthly,,55135.86,13428.42,2825.0,,10.0,150.0,,,4712.5,76261.78,18047.56,567.4,1205.0,516.5,1004.0,,2260.0,5246.21,28846.67,105108.45
2004-07-01,Monthly,,58889.92,19259.86,3754.5,,,260.0,,,8136.25,90300.53,19545.45,1326.0,1605.0,484.34,772.7,,4279.0,4262.77,32275.26,122575.79
2004-08-01,Monthly,,60710.28,14501.27,4404.0,,35.0,,70.0,,6844.0,86564.55,15658.11,7562.4,755.0,256.5,951.96,475.0,3023.0,3886.46,32568.43,119132.98
2004-09-01,Monthly,,67593.92,14739.67,5664.0,80.0,40.0,50.0,,,5844.0,94011.59,16809.17,1749.0,1722.05,971.84,3274.0,245.0,2845.0,4253.85,31869.91,125881.51
2004-10-01,Monthly,,53908.34,19556.03,4584.0,245.0,30.0,,,,6411.3,84734.67,14690.0,280.0,1560.0,614.0,788.34,410.0,2172.0,4727.79,25242.13,109976.8
2004-11-01,Monthly,,52056.16,13429.74,2720.0,5.0,70.0,10.0,,,5918.3,74209.2,11772.58,808.33,1430.0,280.0,303.0,100.0,2345.0,3181.73,20220.64,94429.84
2004-12-01,Monthly,,54388.38,15490.42,2511.5,60.0,65.0,25.0,15.0,,6207.4,78762.7,8945.4,365.0,3095.0,40.0,80.0,,1454.0,2874.26,16853.66,95616.36
2005-01-01,Annual,,606191.4900000001,163837.19000000003,37147.4,1298.0,296.0,414.0,150.0,0.0,78235.22,887569.2999999999,123972.9,15623.33,9456.0,3733.82,15450.43,5.0,39011.5,44151.42999999999,251404.40999999997,1138973.7100000002
2005-01-01,Monthly,,56173.73,13985.09,1999.5,,50.0,35.0,80.0,,4320.5,76643.82,12170.75,300.0,1197.0,157.5,545.0,,3740.0,5891.25,24001.5,100645.32
2005-02-01,Monthly,,40070.48,11953.76,1992.0,,,,,,4704.0,58720.24,8994.13,890.0,975.0,30.0,897.0,5.0,2094.0,3062.43,16947.56,75667.8
2005-03-01,Monthly,,58856.67,11932.71,1945.0,335.0,116.0,274.0,70.0,,6795.22,80324.6,17082.0,2413.33,1235.0,291.14,235.0,,2949.0,3224.56,27430.03,107754.63
2005-04-01,Monthly,,48644.15,15834.86,2148.5,40.0,,80.0,,,5771.4,72518.91,10511.5,435.0,887.0,564.14,1151.0,,4768.0,3052.59,21369.23,93888.14
2005-05-01,Monthly,,51602.54,11599.62,3612.0,20.0,10.0,,,,6023.25,72867.41,12992.85,1185.0,1013.0,122.0,1220.0,,2300.0,3282.4,22115.25,94982.66
2005-06-01,Monthly,,53927.65,13873.75,3395.0,200.0,70.0,,,,10162.0,81628.4,9429.9,850.0,1738.1,35.0,505.0,,2016.0,2959.85,17533.85,99162.25
2005-07-01,Monthly,,57528.52,15797.29,3253.0,188.0,20.0,,,,6832.2,83619.01,12097.15,1965.0,230.0,225.0,1064.38,,5530.0,3731.51,24843.04,108462.05
2005-08-01,Monthly,,47431.4,9856.2,4486.0,70.0,,,,,5730.0,67573.6,11307.68,1895.0,290.0,218.87,520.0,,2303.0,4393.35,20927.9,88501.5
2005-09-01,Monthly,,52084.74,15493.91,4155.0,115.0,,25.0,,,9158.0,81031.65,9299.78,2650.0,347.6,639.44,2876.0,,3238.0,4933.85,23984.67,105016.32
2005-10-01,Monthly,,40465.95,13037.96,4152.9,115.0,10.0,,,,6911.0,64692.81,10601.1,1505.0,255.0,703.4,3004.0,,1714.0,3965.9,21748.4,86441.21
2005-11-01,Monthly,,52005.91,13208.34,2547.5,85.0,,,,,6047.0,73893.75,3509.2,1185.0,658.3,331.33,1743.51,,3228.0,2566.72,13222.06,87115.81
2005-12-01,Monthly,,47399.75,17263.7,3461.0,130.0,20.0,,,,5780.65,74055.1,5976.86,350.0,630.0,416.0,1689.54,,5131.5,3087.02,17280.92,91336.02
2006-01-01,Annual,,598013.7999999999,157594.50000000003,38815.41,5715.86,2295.0,405.0,150.0,0.0,73068.11,876057.67,115067.97,3555.0,3568.0,4240.5199999999995,25449.57,0.0,50763.0,49894.06,252538.11999999997,1128595.79
2006-01-01,Monthly,,45735.89,12805.08,2022.0,160.0,50.0,205.0,,,5471.9,66449.87,7366.7,215.0,575.0,495.7,1840.26,,4391.0,4680.67,19564.33,86014.2
2006-02-01,Monthly,,39231.81,10974.53,3245.65,,,,150.0,,4719.0,58320.99,10575.58,170.0,285.0,295.0,863.0,,3589.0,3726.3,19503.88,77824.87
2006-03-01,Monthly,,40250.36,11586.32,2695.5,150.0,,,,,4500.1,59182.28,9578.59,150.0,258.0,250.0,850.0,,3753.0,3654.0,18493.59,77675.87
2006-04-01,Monthly,,42750.36,12086.32,2800.68,500.0,20.0,,,,4800.2,62957.56,10698.75,350.0,265.0,260.0,950.0,,4200.0,4200.0,20923.75,83881.31
2006-05-01,Monthly,,41221.2,12450.6,2500.0,450.0,20.0,150.0,,,5050.0,61841.8,10735.0,600.0,495.0,286.0,860.0,,4600.0,3569.0,21145.0,82986.8
2006-06-01,Monthly,,48625.6,12852.0,2606.67,60.0,160.0,,,,6744.89,71049.16,8327.05,600.0,165.0,370.0,2804.1,,3906.0,4529.63,20701.78,91750.94
2006-07-01,Monthly,,52665.4,12958.72,2718.52,70.0,150.0,,,,7140.2,75702.84,9251.32,300.0,250.0,420.0,2815.6,,4200.0,4675.3,21912.22,97615.06
2006-08-01,Monthly,,51569.2,11854.7,2659.2,500.0,350.0,,,,7241.5,74174.6,9536.4,200.0,275.0,480.0,1856.4,,4650.0,4720.0,21717.8,95892.4
2006-09-01,Monthly,,56489.6,12546.8,3650.8,1600.0,800.0,,,,8651.2,83738.4,9789.5,420.0,280.0,520.0,2650.3,,5130.0,4980.0,23769.8,107508.2
2006-10-01,Monthly,,46568.8,10562.3,3952.0,1592.0,725.0,50.0,,,7562.0,71012.1,10596.32,400.0,320.0,580.0,1654.0,,5210.0,5410.0,24170.32,95182.42
2006-11-01,Monthly,,74808.19,15482.12,6046.48,633.86,20.0,,,,4125.03,101115.67,14309.32,150.0,40.0,238.82,5908.62,,1400.0,3262.7,25309.46,126425.13
2006-12-01,Monthly,,58097.39,21435.01,3917.91,,,,,,7062.09,90512.4,4303.44,,360.0,45.0,2397.29,,5734.0,2486.46,15326.19,105838.59
2007-01-01,Annual,,897301.55,270534.08,55879.27,4320.04,225.0,1408.54,642.21,0.0,98117.08,1328427.77,141098.87500000003,940.0,73.0,3505.25,119489.0,0.0,48497.0,35492.48506063,349095.61,1677523.5000000005
2007-01-01,Monthly,,68136.2,15554.7,5916.07,365.0,,,,,6669.39,96641.36,17363.43,,,797.85,3993.68,,6200.0,3460.77,31815.73,128457.2
2007-02-01,Monthly,,70337.36,20091.48,3558.0,70.0,20.0,,35.0,,10919.14,105030.98,15119.56,,,320.0,5411.12,,4344.0,2644.47,27839.15,132870.13
2007-03-01,Monthly,,84081.3,25377.65,4881.0,355.0,,104.0,,,8510.55,123309.5,12174.5,,8.0,170.0,9591.4,,6006.0,3230.45,31180.35,154489.85
2007-04-01,Monthly,,66207.19,21985.38,3960.0,130.0,,,310.0,,6627.0,99219.57,10765.0,435.0,,221.83,11609.56,,4333.0,2757.82,30122.21,129341.78
2007-05-01,Monthly,,83716.58,30204.57,6862.0,409.0,30.0,,119.5,,10484.02,131825.67,13087.2,370.0,,504.0,11538.06,,4034.0,2988.08,32521.34,164347.01
2007-06-01,Monthly,,78254.5,30624.35,6567.0,432.04,175.0,52.04,62.35,,7296.24,123463.52,9706.24,15.0,20.0,30.0,7682.6,,2415.0,2610.06,22478.9,145942.4
2007-07-01,Monthly,,78273.18,17173.13,2876.4,515.0,,1184.5,,,8846.95,108869.16,12418.05,5.0,,145.0,11047.1,,2765.0,2537.23,28917.38,137786.54
2007-08-01,Monthly,,70816.62,22163.03,4611.0,1165.0,,,,,7859.0,106614.65,12733.065,90.0,45.0,206.67,13558.08,,3327.0,3120.55506063,33080.37,139695.02
2007-09-01,Monthly,,62927.41,17816.56,3596.0,,,,,,6603.25,90943.22,10617.63,,,281.0,11630.83,,3620.0,3663.41,29812.87,120756.09
2007-10-01,Monthly,,60580.89,18460.53,2937.6,30.0,,68.0,,,6001.0,88078.02,8551.74,,,272.0,12577.94,,2427.0,3257.08,27085.76,115163.78
2007-11-01,Monthly,,79244.59,22624.56,3669.2,450.0,,,33.71,,9792.3,115814.36,8838.96,,,326.9,10083.58,,3100.0,2918.76,25268.2,141082.6
2007-12-01,Monthly,,94725.73,28458.14,6445.0,399.0,,,81.65,,8508.24,138617.76,9723.5,25.0,,230.0,10765.05,,5926.0,2303.8,28973.35,167591.1
2008-01-01,Annual,,884513.605,252633.238,67961.1,4959.3,2016.4,713.6,280.15,100.0,90896.63,1304074.0050000004,160265.65000000002,460.0,690.0,3624.6400000000003,168439.15,0.0,26620.5,41246.22,401346.15,1705420.188
2008-01-01,Monthly,,93593.88,25743.07,4632.4,280.0,,170.0,,,4988.87,129408.2,22238.97,90.0,,548.34,11701.52,,2509.0,3669.52,40757.34,170165.56
2008-02-01,Monthly,,64107.39,21248.06,3677.0,350.0,,,64.7,,6151.73,95598.88,10354.08,70.0,360.0,110.0,11075.29,,3235.0,2811.88,28016.25,123615.13
2008-03-01,Monthly,,72632.05,18833.56,3602.0,450.0,50.0,,,,7561.0,103128.61,9422.66,130.0,115.0,410.0,10925.86,,1350.0,2957.03,25310.55,128439.16
2008-04-01,Monthly,,93915.88,17794.8,4845.0,316.1,,95.3,63.2,,7640.0,124670.28,11807.95,100.0,,499.25,16815.08,,2731.0,3164.99,35118.27,159788.55
2008-05-01,Monthly,,85110.07,32464.78,7929.7,650.2,102.0,159.3,,100.0,8987.0,135503.05,10153.37,10.0,,290.0,12602.59,,1815.0,2819.49,27690.45,163193.5
2008-06-01,Monthly,,81866.595,23401.9,6851.0,360.0,20.0,,55.0,,8227.89,120782.385,11403.63,10.0,,309.25,20039.06,,1710.0,2675.912,36147.85,156930.238
2008-07-01,Monthly,,69433.96,14736.57,7184.0,635.0,,,64.0,,8495.63,100549.16,17225.21,,200.0,182.0,23198.34,,1280.0,3892.5,45978.05,146527.21
2008-08-01,Monthly,,74526.85,24418.33,9115.0,415.0,200.0,49.0,33.25,,9360.61,118118.04,7269.3,,15.0,,21022.56,,2120.0,5068.91,35495.77,153613.803
2008-09-01,Monthly,,57210.17,14234.338,6393.0,608.0,569.4,,,,8778.0,87792.91,12355.68,25.0,,388.0,19142.89,,2300.0,3683.601,37895.17,125688.077
2008-10-01,Monthly,,52362.17,22273.89,4410.0,105.0,320.0,,,,5794.0,85265.06,18538.8,,,235.0,11669.6,,2980.0,3222.479,36645.879,121910.94
2008-11-01,Monthly,,63264.74,15327.75,4977.0,660.0,85.0,240.0,,,8023.6,92578.09,15631.37,,,404.0,5034.36,,2735.0,3692.057,27496.787,120074.9
2008-12-01,Monthly,,76489.85,22156.19,4345.0,130.0,670.0,,,,6888.3,110679.34,13864.63,25.0,,248.8,5212.0,,1855.5,3587.851,24793.784,135473.12
2009-01-01,Annual,,614126.185,198587.18,57152.5,3546.95,3615.0,5577.9,743.0,0.0,99157.9,982506.6200000001,175233.307,129.0,10.0,3253.3099999999995,182277.97000000003,25.0,32797.0,41616.95199999999,435342.54299999995,1417849.15
2009-01-01,Monthly,,79476.335,33479.57,4438.0,80.0,,307.7,,,6537.0,124318.61,14424.94,,,252.39,7527.8,,1290.0,2424.543,25919.675,150238.28
2009-02-01,Monthly,,59563.02,18908.39,5027.0,30.0,,210.0,,,9050.0,92788.41,18126.75,,,232.0,15683.59,,660.0,3168.41,37870.752,130659.16
2009-03-01,Monthly,,73637.57,26869.79,4739.0,50.0,145.0,414.0,,,11122.0,116977.36,16095.43,96.0,,256.0,13929.63,,1820.0,4147.11,36344.17,153321.53
2009-04-01,Monthly,,79450.27,24630.2,6862.6,250.0,,102.0,,,11373.0,122668.07,16033.71,,,815.43,16627.9,,1585.0,3311.578,38373.618,161041.69
2009-05-01,Monthly,,52893.36,16698.67,5955.0,120.0,,,190.0,,7378.34,83235.37,16056.97,,,150.0,13342.74,,2415.0,3780.883,35745.593,118980.96
2009-06-01,Monthly,,48070.23,10578.87,6418.0,484.7,180.0,276.0,140.0,,8420.0,74567.8,12031.57,,,94.0,12343.89,,4660.0,3697.266,32826.726,107394.53
2009-07-01,Monthly,,41498.1,15824.32,5593.9,915.0,415.0,500.0,,,10719.6,75465.92,9767.287,33.0,,540.0,17255.2,,2435.0,5142.777,35173.264,110639.18
2009-08-01,Monthly,,45365.27,12953.53,3885.0,665.0,520.0,1060.0,,,8288.0,72736.8,16296.62,,,35.0,8472.24,,3017.0,3003.203,30824.063,103560.86
2009-09-01,Monthly,,31058.0,8392.82,2892.0,110.0,320.0,820.0,145.0,,5561.0,49298.82,21814.4,,5.0,45.0,12705.21,5.0,3220.0,3953.463,41748.073,91046.89
2009-10-01,Monthly,,38652.07,13478.6,6043.0,270.0,490.0,276.0,105.0,,7144.78,66459.45,14707.56,,,175.0,19146.72,,2850.0,3245.692,40124.972,106584.42
2009-11-01,Monthly,,31276.79,6254.46,3232.0,170.0,1115.0,794.2,163.0,,5687.9,48693.35,9681.51,,,392.43,19919.44,,4925.0,3053.289,37971.669,86665.02
2009-12-01,Monthly,,33185.17,10517.96,2067.0,402.25,430.0,818.0,,,7876.28,55296.66,10196.56,,5.0,266.06,25323.61,20.0,3920.0,2688.738,42419.968,97716.63
2010-01-01,Annual,,663643.3570000001,188906.44,48376.65,10970.0,8622.0,13479.7,675.0,0.0,95880.35,1030553.49,181239.57000000004,0.0,15.0,2548.05,220854.87,65.0,44356.0,44076.96,493155.44600000005,1523708.9819999998
2010-01-01,Monthly,,37346.14,11082.83,3375.95,710.0,310.0,2363.0,435.0,,5626.25,61249.17,22143.7,,,729.94,10775.0,,2585.0,4395.655,40629.295,101878.5
2010-02-01,Monthly,,33021.16,12145.69,1315.0,470.0,348.0,1260.0,90.0,,5128.0,53777.85,10241.14,,,155.0,13283.0,20.0,640.0,1347.869,25687.009,79464.86
2010-03-01,Monthly,,82873.45,19250.92,4690.6,250.0,1468.0,360.0,100.0,,8596.0,117588.97,20516.13,,,126.0,11040.05,,4718.0,2852.183,39252.367,156841.34
2010-04-01,Monthly,,64539.28,24778.44,6038.0,1644.0,135.0,351.7,,,8488.0,105974.42,17419.85,,,52.36,24198.99,,3180.0,2156.423,47007.623,152982.04
2010-05-01,Monthly,,75048.623,20813.05,2825.0,1090.0,967.0,1490.0,,,7563.0,109796.67,17027.6,,,90.0,13522.86,45.0,2670.0,4214.684,37570.144,147366.82
2010-06-01,Monthly,,56150.4,16591.59,6917.0,500.0,300.0,455.0,,,4926.0,85839.99,12554.2,,,130.0,18963.44,,6460.0,4119.781,42227.421,128067.411
2010-07-01,Monthly,,75029.76,18704.75,3462.0,150.0,1084.0,1326.0,,,9988.2,109744.71,14200.51,,,550.18,15978.82,,2949.0,4460.732,38139.242,147883.95
2010-08-01,Monthly,,79370.984,16029.15,4070.0,881.0,735.0,40.0,,,9245.4,110371.53,17702.57,,15.0,90.0,17542.26,,3190.0,4928.95,43468.777,153840.311
2010-09-01,Monthly,,37734.7,7584.2,3133.0,840.0,240.0,1595.0,50.0,,7921.9,59098.8,14493.82,,,279.57,22392.04,,5510.0,3930.413,46605.838,105704.64
2010-10-01,Monthly,,43515.15,18046.89,3664.0,1380.0,740.0,1769.0,,,11949.0,81064.04,15250.89,,,190.0,26400.38,,3175.0,4570.01,49586.28,130650.32
2010-11-01,Monthly,,45954.29,14036.18,3140.0,1285.0,1270.0,1350.0,,,8673.6,75709.07,12756.29,,,,19874.81,,1925.0,3548.98,38105.08,113814.15
2010-12-01,Monthly,,33059.42,9842.75,5746.1,1770.0,1025.0,1120.0,,,7775.0,60338.27,6932.87,,,155.0,26883.22,,7354.0,3551.28,44876.37,105214.64
2011-01-01,Annual,,520943.9100000001,154404.97,37319.07,11800.0,10396.26,10799.0,643.2,70.0,99143.90000000001,845520.3099999999,236717.24000000005,0.0,250.0,7039.24,285284.63000000006,0.0,76502.3,54556.740000000005,660350.15,1505870.46
2011-01-01,Monthly,,35479.85,11512.23,4657.0,1675.0,845.0,2450.0,175.0,,7169.35,63963.43,15530.7,,,115.0,21051.73,,3761.0,3832.74,44291.17,108254.6
2011-02-01,Monthly,,23920.94,9269.58,2769.0,3155.0,1890.0,180.0,,,6972.55,48157.07,13079.07,,,80.0,16937.87,,5105.0,2692.79,37894.73,86051.8
2011-03-01,Monthly,,40183.84,9651.8,6061.02,275.0,985.0,120.0,,,6562.0,63838.66,42043.54,,,2610.5,31445.73,,7821.0,5284.56,89205.33,153043.99
2011-04-01,Monthly,,52242.8,18095.08,4805.0,880.0,260.0,500.0,,,8950.0,85732.88,21205.49,,,3855.39,11813.25,,3950.0,3518.41,44342.54,130075.42
2011-05-01,Monthly,,54075.31,13596.31,2176.5,2020.0,420.0,485.0,20.0,70.0,8080.4,80943.52,11550.98,,,,20119.97,,4130.0,7120.57,42921.52,123865.04
2011-06-01,Monthly,,53160.6,14475.8,2180.0,50.0,140.0,245.0,,,11137.0,81388.4,22741.83,,,28.0,24003.1,,5406.0,5560.47,57739.4,139127.8
2011-07-01,Monthly,,34610.93,13879.7,930.0,280.0,1710.0,1837.0,,,9472.5,62720.13,20914.51,,,38.0,26043.79,,5814.0,3726.76,56537.06,119257.19
2011-08-01,Monthly,,57299.16,15547.72,2806.7,240.0,207.0,1273.0,,,8164.0,85537.58,23770.64,,,10.0,28219.45,,9142.0,4453.62,65595.71,151133.29
2011-09-01,Monthly,,45046.89,17681.79,3157.0,1185.0,405.0,375.0,,,8456.0,76306.68,25734.64,,,80.0,40324.83,,11075.0,4967.62,82182.09,158488.77
2011-10-01,Monthly,,34196.68,9461.21,1235.0,435.0,1515.0,910.0,185.0,,7131.5,55069.39,9436.98,,250.0,138.01,24421.95,,3446.8,4599.7,42293.44,97362.83
2011-11-01,Monthly,,44015.58,9209.28,2797.85,400.0,459.0,1219.0,63.2,,6041.0,64204.91,15639.35,,,37.17,21276.96,,7043.5,4438.55,48435.53,112640.44
2011-12-01,Monthly,,46711.33,12024.47,3744.0,1205.0,1560.26,1205.0,200.0,,11007.6,77657.66,15069.51,,,47.17,19626.0,,9808.0,4360.95,48911.63,126569.29
2012-01-01,Annual,,696261.34,194301.22,50481.03999999999,20656.0,6594.0,8179.52,1161.0,0.0,160347.83000000002,1137981.95,203648.32,140.0,55.0,662.75,161101.37999999998,0.0,79614.3,48499.469999999994,493721.22000000003,1631703.1700000002
2012-01-01,Monthly,,48194.44,18713.93,2615.0,1000.0,315.0,105.0,,,11277.3,82220.67,24630.05,,,50.0,20284.01,,3535.0,3882.94,52382.0,134602.67
2012-02-01,Monthly,,50280.48,12976.99,3218.0,255.0,880.0,620.0,,,8517.52,76747.99,25346.45,,45.0,30.43,20760.99,,5654.8,4815.46,56653.13,133401.12
2012-03-01,Monthly,,60901.45,16836.2,4610.0,365.0,320.0,80.0,,,13044.0,96156.65,19310.16,140.0,,,19259.64,,11009.0,4022.79,53741.59,149898.24
2012-04-01,Monthly,,47273.3,9000.04,2883.99,896.0,975.0,530.0,,,13797.0,75355.33,20943.13,,10.0,50.0,19924.7,,2380.0,5057.75,48365.58,123720.91
2012-05-01,Monthly,,65116.37,17301.59,5773.0,1800.0,295.0,660.0,,,12700.52,103646.48,18036.2,,,40.0,10629.86,,5097.0,4765.15,38568.21,142214.69
2012-06-01,Monthly,,61700.12,17529.32,6345.0,1275.0,445.0,150.0,200.0,,12341.0,99985.44,16872.07,,,,13464.73,,14375.0,3403.79,48115.59,148101.03
2012-07-01,Monthly,,60883.19,19374.66,4361.05,2312.0,2174.0,900.0,661.0,,17712.0,108377.9,22995.85,,,10.0,11473.17,,5971.0,3973.62,44423.64,152801.54
2012-08-01,Monthly,,66512.11,17030.23,5200.0,1460.0,100.0,700.0,,,9475.27,100477.61,13486.32,,,20.0,11459.98,,6890.0,3516.73,35373.03,135850.64
2012-09-01,Monthly,,56120.66,14872.15,2918.0,2761.0,280.0,460.0,300.0,,16538.9,94250.71,8579.28,,,130.0,12598.65,,4966.0,4540.29,30814.22,125064.93
2012-10-01,Monthly,,64631.97,13892.52,4580.0,3832.0,270.0,1875.0,,,16892.4,105973.89,16958.94,,,212.32,10051.34,,6044.0,3537.02,36803.62,142777.51
2012-11-01,Monthly,,54957.17,18949.85,3638.0,3135.0,245.0,839.52,,,14464.35,96228.89,10913.6,,,20.0,5806.59,,6183.5,4058.65,26982.34,123211.23
2012-12-01,Monthly,,59690.08,17823.74,4339.0,1565.0,295.0,1260.0,,,13587.57,98560.39,5576.27,,,100.0,5387.72,,7509.0,2925.28,21498.27,120058.66
2013-01-01,Annual,,690465.57,191900.8,76710.0,34008.0,3817.0,6754.0,1970.0,0.0,193488.65999999997,1199114.03,180013.03999999998,20.0,0.0,971.75,53118.189999999995,0.0,75231.39,45266.18,354620.55,1553734.58
2013-01-01,Monthly,,57790.97,16246.04,5585.0,6150.0,,340.0,10.0,,17949.0,104071.01,18428.05,20.0,,60.0,5758.24,,4327.0,5969.49,34562.78,138633.79
2013-02-01,Monthly,,44919.79,11342.82,1198.0,4593.0,60.0,874.0,,,13977.0,76964.61,13806.88,,,24.0,7288.58,,4895.0,4876.12,30890.58,107855.19
2013-03-01,Monthly,,54761.17,17407.45,6035.0,2398.0,350.0,500.0,100.0,,15977.0,97528.62,12041.19,,,10.0,4729.78,,7370.0,3809.6,27960.57,125489.19
2013-04-01,Monthly,,42223.87,6948.8,6235.0,2122.0,360.0,,,,19650.47,77540.14,23432.1,,,298.5,3496.93,,5914.0,5696.17,38837.7,116377.84
2013-05-01,Monthly,,49155.83,14516.31,5625.0,2748.0,300.0,670.0,,,19077.9,92093.04,22365.63,,,32.0,5530.1,,8044.0,3863.14,39834.87,131927.91
2013-06-01,Monthly,,45980.63,17029.85,6972.0,1140.0,330.0,370.0,,,18657.0,90479.48,14705.1,,,20.0,5145.0,,7261.0,3629.85,30760.95,121240.43
2013-07-01,Monthly,,81702.12,18107.27,11147.0,2713.0,150.0,850.0,660.0,,15802.0,131131.39,19219.67,,,76.9,2889.85,,4569.0,3767.61,30523.03,161654.42
2013-08-01,Monthly,,66468.94,24588.82,4965.0,2584.0,150.0,800.0,300.0,,14974.37,114831.13,7806.48,,,121.0,3123.54,,5552.39,3297.84,19901.25,134732.38
2013-09-01,Monthly,,64721.24,16782.2,6935.0,3275.0,487.0,600.0,730.0,,13165.0,106695.44,15785.89,,,100.0,2766.17,,8019.0,2559.81,29230.87,135926.31
2013-10-01,Monthly,,66837.64,15823.97,6395.0,1825.0,100.0,400.0,70.0,,16583.0,108034.61,17807.8,,,49.0,5167.38,,5050.0,3526.85,31601.03,139635.64
2013-11-01,Monthly,,51465.85,18133.59,7375.0,445.0,840.0,1140.0,100.0,,15100.84,94600.28,9166.04,,,96.0,4507.62,,6520.0,2091.69,22381.35,116981.63
2013-12-01,Monthly,,64437.52,14973.68,8243.0,4015.0,690.0,210.0,,,12575.08,105144.28,5448.21,,,84.35,2715.0,,7710.0,2178.01,18135.57,123279.85
2014-01-01,Annual,,667959.1519999999,190479.52,84462.0,39550.0,3923.0,7168.0,95.0,0.0,132005.03999999998,1125641.712,119023.417,0.0,0.0,2847.0,53284.920000000006,0.0,93864.0,31332.521000000004,300351.85799999995,1425993.5699999998
2014-01-01,Monthly,,49604.51,21037.879999999997,4005.0,1270.0,60.0,710.0,,,12194.0,88881.39,11994.683,,,89.0,2874.0,,5015.0,3614.2909999999997,23586.974000000002,112468.364
2014-02-01,Monthly,,45888.95,12575.179999999998,7738.0,4745.0,440.0,440.0,,,10857.0,82684.13,9221.453,,,5.33,3389.1,,4018.0,2969.957,19603.84,102287.97
2014-03-01,Monthly,,50099.26,16592.84,7085.0,3925.0,620.0,480.0,,,9417.0,88219.1,11094.999,,,180.0,1618.9450000000002,,8176.0,2272.148,23342.092,111561.19200000001
2014-04-01,Monthly,,60667.92199999999,13454.960000000001,6990.0,3275.0,350.0,15.0,,,11071.0,95823.882,10106.15,,,570.0,3963.32,,4778.0,1590.268,21007.737999999998,116831.62
2014-05-01,Monthly,,52370.969999999994,16210.420000000002,6933.0,1715.0,270.0,565.0,,,8892.0,86956.39,10596.726,,,,3217.408,,9725.0,2163.116,25702.25,112658.63999999998
2014-06-01,Monthly,,62979.14000000001,14017.609999999999,8368.0,2440.0,300.0,385.0,,,11180.0,99669.75,5648.0,,,80.0,3050.0,,5240.0,3709.747,17727.747,117397.497
2014-07-01,Monthly,,53780.8,15686.15,6643.0,2447.0,,20.0,,,12615.0,91191.95,9362.641,,,85.67,1686.33,,7860.0,2725.838,21720.479,112912.429
2014-08-01,Monthly,,61485.66,16686.15,8675.0,2445.0,220.0,1270.0,85.0,,11519.0,102385.81,12813.65,,,16.0,3083.67,,8407.0,3025.884,27346.203999999998,129732.014
2014-09-01,Monthly,,44094.049999999996,14796.71,5545.0,6246.0,550.0,1959.0,,,11850.0,85040.76,7056.629999999999,,,100.0,7871.36,,9520.0,3386.7929999999997,27934.782999999996,112975.543
2014-10-01,Monthly,,56978.66,18129.440000000002,9095.0,4222.0,400.0,300.0,,,6769.04,95894.14,10749.496,,,1578.0,5882.957,,9055.0,3516.686,30782.139000000003,126676.279
2014-11-01,Monthly,,63148.75,15421.56,5555.0,2795.0,450.0,624.0,10.0,,13473.0,101477.31,9276.179,,,79.0,6306.08,,12120.0,1890.27,29671.529,131148.839
2014-12-01,Monthly,,66860.48,15870.619999999999,7830.0,4025.0,263.0,400.0,,,12168.0,107417.09999999999,11102.81,,,64.0,10341.75,,9950.0,467.523,31926.083,139343.183
2015-01-01,Annual,,607387.773,168219.54499999998,100224.0,16282.0,7805.0,6501.0,44.0,0.0,129281.70999999999,1035745.028,174724.78,0.0,0.0,1842.5,6609.84,0.0,119160.0,18019.169000000005,320356.28900000005,1356101.317
2015-01-01,Monthly,,45869.568,15930.07,7509.0,3430.0,520.0,600.0,,,10837.0,84695.638,22620.247,,,192.0,4485.33,,12727.0,3350.4539999999997,43375.030999999995,128070.66900000001
2015-02-01,Monthly,,47335.64,13101.310000000001,6255.0,2583.0,880.0,1265.0,,,15632.7,87052.65,13402.226999999999,,,90.0,700.0,,10015.0,1912.9660000000001,26120.193,113172.843
2015-03-01,Monthly,,43895.76,10774.945,11335.0,1067.0,100.0,575.0,,,6691.0,74438.705,19068.341,,,130.0,330.0,,8907.0,2579.86,31015.200999999997,105453.906
2015-04-01,Monthly,,53334.76,11746.869999999999,9091.0,975.0,283.0,,,,10296.0,85726.63,16154.669,,,162.5,450.0,,11482.0,4448.83,32697.999000000003,118424.629
2015-05-01,Monthly,,43285.88,13214.56,7343.0,800.0,895.0,300.0,10.0,,9092.6,74941.04000000001,7310.273,,,10.0,,,9111.0,2017.0710000000001,18448.344,93389.384
2015-06-01,Monthly,,55916.799999999996,11888.36,7416.0,1770.0,757.0,1222.0,,,9849.91,88820.07,13452.252999999999,,,,,,7021.0,646.4380000000001,21119.691,109939.761
2015-07-01,Monthly,,48420.9,17200.57,5645.0,300.0,1355.0,1135.0,20.0,,11602.5,85678.97,17008.599,,,200.0,,,8028.0,1397.4219999999998,26634.020999999997,112312.99100000001
2015-08-01,Monthly,,55031.77,13229.14,7434.0,914.0,1255.0,560.0,,,9873.0,88296.91,15048.448,,,210.0,644.51,,11626.0,349.58,27878.538,116175.448
2015-09-01,Monthly,,48427.89,12996.63,8165.0,1351.0,760.0,449.0,,,8981.2,81130.71999999999,13784.256,,,719.0,,,5673.0,232.54200000000003,20408.798,101539.51799999998
2015-10-01,Monthly,,60324.52,19404.64,9736.0,1120.0,300.0,170.0,,,11470.0,102525.16,15837.859,,,129.0,,,9885.0,516.2950000000001,26368.154000000002,128893.314
2015-11-01,Monthly,,63681.049999999996,15479.710000000001,10672.0,1253.0,700.0,45.0,10.0,,12489.8,104330.56,12022.022,,,,,,9030.0,367.60699999999997,21419.629,125750.189
2015-12-01,Monthly,,41863.235,13252.740000000002,9623.0,719.0,,180.0,4.0,,12466.0,78107.975,9015.586,,,,,,15655.0,200.104,24870.69,102978.66500000001
2016-01-01,Annual,,530724.448,137654.07,77265.0,22242.0,6803.0,4200.0,376.0,0.0,94434.23999999999,873698.7580000001,172404.659,270.0,0.0,2884.41,5388.261,0.0,126145.0,8501.38,315593.71,1189292.468
2016-01-01,Monthly,,39957.670000000006,8787.31,7256.0,1598.0,918.0,720.0,50.0,,11273.0,70559.98000000001,18833.935,,,162.0,20.0,,7200.0,616.324,26832.259000000002,97392.239
2016-02-01,Monthly,,33283.28,11281.23,3065.0,540.0,30.0,,,,6643.0,54842.509999999995,10289.022,,,300.0,,,11640.0,782.9689999999999,23011.991,77854.50099999999
2016-03-01,Monthly,,45024.05300000001,8559.939999999999,7280.0,813.0,650.0,,,,11923.0,74249.993,13689.6,,,463.23999999999995,2521.9410000000003,,8520.0,1068.5330000000001,26263.314000000002,100513.30700000002
2016-04-01,Monthly,,44364.87,13068.32,5950.0,415.0,95.0,240.0,,,8744.0,72877.19,10034.711,60.0,,100.0,110.0,,10060.0,1246.232,21610.943,94488.133
2016-05-01,Monthly,,42592.68,10535.27,6745.0,500.0,230.0,,13.0,,5715.0,66330.95,14749.507000000001,,,230.0,50.0,,11300.0,985.422,27314.929000000004,93645.879
2016-06-01,Monthly,,37440.92,9694.6,7232.0,2110.0,60.0,940.0,,,12060.0,69537.51999999999,27325.4,135.0,,610.0,970.0,,12535.0,306.67,41882.07,111419.58999999998
2016-07-01,Monthly,,51643.755,14718.810000000001,6395.0,3960.0,470.0,100.0,,,7584.74,84872.30500000001,13346.484,10.0,,,,,11130.0,338.631,24825.114999999998,109697.42
2016-08-01,Monthly,,44066.86,8036.65,6115.0,3470.0,520.0,100.0,188.0,,5389.5,67886.01000000001,17865.027000000002,,,550.0,1193.3200000000002,,11700.0,1613.3700000000001,32921.717000000004,100807.72700000001
2016-09-01,Monthly,,42769.630000000005,15020.86,4441.0,1910.0,1150.0,50.0,120.0,,8615.0,74076.49,12335.393,10.0,,70.0,405.0,,12310.0,863.949,25994.342,100070.832
2016-10-01,Monthly,,39042.69,9503.95,6642.0,2969.0,150.0,950.0,5.0,,6215.0,65477.64,7081.03,55.0,,100.0,118.0,,8820.0,274.24,16448.27,81925.91
2016-11-01,Monthly,,51518.46,11716.52,9705.0,1400.0,1300.0,390.0,,,5960.0,81989.98,17838.260000000002,,,299.17,,,8430.0,245.18,26812.61,108802.58999999998
2016-12-01,Monthly,,59019.58,16730.61,6439.0,2557.0,1230.0,710.0,,,4312.0,90998.19,9016.29,,,,,,12500.0,159.85999999999999,21676.15,112674.34000000001
2017-01-01,Annual,,433003.46,113657.61,80389.0,20818.0,9830.0,7061.0,80.0,0.0,68124.08,732963.15,158796.65,95.0,0.0,13532.939999999999,503.24,0.0,84615.0,1806.1380000000001,259348.96799999996,992312.118
2017-01-01,Monthly,,35508.9,8599.39,8310.0,2453.0,197.0,622.0,,,9198.0,64888.29,10244.32,,,308.62,,,7750.0,265.83000000000004,18568.77,83457.06
2017-02-01,Monthly,,27330.71,6644.54,2550.0,2210.0,1279.0,651.0,80.0,,5933.5,46678.75,14704.599999999999,,,1150.5700000000002,,,5860.0,98.88,21814.049999999996,68492.79999999999
2017-03-01,Monthly,,37936.799999999996,9425.01,11440.0,1996.0,395.0,530.0,,,8086.0,69808.81,21664.47,,,1776.0,,,8290.0,96.02799999999999,31826.498,101635.308
2017-04-01,Monthly,,33263.0,10653.900000000001,4132.0,1045.0,2040.0,860.0,,,6021.0,58014.9,16581.260000000002,15.0,,2651.4700000000003,50.0,,6430.0,85.24000000000001,25812.970000000005,83827.87000000001
2017-05-01,Monthly,,44723.8,9803.350000000002,6631.0,685.0,864.0,510.0,,,3635.0,66852.15000000001,15903.539999999999,,,885.55,63.0,,6605.0,149.38,23606.47,90458.62000000001
2017-06-01,Monthly,,35249.35,12328.07,6426.0,2250.0,430.0,1140.0,,,4277.58,62101.0,9890.29,,,1640.0,340.24,,8350.0,151.65,20372.18,82473.18000000001
2017-07-01,Monthly,,34170.93,7383.67,6155.0,1404.0,669.0,533.0,,,4570.0,54885.6,12760.43,,,1360.0,,,6010.0,221.14,20351.57,75237.17
2017-08-01,Monthly,,33838.18,9584.18,6505.0,1630.0,605.0,950.0,,,5945.0,59057.36,14062.599999999999,80.0,,1938.0,,,8680.0,414.1,25174.699999999997,84232.06
2017-09-01,Monthly,,29293.14,8834.29,5765.0,1440.0,1871.0,175.0,,,6790.0,54168.43,15892.29,,,748.9300000000001,50.0,,8030.0,194.73,24915.95,79084.37999999999
2017-10-01,Monthly,,36094.409999999996,8558.66,7915.0,1320.0,175.0,490.0,,,4608.0,59161.06999999999,10836.46,,,200.0,,,8045.0,129.16,19210.62,78371.69
2017-11-01,Monthly,,47200.7,12728.570000000002,8525.0,1615.0,150.0,550.0,,,5060.0,75829.26999999999,12119.060000000001,,,873.8,,,5840.0,,18832.86,94662.12999999999
2017-12-01,Monthly,,38393.54,9113.98,6035.0,2770.0,1155.0,50.0,,,4000.0,61517.520000000004,4137.33,,,,,,4725.0,,8862.33,70379.85
2018-01-01,Annual,,622052.26,168300.75,79880.0,37209.0,11182.0,8596.0,577.0,0.0,72902.5,1000699.51,118144.38,0.0,0.0,4321.38,15094.460000000001,0.0,80888.0,4536.539999999999,222984.76,1223684.27
2018-01-01,Monthly,,51098.509999999995,13464.18,8568.0,2540.0,1411.0,865.0,,,7658.0,85604.69,7878.99,,,630.0,1051.43,,4570.0,282.49,14412.91,100017.6
2018-02-01,Monthly,,35766.23,10186.73,5770.0,3420.0,1852.0,630.0,,,4517.0,62141.96000000001,6699.39,,,133.0,1257.14,,8130.0,134.85,16354.380000000001,78496.34000000001
2018-03-01,Monthly,,57709.100000000006,15448.89,6450.0,2210.0,2150.0,501.0,,,5175.0,89643.99,8517.85,,,640.0,675.39,,6340.0,298.8,16472.04,106116.03000000001
2018-04-01,Monthly,,68464.56,16581.37,7937.0,1450.0,1410.0,950.0,150.0,,6230.0,103172.93,8384.7,,,,2880.0,,5920.0,463.03000000000003,17647.730000000003,120820.65999999999
2018-05-01,Monthly,,67766.01000000001,15932.74,5983.0,1886.0,445.0,810.0,50.0,,4805.0,97677.75000000001,12431.95,,,624.38,600.0,,7530.0,149.42000000000002,21335.75,119013.50000000001
2018-06-01,Monthly,,50138.54,17901.22,5010.0,3700.0,622.0,960.0,,,4241.0,82572.76000000001,9683.48,,,180.0,1738.8899999999999,,8535.0,259.57,20396.94,102969.70000000001
2018-07-01,Monthly,,68632.03,16131.550000000001,5220.0,3110.0,1150.0,850.0,,,5589.5,100683.08,14638.269999999999,,,50.0,1050.0,,5005.0,656.53,21399.8,122082.88
2018-08-01,Monthly,,42262.700000000004,12242.81,7650.0,2815.0,520.0,760.0,123.0,,6825.0,73198.51000000001,12748.650000000001,,,549.0,1337.5,,8140.0,744.31,23519.46,96717.97
2018-09-01,Monthly,,35352.25,11958.32,5362.0,5750.0,450.0,650.0,,,6112.0,65634.57,12849.08,,,1225.0,1350.0,,7395.0,417.78,23236.86,88871.43000000001
2018-10-01,Monthly,,42901.590000000004,10538.880000000001,10750.0,3235.0,330.0,350.0,170.0,,7570.0,75845.47,8722.49,,,140.0,563.0,,7433.0,574.3199999999999,17432.809999999998,93278.28000000001
2018-11-01,Monthly,,39996.299999999996,11853.69,5125.0,4235.0,190.0,940.0,,,7885.0,70224.98999999999,6982.61,,,,1703.3300000000002,,7830.0,201.82,16717.760000000002,86942.75
2018-12-01,Monthly,,61964.439999999995,16060.369999999999,6055.0,2858.0,652.0,330.0,84.0,,6295.0,94298.81,8606.92,,,150.0,887.78,,4060.0,353.62,14058.320000000002,108357.12999999999
2019-01-01,Annual,,608017.9500000001,169368.72000000003,85979.0,34402.0,6435.0,5754.0,455.0,374.56,95650.55,1006436.7799999999,227971.472,575.0,0.0,5797.34,6874.0,0.0,78648.0,5511.400000000001,325377.21199999994,1331813.992
2019-01-01,Monthly,,50403.950000000004,13781.990000000002,6545.0,4437.0,645.0,570.0,,41.06,9907.5,86331.5,20311.55,,,225.0,576.0,,8650.0,689.88,30452.43,116783.93000000001
2019-02-01,Monthly,,48891.07,11679.7,5200.0,3260.0,450.0,50.0,130.0,,4586.0,74246.77,16275.71,,,200.0,790.0,,3610.0,52.31,20928.02,95174.79000000001
2019-03-01,Monthly,,59232.71000000001,17018.45,9535.0,1592.0,630.0,850.0,,,7189.0,96047.16,21196.96,,,500.0,2020.0,,6800.0,234.23,30751.190000000002,126798.34999999999
2019-04-01,Monthly,,63873.369999999995,15160.16,9670.0,4265.0,380.0,1040.0,75.0,,9267.0,103730.53,14961.5,205.0,,200.0,720.0,,5765.0,176.22,22027.72,125758.25
2019-05-01,Monthly,,42765.54,16719.21,7215.0,2870.0,250.0,190.0,150.0,333.5,10904.0,81397.25,21164.092,,,830.77,,,5205.0,50.2,27250.062,108647.312
2019-06-01,Monthly,,48272.06,18786.760000000002,4610.0,4144.0,390.0,200.0,,,7606.5,84009.32,26250.059999999998,220.0,,1067.27,844.0,,9000.0,132.56,37513.89,121523.21
2019-07-01,Monthly,,59402.020000000004,11907.74,12085.0,3508.0,1145.0,550.0,,,8634.7,97232.46,19856.59,90.0,,722.22,444.0,,5088.0,616.03,26816.84,124049.3
2019-08-01,Monthly,,44918.58,13148.86,7885.0,2552.0,1285.0,350.0,,,5941.0,76080.44,26702.3,60.0,,128.89,200.0,,7230.0,802.26,35123.45,111203.89
2019-09-01,Monthly,,50113.21,14339.4,7979.0,2140.0,760.0,200.0,,,10107.85,85639.46,18964.5,,,658.9,190.0,,7110.0,650.37,27573.77,113213.23
2019-10-01,Monthly,,32688.440000000002,6988.09,4605.0,1925.0,200.0,330.0,,,8105.0,54841.53,20398.79,,,232.14,340.0,,8990.0,1162.02,31122.95,85964.48000000001
2019-11-01,Monthly,,66206.76000000001,20919.36,6765.0,1225.0,200.0,350.0,100.0,,7480.0,103246.12000000001,13184.53,,,350.0,,,6860.0,682.27,21076.800000000003,124322.92000000001
2019-12-01,Monthly,,41250.24,8919.0,3885.0,2484.0,100.0,1074.0,,,5922.0,63634.24,8704.89,,,682.15,750.0,,4340.0,263.05,14740.089999999998,78374.33
2020-01-01,Annual,,597119.6,151832.0,69746.5,36409.0,4095.0,5440.0,700.0,100.0,115522.86,980964.96,225866.67400000003,170.0,0.0,9863.33,1046.3600000000001,0.0,66621.0,6087.954000000001,309655.318,1290620.2780000002
2020-01-01,Monthly,,59367.009999999995,17924.72,10495.0,2245.0,130.0,200.0,,,11195.0,101556.73,17504.949999999997,,,570.0,200.0,,6916.0,1014.0,26204.949999999997,127761.68
2020-02-01,Monthly,,63553.61,13852.95,6290.0,4267.0,50.0,,,,12860.0,100873.56,24096.524,170.0,,130.0,500.0,,4065.0,943.334,29904.857999999997,130778.41800000002
2020-03-01,Monthly,,65247.94,11060.93,8000.0,2705.0,705.0,1835.0,100.0,,8535.0,98188.87,33420.25,,,,346.36,,6195.0,562.71,40524.32,138713.18999999997
2020-04-01,Monthly,,38801.77,10515.279999999999,5695.5,4077.0,540.0,1180.0,50.0,50.0,7990.0,68899.54999999999,16099.83,,,100.0,,,5495.0,,21694.83,90594.37999999999
2020-05-01,Monthly,,44279.759999999995,14514.720000000001,5039.0,1000.0,,,,,6640.0,71473.48,17307.78,,,2560.0,,,4870.0,617.63,25355.41,96828.89
2020-06-01,Monthly,,36188.68,9176.210000000001,4625.0,3410.0,20.0,400.0,550.0,50.0,4686.0,59105.89,17293.010000000002,,,500.0,,,4540.0,720.05,23053.06,82158.95
2020-07-01,Monthly,,56882.59,14725.150000000001,7553.0,3770.0,,,,,13235.0,96165.73999999999,30918.79,,,2183.33,,,5340.0,358.95,38801.07,134966.81
2020-08-01,Monthly,,50831.56,14168.990000000002,3745.0,4940.0,390.0,175.0,,,10280.0,84530.55,18683.32,,,850.0,,,5025.0,345.06,24903.38,109433.93
2020-09-01,Monthly,,50332.009999999995,11276.42,7924.0,2700.0,150.0,,,,15869.0,88251.43,18273.010000000002,,,350.0,,,7120.0,421.22,26164.230000000003,114415.66
2020-10-01,Monthly,,41605.04,11462.699999999999,4780.0,2770.0,200.0,,,,6930.0,67747.73999999999,14492.24,,,1970.0,,,5780.0,209.47,22451.71,90199.45
2020-11-01,Monthly,,45516.52,13303.07,3350.0,2305.0,1000.0,100.0,,,10785.0,76359.59,10067.279999999999,,,400.0,,,5435.0,504.21,16406.489999999998,92766.08
2020-12-01,Monthly,,44513.11,9850.86,2250.0,2220.0,910.0,1550.0,,,6517.860000000001,67811.83,7709.6900000000005,,,250.0,,,5840.0,391.32,14191.01,82002.84000000001
2021-01-01,Annual,,492307.911,122903.21999999999,69473.2,16904.199999999997,9131.0,10359.0,980.0,640.0,92544.0,815242.5310000001,157442.0,0.0,0.0,8146.62,0.0,0.0,48090.0,3795.7400000000002,217474.36000000002,1032716.891
2021-01-01,Monthly,,48746.42,10935.88,5310.0,3135.0,1290.0,884.0,,,5775.0,76076.29999999999,15821.18,,,300.0,,,4315.0,447.98,20884.16,96960.45999999998
2021-02-01,Monthly,,30943.07,11406.25,5391.0,2080.0,434.0,450.0,,,7254.5,57958.82,13383.490000000002,,,500.0,,,4050.0,526.92,18460.410000000003,76419.23
2021-03-01,Monthly,,52208.48,6349.61,6047.0,2839.0,600.0,1250.0,100.0,,11360.0,80754.09,16143.45,,,650.0,,,6000.0,200.09,22993.54,103747.62999999999
2021-04-01,Monthly,,48512.3,11668.11,5524.0,2090.0,512.0,1135.0,,,9910.2,79351.61,14318.06,,,439.0,,,4265.0,449.35,19471.41,98823.02
2021-05-01,Monthly,,28134.72,7746.4,5097.0,1079.8,285.0,650.0,50.0,40.0,6015.0,49097.920000000006,8818.029999999999,,,1020.0,,,4860.0,361.56,15059.589999999998,64157.51
2021-06-01,Monthly,,57189.490000000005,14834.89,7259.0,742.8,800.0,1045.0,,100.0,6997.5,88968.68000000001,18696.56,,,626.5,,,2805.0,445.68,22573.74,111542.42
2021-07-01,Monthly,,34679.27,11788.09,7896.5,790.0,1115.0,1150.0,,,5241.3,62660.16,17540.38,,,932.0,,,2370.0,583.98,21426.36,84086.52
2021-08-01,Monthly,,32413.309999999998,10375.26,8265.0,1117.6,752.0,600.0,210.0,,8888.0,62621.17,11553.61,,,570.0,,,2525.0,331.09,14979.7,77600.87
2021-09-01,Monthly,,48695.79,8899.26,7333.5,530.0,2075.0,710.0,50.0,,12204.0,80497.55,12971.27,,,310.01,,,4425.0,250.87,17957.15,98454.7
2021-10-01,Monthly,,24749.71,8925.99,3922.2,710.0,118.0,570.0,370.0,,4312.0,43677.899999999994,11293.68,,,440.0,,,1500.0,138.19,13371.87,57049.77
2021-11-01,Monthly,,35283.86,7218.62,3968.0,590.0,200.0,1350.0,200.0,500.0,8482.0,57792.48,10604.849999999999,,,1552.5,,,3570.0,60.03,15787.38,73579.86
2021-12-01,Monthly,,50751.491,12754.86,3460.0,1200.0,950.0,565.0,,,6104.5,75785.851,6297.4400000000005,,,806.61,,,7405.0,,14509.05,90294.901
2022-01-01,Annual,,531870.5399999999,143428.58000000002,47090.4,17398.5,12031.0,13490.0,1935.0,100.0,101997.87999999999,869341.8999999999,130436.23000000001,0.0,0.0,11858.47,0.0,0.0,49585.0,0.0,191879.7,1061221.5999999999
2022-01-01,Monthly,,34097.11,8070.3099999999995,4675.0,770.0,1004.0,2240.0,735.0,,7440.3,59031.72,12099.37,,,1965.0,,,2850.0,,16914.370000000003,75946.09
2022-02-01,Monthly,,30698.39,9865.560000000001,4760.0,900.0,1500.0,1950.0,300.0,,6348.5,56322.45,8522.73,,,2155.0,,,600.0,,11277.73,67600.18
2022-03-01,Monthly,,30159.46,9504.18,3669.0,500.0,830.0,720.0,,,4790.0,50172.64,13486.009999999998,,,2410.0,,,6650.0,,22546.01,72718.65
2022-04-01,Monthly,,31008.53,10680.4,2938.0,2880.0,625.0,250.0,,,8753.0,57134.93,9673.95,,,1011.0,,,2705.0,,13389.95,70524.88
2022-05-01,Monthly,,21840.4,7584.56,2255.0,850.0,784.0,,50.0,,5008.7,38372.66,9595.810000000001,,,625.0,,,2930.0,,13150.810000000001,51523.47
2022-06-01,Monthly,,32205.4,8818.06,2487.0,860.0,330.0,100.0,,,14365.939999999999,59166.399999999994,10386.32,,,350.0,,,3380.0,,14116.32,73282.72
2022-07-01,Monthly,,46667.149999999994,11637.9,3810.0,2850.0,1919.0,650.0,,,9303.0,76837.04999999999,13886.970000000001,,,407.42,,,5850.0,,20144.39,96981.43999999999
2022-08-01,Monthly,,59965.39,15459.55,4467.7,1802.5,830.0,750.0,,,6534.74,89809.88,14129.27,,,270.0,,,2350.0,,16749.27,106559.15000000001
2022-09-01,Monthly,,42616.17,12132.53,4212.1,2734.0,1337.0,2850.0,500.0,100.0,13515.0,79996.79999999999,12282.510000000002,,,110.0,,,9870.0,,22262.510000000002,102259.31
2022-10-01,Monthly,,78574.61,20896.79,3723.0,930.0,1672.0,1030.0,,,5871.7,112698.09999999999,6535.610000000001,,,250.0,,,3200.0,,9985.61,122683.70999999999
2022-11-01,Monthly,,65084.77,12602.79,5660.0,1592.0,900.0,2120.0,150.0,,11255.0,99364.56,9577.41,,,695.05,,,4500.0,,14772.46,114137.02
2022-12-01,Monthly,,58953.16,16175.95,4433.6,730.0,300.0,830.0,200.0,,8812.0,90434.71,10260.27,,,1610.0,,,4700.0,,16570.27,107004.98000000001
2023-01-01,Annual,,692675.4099999999,173478.49,77097.48,28160.0,5246.0,14938.0,582.0,224.0,130674.78,1123076.1599999997,162992.98399999997,0.0,0.0,7800.8,933.34,0.0,58905.0,0.0,230632.12399999998,1353708.2840000002
2023-01-01,Monthly,,44301.03,11223.779999999999,8445.0,830.0,460.0,150.0,,,10135.0,75544.81,20214.31,,,1558.0,,,7090.0,,28862.31,104407.12
2023-02-01,Monthly,,31883.07,6329.49,5847.0,880.0,420.0,1350.0,,100.0,9134.0,55943.56,17348.35,,,649.0,,,5380.0,,23377.35,79320.91
2023-03-01,Monthly,,44359.9,6854.699999999999,8468.0,1870.0,250.0,1950.0,50.0,,11770.0,75572.6,23384.37,,,955.25,,,4090.0,,28429.62,104002.22
2023-04-01,Monthly,,23748.059999999998,9817.220000000001,6255.0,1450.0,200.0,450.0,185.0,,15345.0,57450.28,10751.734,,,603.55,,,6495.0,,17850.284,75300.564
2023-05-01,Monthly,,35193.22,5860.610000000001,4723.48,3820.0,127.0,1410.0,150.0,,10825.0,62109.31,10749.71,,,1600.0,,,3590.0,,15939.71,78049.01999999999
2023-06-01,Monthly,,57929.03,18017.21,7420.0,3950.0,250.0,1170.0,,,8975.78,97712.01999999999,10004.779999999999,,,625.0,150.0,,4530.0,,15309.779999999999,113021.79999999999
2023-07-01,Monthly,,74046.29000000001,14673.61,4855.0,4365.0,904.0,1255.0,,67.0,12287.0,112452.90000000001,17820.239999999998,,,,,,5010.0,,22830.239999999998,135283.14
2023-08-01,Monthly,,74441.76999999999,17894.45,4515.0,2460.0,570.0,922.0,10.0,,16570.0,117383.21999999999,13593.630000000001,,,310.0,433.34000000000003,,4950.0,,19286.97,136670.19
2023-09-01,Monthly,,81328.09999999999,23603.32,6914.0,1560.0,225.0,980.0,,32.0,6705.0,121347.41999999998,7622.719999999999,,,450.0,,,5220.0,,13292.72,134640.13999999998
2023-10-01,Monthly,,88235.20999999999,20437.72,9730.0,3588.0,1060.0,2526.0,87.0,25.0,11778.0,137466.93,11490.3,,,450.0,150.0,,4140.0,,16230.3,153697.22999999998
2023-11-01,Monthly,,74605.77,19653.83,5495.0,1862.0,500.0,550.0,,,9875.0,112541.6,10623.61,,,160.0,,,4910.0,,15693.61,128235.21
2023-12-01,Monthly,,62603.96,19112.55,4430.0,1525.0,280.0,2225.0,100.0,,7275.0,97551.51,9389.23,,,440.0,200.0,,3500.0,,13529.23,111080.73999999999
2024-01-01,Annual,,926569.8829999998,235848.83499999996,56681.0,39770.0,9245.0,17916.0,961.0,0.0,91913.9,1378905.618,178370.619,0.0,0.0,5367.65,1350.0,0.0,42619.0,0.0,227707.269,1606612.887
2024-01-01,Monthly,,85886.73000000001,22682.25,3745.0,3190.0,2450.0,1957.0,140.0,,9880.0,129930.98000000001,14782.76,,,563.0,,,3922.0,,19267.760000000002,149198.74000000002
2024-02-01,Monthly,,64405.869999999995,16709.5,2630.0,3780.0,100.0,2135.0,200.0,,8140.0,98100.37,16253.64,,,130.0,600.0,,2222.0,,19205.64,117306.01
2024-03-01,Monthly,,78413.08,28662.76,4850.0,4080.0,100.0,2595.0,80.0,,8140.0,126920.84,13509.66,,,145.0,750.0,,3100.0,,17504.66,144425.5
2024-04-01,Monthly,,80466.69,21244.39,5139.0,3605.0,1895.0,750.0,21.0,,7805.0,120926.08,15761.787,,,465.0,,,4045.0,,20271.787,141197.867
2024-05-01,Monthly,,65842.63,15452.204999999998,4721.0,4029.0,100.0,740.0,,,5036.0,95920.835,15013.595000000001,,,400.0,,,3172.0,,18585.595,114506.43000000001
2024-06-01,Monthly,,77502.0,19831.57,5359.0,3840.0,200.0,2170.0,,,5685.0,114587.57,13658.473,,,399.0,,,2150.0,,16207.472999999998,130795.043
2024-07-01,Monthly,,91805.45000000001,16322.130000000001,6414.0,2791.0,1400.0,1010.0,,,11451.0,131193.58000000002,16874.547,,,297.0,,,3545.0,,20716.547,151910.127
2024-08-01,Monthly,,101963.09,31362.88,9022.0,2760.0,2050.0,2215.0,,,6917.0,156289.97,15450.331999999999,,,150.0,,,3840.0,,19440.332,175730.302
2024-09-01,Monthly,,69176.81,12969.710000000001,5465.0,2380.0,80.0,974.0,,,6894.0,97939.52,16836.533,,,100.0,,,5120.0,,22056.533,119996.053
2024-10-01,Monthly,,59774.47,12998.800000000001,3145.0,3020.0,530.0,1040.0,500.0,,5993.0,87001.27,14824.170999999998,,,981.0,,,4215.0,,20020.171,107021.441
2024-11-01,Monthly,,75960.333,19848.215,2580.0,3400.0,200.0,1540.0,20.0,,4781.0,108329.548,14572.469000000001,,,1487.65,,,4437.0,,20497.119,128826.66699999999
2024-12-01,Monthly,,75372.73,17764.425,3611.0,2895.0,140.0,790.0,,,11191.9,111765.055,10832.652000000002,,,250.0,,,2851.0,,13933.652000000002,125698.707
2025-01-01,Annual,,734333.7829999999,186023.53499999997,63572.310000000005,30068.0,9726.0,24690.0,1230.0,0.0,139634.19,1189277.818,231087.074,0.0,0.0,3702.3,0.0,0.0,41550.0,0.0,276339.374,1465617.192
2025-01-01,Monthly,,65898.18,21834.745,4147.0,3140.0,750.0,762.0,,,8699.0,105230.92499999999,18347.174,,,395.0,,,4300.0,,23042.174,128273.09899999999
2025-02-01,Monthly,,82418.96,21728.225,1490.0,2180.0,1420.0,2497.0,,,6417.0,118151.185,15778.801,,,82.65,,,4060.0,,19921.451,138072.636
2025-03-01,Monthly,,57181.085,9980.93,4875.0,3080.0,390.0,1215.0,30.0,,8653.6,85405.615,24527.679,,,150.0,,,4140.0,,28817.679,114223.29400000001
2025-04-01,Monthly,,77513.828,20044.02,1917.77,3821.0,1280.0,2580.0,250.0,,9770.0,117176.618,26565.259000000002,,,624.2,,,3060.0,,30249.459000000003,147426.07700000002
2025-05-01,Monthly,,61170.97,20936.14,4124.59,2535.0,360.0,2945.0,400.0,,9842.67,102314.37,21520.048000000003,,,200.0,,,2620.0,,24340.048000000003,126654.418
2025-06-01,Monthly,,47192.45,8894.01,3615.0,3380.0,230.0,1895.0,,,13548.0,78754.45999999999,16628.18,,,,,,3000.0,,19628.18,98382.63999999998
2025-07-01,Monthly,,74148.98999999999,13725.880000000001,8675.0,1597.0,1096.0,1870.0,170.0,,7457.9,108740.76999999999,21946.47,,,320.0,,,3700.0,,25966.47,134707.24
2025-08-01,Monthly,,52889.899999999994,22702.66,6460.0,1345.0,750.0,2890.0,260.0,,13593.0,100890.56,24827.019999999997,,,316.0,,,4300.0,,29443.019999999997,130333.57999999999
2025-09-01,Monthly,,60812.7,13592.4,4110.0,1605.0,990.0,1900.0,,,9831.71,92841.81,15929.045,,,822.96,,,3100.0,,19852.005,112693.815
2025-10-01,Monthly,,53471.72,14207.435,8718.15,2510.0,745.0,1295.0,20.0,,13967.0,94934.305,17485.618000000002,,,512.4,,,3020.0,,21018.018000000004,115952.32299999999
2025-11-01,Monthly,,37993.85,7773.5,7331.8,2680.0,440.0,2725.0,100.0,,16967.0,76011.15,18353.989999999998,,,29.09,,,3850.0,,22233.079999999998,98244.22999999998
2025-12-01,Monthly,,63641.15,10603.59,8108.0,2195.0,1275.0,2116.0,,,20887.309999999998,108826.05,9177.79,,,250.0,,,2400.0,,11827.79,120653.84
2026-01-01,Monthly,,40011.479999999996,14165.43,9715.0,5770.0,1280.0,850.0,100.0,,19355.0,91246.91,21457.175000000003,,,170.0,,,2650.0,,24277.175000000003,115524.085
2026-02-01,Monthly,,47482.63,14407.42,4751.0,3015.0,700.0,2010.0,,,17146.92,89512.96999999999,15207.46,,,220.0,,,2010.0,,17437.46,106950.43
2026-03-01,Monthly,,63125.7,17887.58,4290.0,2005.0,560.0,1625.0,30.0,,20975.57,110498.85,17510.29,,,,,,1950.0,,19460.29,129959.14000000001
2026-04-01,Monthly,,32732.655000000002,11704.54,6435.0,3980.0,1850.0,1460.0,100.0,,17875.0,76137.195,15429.634,,,757.5,,,2285.0,,18472.134,94609.32900000001
