date,frequency,usd_rm_spot,usd_rm_swap,bank_of_interbank_transactions_in_the_foreign_exchange_market_usd_rm_total,usd_sgd_spot,usd_sgd_swap,bank_of_interbank_transactions_in_the_foreign_exchange_market_usd_sgd_total,usd_jpy_spot,usd_jpy_swap,bank_of_interbank_transactions_in_the_foreign_exchange_market_usd_jpy_total,gbp_usd_spot,gbp_usd_swap,bank_of_interbank_transactions_in_the_foreign_exchange_market_gbp_usd_total,usd_spot,usd_swap,bank_of_interbank_transactions_in_the_foreign_exchange_market_usd_total,usd_spot_1,usd_swap_1,bank_of_interbank_transactions_in_the_foreign_exchange_market_rm_million_total
1993-01-01,Annual,150072.9,108137.6,258210.5,14293.9,1708.2,16002.1,74213.1,0.0,74213.1,3098.9,0.0,3098.9,91333.0,0.0,91333.0,1384.7,0.0,1384.7
1994-01-01,Annual,234940.9,121518.3,356459.2,14776.1,1167.6,15943.7,81191.2,44.2,81235.4,5021.0,0.0,5021.0,108069.6,0.0,108069.6,778.4,0.0,778.4
1995-01-01,Annual,260893.4,309003.1,569896.5,13446.2,2551.7,15997.9,60294.9,0.0,60294.9,2398.2,0.0,2398.2,70364.7,0.0,70364.7,119.8,0.0,119.8
1996-01-01,Annual,288823.8,397669.7,686493.5,10782.3,2491.3,13273.6,52404.7,0.0,52404.7,224.1,0.0,224.1,48523.5,0.0,48523.5,141.9,0.0,141.9
1997-01-01,Annual,297015.6,917559.3,1214574.9,12514.5,1461.7,13976.2,31993.7,0.2,31993.9,149.9,204.5,354.4,57242.5,12.5,57255.0,54.5,0.0,54.5
1998-01-01,Annual,238765.1,464716.9,703482.0,12636.4,2093.9,14730.3,29365.2,104.6,29469.8,358.3,16.6,374.9,153927.9,106.8,154034.7,75.8,0.0,75.8
1999-01-01,Annual,61458.4,162821.3,224279.7,64877.0,2411.1,67288.1,35062.4,12.7,35075.1,1021.9,115.2,1137.1,27134.7,26.3,27161.0,4.0,0.0,4.0
1999-01-01,Monthly,4477.6,13764.0,18241.6,2885.5,48.8,2934.3,3321.2,0.2,3321.4,30.2,0.0,30.2,2290.2,8.8,2299.0,0.0,0.0,0.0
1999-02-01,Monthly,5311.0,9422.8,14733.8,4598.7,117.9,4716.6,2014.9,0.0,2014.9,4.9,0.0,4.9,2115.0,0.0,2115.0,0.0,0.0,0.0
1999-03-01,Monthly,5310.8,20252.5,25563.3,7684.1,62.1,7746.2,3084.8,0.0,3084.8,12.1,7.4,19.5,2084.2,8.3,2092.5,0.0,0.0,0.0
1999-04-01,Monthly,5805.0,17199.9,23004.9,5642.4,147.2,5789.6,4962.8,0.0,4962.8,67.3,22.5,89.8,2328.9,1.2,2330.1,0.0,0.0,0.0
1999-05-01,Monthly,6148.1,14938.3,21086.4,5412.9,108.0,5520.9,4950.3,0.0,4950.3,110.3,0.0,110.3,3487.8,0.0,3487.8,0.0,0.0,0.0
1999-06-01,Monthly,4179.6,11967.2,16146.8,6759.3,348.4,7107.7,4354.7,7.8,4362.5,29.9,0.0,29.9,2441.7,0.0,2441.7,0.0,0.0,0.0
1999-07-01,Monthly,4562.2,12632.7,17194.9,6158.8,223.0,6381.8,3608.6,4.7,3613.3,296.9,0.0,296.9,3008.5,0.0,3008.5,0.0,0.0,0.0
1999-08-01,Monthly,3940.2,14034.2,17974.4,7304.6,213.1,7517.7,2451.7,0.0,2451.7,78.2,0.0,78.2,2423.3,2.0,2425.3,0.0,0.0,0.0
1999-09-01,Monthly,4078.7,15989.0,20067.7,7835.5,148.3,7983.8,1984.2,0.0,1984.2,141.5,6.2,147.7,2530.9,2.0,2532.9,0.0,0.0,0.0
1999-10-01,Monthly,5481.1,11758.3,17239.4,5514.3,376.4,5890.7,2386.1,0.0,2386.1,134.1,79.1,213.2,2402.0,2.0,2404.0,0.0,0.0,0.0
1999-11-01,Monthly,6220.2,10654.0,16874.2,3636.9,314.1,3951.0,1294.3,0.0,1294.3,97.0,0.0,97.0,1709.3,2.0,1711.3,4.0,0.0,4.0
1999-12-01,Monthly,5943.9,10208.4,16152.3,1444.0,303.8,1747.8,648.8,0.0,648.8,19.5,0.0,19.5,312.9,0.0,312.9,0.0,0.0,0.0
2000-01-01,Annual,53964.1,164249.4,218213.5,67727.8,1675.7,69403.5,20318.5,0.0,20318.5,2372.1,0.0,2372.1,9065.2,1.7,9066.9,54.8,4.6,59.4
2000-01-01,Monthly,4944.8,9720.9,14665.7,4208.8,152.0,4360.8,699.7,0.0,699.7,344.5,0.0,344.5,1855.7,0.0,1855.7,0.0,0.0,0.0
2000-02-01,Monthly,6294.5,9234.0,15528.5,2879.4,140.4,3019.8,1057.2,0.0,1057.2,150.6,0.0,150.6,1110.0,0.0,1110.0,15.2,0.0,15.2
2000-03-01,Monthly,6013.9,11016.2,17030.1,6300.9,90.0,6390.9,1170.8,0.0,1170.8,135.3,0.0,135.3,1164.1,0.0,1164.1,7.6,0.0,7.6
2000-04-01,Monthly,4291.9,8917.1,13209.0,5076.4,350.6,5427.0,1309.6,0.0,1309.6,113.8,0.0,113.8,764.0,0.0,764.0,0.0,0.0,0.0
2000-05-01,Monthly,5428.1,11752.5,17180.6,7131.1,225.4,7356.5,1359.0,0.0,1359.0,347.6,0.0,347.6,1010.7,0.0,1010.7,0.0,0.0,0.0
2000-06-01,Monthly,5590.5,14790.4,20380.9,6446.3,205.8,6652.1,2071.4,0.0,2071.4,178.0,0.0,178.0,557.3,1.7,559.0,0.0,4.6,4.6
2000-07-01,Monthly,3697.2,12431.1,16128.3,6955.0,143.9,7098.9,2585.6,0.0,2585.6,243.1,0.0,243.1,824.4,0.0,824.4,19.0,0.0,19.0
2000-08-01,Monthly,4479.6,17299.7,21779.3,6140.5,109.8,6250.3,2274.9,0.0,2274.9,335.9,0.0,335.9,531.1,0.0,531.1,3.8,0.0,3.8
2000-09-01,Monthly,4292.1,18493.3,22785.4,5701.4,70.0,5771.4,2279.9,0.0,2279.9,236.8,0.0,236.8,349.1,0.0,349.1,0.0,0.0,0.0
2000-10-01,Monthly,3177.5,16383.9,19561.4,7406.7,103.0,7509.7,2505.8,0.0,2505.8,66.0,0.0,66.0,372.3,0.0,372.3,0.8,0.0,0.8
2001-01-01,Annual,25982.0,193010.7,218992.7,41750.0,66.5,41816.5,24444.0,0.0,24444.0,1337.4,0.0,1337.4,3601.3,0.0,3601.3,184.9,0.0,184.9
2001-01-01,Monthly,2606.0,17739.5,20345.5,4257.8,29.8,4287.6,1643.8,0.0,1643.8,114.8,0.0,114.8,311.2,0.0,311.2,0.0,0.0,0.0
2001-02-01,Monthly,2347.1,19689.7,22036.8,4126.8,0.0,4126.8,1706.0,0.0,1706.0,158.9,0.0,158.9,180.1,0.0,180.1,0.0,0.0,0.0
2001-03-01,Monthly,3127.0,21604.9,24731.9,4633.3,0.0,4633.3,3337.5,0.0,3337.5,68.8,0.0,68.8,741.0,0.0,741.0,0.0,0.0,0.0
2001-04-01,Monthly,2931.9,22890.0,25821.9,3906.7,0.0,3906.7,3928.3,0.0,3928.3,137.0,0.0,137.0,703.4,0.0,703.4,0.0,0.0,0.0
2001-05-01,Monthly,2760.3,18638.2,21398.5,5047.4,0.0,5047.4,2188.6,0.0,2188.6,53.4,0.0,53.4,301.7,0.0,301.7,11.6,0.0,11.6
2001-06-01,Monthly,2229.7,16170.2,18399.9,6041.3,4.2,6045.5,2041.5,0.0,2041.5,60.4,0.0,60.4,346.4,0.0,346.4,0.0,0.0,0.0
2001-07-01,Monthly,1695.4,17921.6,19617.0,3934.6,28.3,3962.9,2107.8,0.0,2107.8,202.6,0.0,202.6,303.0,0.0,303.0,13.3,0.0,13.3
2001-08-01,Monthly,1588.2,16001.0,17589.2,3067.5,0.0,3067.5,1940.6,0.0,1940.6,63.8,0.0,63.8,357.8,0.0,357.8,88.1,0.0,88.1
2001-09-01,Monthly,1757.2,11780.8,13538.0,2799.9,0.0,2799.9,1750.5,0.0,1750.5,69.1,0.0,69.1,123.5,0.0,123.5,40.1,0.0,40.1
2001-10-01,Monthly,1931.2,13336.6,15267.8,1874.7,4.2,1878.9,1891.5,0.0,1891.5,73.1,0.0,73.1,120.4,0.0,120.4,11.4,0.0,11.4
2001-11-01,Monthly,1619.8,9730.7,11350.5,1555.2,0.0,1555.2,1371.2,0.0,1371.2,229.1,0.0,229.1,62.9,0.0,62.9,20.4,0.0,20.4
2001-12-01,Monthly,1388.2,7507.5,8895.7,504.8,0.0,504.8,536.7,0.0,536.7,106.4,0.0,106.4,49.9,0.0,49.9,0.0,0.0,0.0
2002-01-01,Annual,20590.6,121730.7,142321.3,18900.8,18.2,18919.0,16332.1,0.0,16329.1,1177.8,0.0,1177.8,1110.3,19.1,1129.4,91.6,0.0,91.6
2002-01-01,Monthly,1777.1,13697.1,15474.2,1718.8,0.0,1718.8,1172.8,0.0,1172.8,86.0,0.0,86.0,43.3,0.0,43.3,0.0,0.0,0.0
2002-02-01,Monthly,1583.5,8831.0,10414.5,1740.5,0.0,1740.5,1502.9,0.0,1502.9,83.5,0.0,83.5,49.8,0.0,49.8,0.0,0.0,0.0
2002-03-01,Monthly,1517.5,13852.1,15369.6,1545.4,1.0,1546.4,1127.7,0.0,1127.7,138.4,0.0,138.4,60.8,0.0,60.8,0.0,0.0,0.0
2002-04-01,Monthly,1845.3,13479.7,15325.0,1634.7,0.0,1634.7,1151.0,0.0,1151.0,12.0,0.0,12.0,29.4,0.0,29.4,27.4,0.0,27.4
2002-05-01,Monthly,1806.9,8022.2,9829.1,1970.6,0.0,1970.6,1116.1,0.0,1116.1,138.8,0.0,138.8,130.1,0.0,130.1,3.8,0.0,3.8
2002-06-01,Monthly,1697.1,7978.9,9676.0,1637.4,8.5,1645.9,778.3,0.0,778.3,68.2,0.0,68.2,54.9,0.0,54.9,0.0,0.0,0.0
2002-07-01,Monthly,1721.4,10682.1,12403.5,1831.0,2.2,1833.2,1667.8,0.0,1667.8,169.5,0.0,169.5,152.1,19.1,171.2,52.7,0.0,52.7
2002-08-01,Monthly,1593.2,10305.0,11898.2,1400.7,0.0,1400.7,1902.8,0.0,1902.8,74.6,0.0,74.6,173.0,0.0,173.0,0.0,0.0,0.0
2002-09-01,Monthly,1781.0,8535.0,10316.0,1882.0,0.0,1882.0,1849.0,0.0,1849.0,104.0,0.0,104.0,94.0,0.0,94.0,0.0,0.0,0.0
2002-10-01,Monthly,1731.1,8430.7,10161.8,2011.6,0.0,2011.6,2048.8,0.0,2045.8,140.6,0.0,140.6,84.6,0.0,84.6,3.8,0.0,3.8
2002-11-01,Monthly,1584.6,8363.0,9947.6,1124.7,6.5,1131.2,1383.4,0.0,1383.4,99.4,0.0,99.4,139.3,0.0,139.3,3.9,0.0,3.9
2002-12-01,Monthly,1951.9,9553.9,11505.8,403.4,0.0,403.4,631.5,0.0,631.5,62.8,0.0,62.8,99.0,0.0,99.0,0.0,0.0,0.0
2003-01-01,Annual,29672.1,148797.1,178469.2,11813.0,0.0,11813.0,27735.5,0.0,27735.5,3234.9,0.0,3234.9,8148.7,82.2,8230.9,104.9,0.0,104.9
2003-01-01,Monthly,1824.0,10143.7,11967.7,846.6,0.0,846.6,1847.8,0.0,1847.8,139.1,0.0,139.1,230.9,0.0,230.9,0.0,0.0,0.0
2003-02-01,Monthly,1364.0,9779.0,11143.0,991.0,0.0,991.0,1451.0,0.0,1451.0,290.0,0.0,290.0,119.0,0.0,119.0,0.0,0.0,0.0
2003-03-01,Monthly,2561.2,10034.7,12595.9,1087.0,0.0,1087.0,1815.9,0.0,1815.9,146.0,0.0,146.0,348.9,0.0,348.9,57.0,0.0,57.0
2003-04-01,Monthly,2067.2,13473.6,15540.8,978.5,0.0,978.5,2130.5,0.0,2130.5,87.6,0.0,87.6,357.3,82.2,439.5,7.6,0.0,7.6
2003-05-01,Monthly,2422.9,14261.9,16684.8,1028.8,0.0,1028.8,2237.9,0.0,2237.9,182.0,0.0,182.0,531.9,0.0,531.9,13.3,0.0,13.3
2003-06-01,Monthly,2543.7,13615.6,16159.3,773.7,0.0,773.7,2291.4,0.0,2291.4,132.0,0.0,132.0,850.3,0.0,850.3,0.0,0.0,0.0
2003-07-01,Monthly,2966.9,12501.6,15468.5,1166.9,0.0,1166.9,3123.7,0.0,3123.7,518.1,0.0,518.1,846.3,0.0,846.3,11.8,0.0,11.8
2003-08-01,Monthly,2239.3,13231.6,15470.9,934.9,0.0,934.9,2723.9,0.0,2723.9,362.8,0.0,362.8,1014.7,0.0,1014.7,7.6,0.0,7.6
2003-09-01,Monthly,2720.0,12130.7,14850.7,1159.2,0.0,1159.2,2615.9,0.0,2615.9,407.9,0.0,407.9,652.1,0.0,652.1,0.0,0.0,0.0
2003-10-01,Monthly,3396.1,14570.6,17966.7,1019.3,0.0,1019.3,2581.2,0.0,2581.2,262.7,0.0,262.7,1152.6,0.0,1152.6,0.0,0.0,0.0
2003-11-01,Monthly,2689.1,11661.1,14350.2,866.6,0.0,866.6,2740.6,0.0,2740.6,415.0,0.0,415.0,1122.4,0.0,1122.4,7.6,0.0,7.6
2003-12-01,Monthly,2877.7,13393.0,16270.7,960.5,0.0,960.5,2175.7,0.0,2175.7,291.7,0.0,291.7,922.3,0.0,922.3,0.0,0.0,0.0
2004-01-01,Annual,54960.0,228583.8,283543.8,13299.4,0.0,13299.4,45398.7,0.0,45398.7,50955.5,0.0,50955.5,19618.0,0.0,19618.0,43.8,0.0,43.8
2004-01-01,Monthly,2699.5,13594.5,16294.0,1033.6,0.0,1033.6,2069.4,0.0,2069.4,1674.0,0.0,1674.0,3311.8,0.0,3311.8,0.0,0.0,0.0
2004-02-01,Monthly,2321.0,15208.1,17529.1,1627.8,0.0,1627.8,2827.3,0.0,2827.3,2738.5,0.0,2738.5,1806.5,0.0,1806.5,0.0,0.0,0.0
2004-03-01,Monthly,3556.0,20241.6,23797.6,1584.2,0.0,1584.2,3477.7,0.0,3477.7,1304.4,0.0,1304.4,2343.9,0.0,2343.9,0.0,0.0,0.0
2004-04-01,Monthly,3775.7,20941.9,24717.6,1132.0,0.0,1132.0,5025.5,0.0,5025.5,4687.2,0.0,4687.2,1791.9,0.0,1791.9,0.0,0.0,0.0
2004-05-01,Monthly,2886.5,16084.4,18970.9,2157.5,0.0,2157.5,4293.2,0.0,4293.2,3255.7,0.0,3255.7,1388.4,0.0,1388.4,4.9,0.0,4.9
2004-06-01,Monthly,2705.2,16534.6,19239.8,1823.0,0.0,1823.0,5329.1,0.0,5329.1,9277.6,0.0,9277.6,2127.1,0.0,2127.1,22.8,0.0,22.8
2004-07-01,Monthly,3155.9,15526.2,18682.1,1315.1,0.0,1315.1,6156.7,0.0,6156.7,13662.7,0.0,13662.7,2037.4,0.0,2037.4,11.4,0.0,11.4
2004-08-01,Monthly,4759.5,18250.9,23010.4,943.3,0.0,943.3,4721.9,0.0,4721.9,8709.2,0.0,8709.2,1229.1,0.0,1229.1,0.0,0.0,0.0
2004-09-01,Monthly,7663.8,24156.0,31819.8,566.7,0.0,566.7,3191.2,0.0,3191.2,1562.4,0.0,1562.4,1080.1,0.0,1080.1,4.7,0.0,4.7
2004-10-01,Monthly,7280.8,21509.9,28790.7,585.4,0.0,585.4,2922.3,0.0,2922.3,2437.5,0.0,2437.5,972.6,0.0,972.6,0.0,0.0,0.0
2004-11-01,Monthly,6879.1,18599.3,25478.4,210.1,0.0,210.1,2461.4,0.0,2461.4,507.3,0.0,507.3,822.0,0.0,822.0,0.0,0.0,0.0
2004-12-01,Monthly,7277.0,27936.4,35213.4,320.7,0.0,320.7,2923.0,0.0,2923.0,1139.0,0.0,1139.0,707.2,0.0,707.2,0.0,0.0,0.0
2005-01-01,Annual,236014.410676,367474.4709056304,603488.8815816303,5340.396692,58.815,5399.211692000001,23398.50438,341.79,23740.29438,3837.200424878399,0.0,3837.200424878399,11247.78094344,18.895,11266.675943440001,81.7690455476,2.65797781243,84.42702336003
2005-01-01,Monthly,12363.832,39196.783,51560.615000000005,421.42,0.0,421.42,734.92,0.0,734.92,430.075,0.0,430.075,1377.332,0.0,1377.332,0.0,1.1857,1.1857
2005-02-01,Monthly,9241.372,21582.1,30823.471999999998,312.55,0.0,312.55,1362.68,0.0,1362.68,291.601536,0.0,291.601536,1023.683,0.0,1023.683,11.78,0.0,11.78
2005-03-01,Monthly,14992.254,29940.58,44932.834,479.75,0.0,479.75,3334.2492,0.0,3334.2492,465.717217,0.0,465.717217,1475.879,0.0,1475.879,24.32,0.0,24.32
2005-04-01,Monthly,9906.771,27658.4064,37565.1774,528.39,0.0,528.39,1587.944,0.0,1587.944,389.657947,0.0,389.657947,537.662076,0.0,537.662076,21.66,0.0,21.66
2005-05-01,Monthly,15457.801,31049.42,46507.221,300.162,0.0,300.162,2231.265,0.0,2231.265,337.902,0.0,337.902,964.125,0.0,964.125,0.0,0.0,0.0
2005-06-01,Monthly,12616.836,33246.846,45863.682,569.24,0.0,569.24,2684.32,304.0,2988.32,360.46,0.0,360.46,1321.393,0.0,1321.393,0.0,0.0,0.0
2005-07-01,Monthly,35569.103,31741.996,67311.099,817.15,2.195,819.345,2191.532,0.0,2191.532,358.785,0.0,358.785,739.086,0.0,739.086,1.975,0.0,1.975
2005-08-01,Monthly,28545.812,33387.79,61933.602,397.794,0.0,397.794,3012.189,0.0,3012.189,335.759,0.0,335.759,541.493,0.0,541.493,13.126,0.897,14.023
2005-09-01,Monthly,22980.018336,33312.388955999995,56292.407291999996,426.79395,0.0,426.79395,1831.9164600000001,0.0,1831.9164600000001,262.901907576,0.0,262.901907576,753.0793380000001,0.0,753.0793380000001,1.3520455476,0.0,1.3520455476
2005-10-01,Monthly,30850.462720000003,34504.23592000001,65354.69864000001,301.46270000000004,37.73,339.19270000000006,2000.21822,0.0,2000.21822,199.39289610240002,0.0,199.39289610240002,1015.95571,0.0,1015.95571,0.0,0.0,0.0
2005-11-01,Monthly,23714.50986,23670.76244963034,47385.27230963034,341.9995,0.0,341.9995,1070.5907,37.79,1108.3807,173.3483985,0.0,173.3483985,390.42458854,18.895,409.31958854,0.0,0.57527781243,0.57527781243
2005-12-01,Monthly,19775.63876,28183.162180000003,47958.80094,443.68454199999996,18.89,462.57454199999995,1356.6798000000001,0.0,1356.6798000000001,231.5995227,0.0,231.5995227,1107.6682309,0.0,1107.6682309,7.556,0.0,7.556
2006-01-01,Annual,458781.2841405985,407697.51557774085,866478.7997183395,9736.002374705422,4169.0610418624265,13905.063416567848,26800.047426799978,36.2897264054964,26836.337153205477,4818.785360487926,24.159062084200002,4842.944422572125,13712.749145515356,90.81100665465001,13803.560152170006,73.7775067863266,0.0,73.7775067863266
2006-01-01,Monthly,39533.06167986037,31803.2039778125,71336.26565767288,450.75031249999995,0.0,450.75031249999995,1103.9817187499998,0.0,1103.9817187499998,299.7692481445313,0.0,299.7692481445313,565.424682556375,0.0,565.424682556375,0.0,0.0,0.0
2006-02-01,Monthly,31789.189780799996,37180.702938719995,68969.89271952,371.33071199999995,0.0,371.33071199999995,1400.6922539999998,0.0,1400.6922539999998,187.36540940711998,0.0,187.36540940711998,458.55752656140004,0.0,458.55752656140004,0.0,0.0,0.0
2006-03-01,Monthly,36947.308005617095,45092.203418159996,82039.51142377709,562.4068560000001,0.0,562.4068560000001,966.98412,0.0,966.98412,169.768789323,0.0,169.768789323,427.02305500008003,0.0,427.02305500008003,0.0,0.0,0.0
2006-04-01,Monthly,43776.71289278295,31860.846531600004,75637.55942438295,421.87017971560954,0.0,421.87017971560954,943.5501600000001,0.0,943.5501600000001,336.36874588200004,0.0,336.36874588200004,719.2586609982,0.0,719.2586609982,15.383970000000001,0.0,15.383970000000001
2006-05-01,Monthly,71474.54971429352,41028.9438982,112503.49361249352,582.80248,0.0,582.80248,1214.8074173512682,0.0,1214.8074173512682,429.16736848635,0.0,429.16736848635,860.5539273391,0.0,860.5539273391,2.8923200000000002,0.0,2.8923200000000002
2006-06-01,Monthly,36900.43637273403,37443.27081978,74343.70719251403,575.01878,0.0,575.01878,2043.2211898,0.0,2043.2211898,360.745185306128,0.0,360.745185306128,1495.67981771628,13.9327416648,1509.61255938108,9.15635,0.0,9.15635
2006-07-01,Monthly,33694.46168930839,35888.054962,69582.5166513084,569.2349055491861,0.0,569.2349055491861,2491.837607699857,0.0,2491.837607699857,610.04374539642,6.764734369,616.8084797654201,1444.996838496077,60.532009049850004,1505.5288475459272,14.307969,0.0,14.307969
2006-08-01,Monthly,33043.73709341284,37603.82400758785,70647.5611010007,1668.878891202936,3463.7690490023037,5132.64794020524,2765.162191976016,0.0,2765.162191976016,601.1842715423999,6.9436852799999995,608.1279568223998,1175.062284144,16.34625594,1191.408540084,0.0,0.0,0.0
2006-09-01,Monthly,32037.17846925011,33042.446758,65079.62522725011,1162.6141437209972,0.0,1162.6141437209972,3945.579161462198,0.0,3945.579161462198,430.88678816015994,0.0,430.88678816015994,1680.9564472576199,0.0,1680.9564472576199,11.2768468,0.0,11.2768468
2006-10-01,Monthly,32932.34266120223,23806.221913880552,56738.56457508278,909.7046201650106,294.2900641091562,1203.994684274167,4239.740656405496,36.2897264054964,4276.030382810993,539.2387913482561,0.0,539.2387913482561,1568.1906607052401,0.0,1568.1906607052401,8.8815690179714,0.0,8.8815690179714
2006-11-01,Monthly,33417.89349433699,32449.30616,65867.19965433699,1650.4649577462144,411.0019287509664,2061.466886497181,2990.8429813551425,0.0,2990.8429813551425,534.7245379344,10.4506424352,545.1751803696001,2455.83351021824,0.0,2455.83351021824,11.295904,0.0,11.295904
2006-12-01,Monthly,33234.41228700001,20498.490192,53732.90247900001,810.9255361054674,0.0,810.9255361054674,2693.6479679999998,0.0,2693.6479679999998,319.52247955716007,0.0,319.52247955716007,861.2117345227441,0.0,861.2117345227441,0.5825779683552,0.0,0.5825779683552
2007-01-01,Annual,679512.2163697622,476777.32248926535,1156289.5388590277,23464.4926075596,176.68672852089017,23641.17933608049,28929.340704574708,0.0,28929.340704574708,14329.227371387655,0.0,14329.227371387655,17232.213054454634,0.0,17232.213054454634,770.1740591756644,0.0,770.1740591756644
2007-01-01,Monthly,37934.655960768134,27801.303038475322,65735.95899924345,1302.6748100018688,0.0,1302.6748100018688,2862.0989637524926,0.0,2862.0989637524926,900.5603970110412,0.0,900.5603970110412,1290.5783271198718,0.0,1290.5783271198718,2.2441518300095997,0.0,2.2441518300095997
2007-02-01,Monthly,42267.05481157584,26304.0762,68571.13101157584,1176.174987917303,125.37131681198159,1301.5463047292847,2463.4589794739404,0.0,2463.4589794739404,1168.164247132736,0.0,1168.164247132736,1625.7260706136158,0.0,1625.7260706136158,48.95408,0.0,48.95408
2007-03-01,Monthly,54148.84223693241,39597.80005410484,93746.64229103725,2138.1684490151606,0.0,2138.1684490151606,3056.5720042000003,0.0,3056.5720042000003,825.8120683444174,0.0,825.8120683444174,721.6674718588681,0.0,721.6674718588681,254.96830908381588,0.0,254.96830908381588
2007-04-01,Monthly,47284.46936185935,41231.97272657151,88516.44208843086,1191.894726895317,0.0,1191.894726895317,1951.29771432147,0.0,1951.29771432147,839.5960022192019,0.0,839.5960022192019,1178.99026119,0.0,1178.99026119,422.459495933985,0.0,422.459495933985
2007-05-01,Monthly,74635.39201277,41024.377420200006,115659.76943297,1500.642376,0.0,1500.642376,2491.8291174,0.0,2491.8291174,1636.8889117156,0.0,1636.8889117156,1724.3901139288,0.0,1724.3901139288,24.675522327854,0.0,24.675522327854
2007-06-01,Monthly,66413.25651461347,44635.95073725,111049.20725186347,3082.7279718248674,0.0,3082.7279718248674,2598.2467515,0.0,2598.2467515,1708.1227136413734,0.0,1708.1227136413734,1548.1837276337762,0.0,1548.1837276337762,0.0,0.0,0.0
2007-07-01,Monthly,66043.1523269224,45555.06,111598.2123269224,2839.3759999999997,0.0,2839.3759999999997,4280.2272268895995,0.0,4280.2272268895995,1720.659792,0.0,1720.659792,2875.48647808,0.0,2875.48647808,0.0,0.0,0.0
2007-08-01,Monthly,80998.43572898961,56616.900694464,137615.3364234536,1775.2280678,0.0,1775.2280678,2287.359954,0.0,2287.359954,517.0094833425642,0.0,517.0094833425642,1420.5258052122706,0.0,1420.5258052122706,0.0,0.0,0.0
2007-09-01,Monthly,46179.28593004027,43571.237088431364,89750.52301847163,2598.637085483829,0.0,2598.637085483829,2154.4692989,0.0,2154.4692989,1978.7190966360001,0.0,1978.7190966360001,1977.8956534000001,0.0,1977.8956534000001,0.0,0.0,0.0
2007-10-01,Monthly,58304.40005524695,34008.56353020181,92312.96358544877,1601.77631453946,0.0,1601.77631453946,1727.744,0.0,1727.744,992.6882192879999,0.0,992.6882192879999,1176.9628602357893,0.0,1176.9628602357893,16.8725,0.0,16.8725
2007-11-01,Monthly,64940.52629971489,36211.49077456652,101152.01707428141,2328.9797380817945,51.315411708908584,2380.295149790703,1893.575504137209,0.0,1893.575504137209,1481.4048906567205,0.0,1481.4048906567205,1047.4528203265672,0.0,1047.4528203265672,0.0,0.0,0.0
2007-12-01,Monthly,40362.74513032883,40218.590225,80581.33535532883,1928.2120799999998,0.0,1928.2120799999998,1162.46119,0.0,1162.46119,559.6015494,0.0,559.6015494,644.3534648550745,0.0,644.3534648550745,0.0,0.0,0.0
2008-01-01,Annual,888599.7859899999,749240.74567,1637840.53165,14947.963910399998,138.52175577699998,15086.4856674,15476.2316308,12.929419294,15489.161050100001,10693.1338261,227.26969561,10920.4035218,26628.5426029,2.28458765,26630.8271909,338.20141838499995,0.0,338.20141838499995
2008-01-01,Monthly,87003.28,42727.48,129730.76,672.2,,672.2,1260.87,,1260.87,817.44,,817.44,1354.68,,1354.68,26.14,,26.14
2008-02-01,Monthly,70363.08266,45624.02752,115987.1102,1194.559734,0.0,1194.559734,1278.503312,0.0,1278.503312,514.1986005,42.46955896,556.6681594,1662.900633,0.0,1662.900633,33.14588734,0.0,33.14588734
2008-03-01,Monthly,79781.94704,60350.33501,140132.2821,1340.205189,0.0,1340.205189,1149.367105,0.0,1149.367105,867.601783,42.70760375,910.3093868,1056.703665,0.0,1056.703665,76.4036129,0.0,76.4036129
2008-04-01,Monthly,78840.25631,66822.54624,145662.8025,2110.027537,84.74616387,2194.773701,923.4850237,0.0,923.4850237,1601.979159,0.0,1601.979159,1953.210781,0.0,1953.210781,89.33850625,0.0,89.33850625
2008-05-01,Monthly,93641.98044,66780.05036,160422.0308,1183.60608,0.0,1183.60608,1256.54772,0.0,1256.54772,1141.236386,142.0925329,1283.328919,1952.550674,0.0,1952.550674,0.61222562,0.0,0.61222562
2008-06-01,Monthly,66047.60561,75106.21739,141153.823,894.6822721,0.0,894.6822721,1785.734644,0.0,1785.734644,1505.897378,0.0,1505.897378,2750.405376,0.0,2750.405376,0.0,0.0,0.0
2008-07-01,Monthly,65515.67096,79331.03291,144846.7039,1439.117069,27.28768464,1466.404754,2515.897837,0.0,2515.897837,1152.316761,0.0,1152.316761,3894.261474,0.0,3894.261474,9.751669355,0.0,9.751669355
2008-08-01,Monthly,93083.30696,73956.75707,167040.064,1360.517915,5.900269457,1366.418185,1575.698848,0.0,1575.698848,1118.59924,0.0,1118.59924,5624.445862,0.0,5624.445862,16.64879032,0.0,16.64879032
2008-09-01,Monthly,81325.25391,64198.13792,145523.3918,569.2339519,0.0,569.2339519,1642.309963,0.0,1642.309963,1044.034551,0.0,1044.034551,2730.440845,0.0,2730.440845,44.77113333,0.0,44.77113333
2008-10-01,Monthly,86450.64061,68186.80148,154637.4421,1050.033577,0.0,1050.033577,1014.276545,0.0,1014.276545,219.721997,0.0,219.721997,971.2869994,0.0,971.2869994,41.38959327,0.0,41.38959327
2008-11-01,Monthly,46313.46148,49042.9933,95356.45478,2202.454508,20.58763781,2223.042146,849.1391685,11.15623381,860.2954023,230.1529002,0.0,230.1529002,1789.517506,2.28458765,1791.802094,0.0,0.0,0.0
2008-12-01,Monthly,40233.30001,57114.36647,97347.66647,931.3260774,0.0,931.3260774,224.4014646,1.773185484,226.1746501,479.9550704,0.0,479.9550704,888.1387875,0.0,888.1387875,0.0,0.0,0.0
2009-01-01,Annual,624590.0516975963,614733.2750146448,1239323.3267122414,19581.88964798076,725.4850574562104,20307.37470543697,5665.177971775437,85.56397123092151,5750.741943006357,2809.145130906769,163.13856766165074,2972.2836985684194,10255.216695580837,154.6005844713909,10409.817280052228,91.10955340411056,0.0,91.10955340411056
2009-01-01,Monthly,41575.24590799036,53784.21501750929,95359.46092549965,886.9050306560038,0.0,886.9050306560038,540.9719850806453,65.95697580645162,606.9289608870969,98.46059004499483,0.0,98.46059004499483,1041.3853378734293,0.0,1041.3853378734293,0.0,0.0,0.0
2009-02-01,Monthly,42235.762521565186,48808.217558246826,91043.98007981201,1324.8854797474469,0.0,1324.8854797474469,873.4533598214288,18.170446428571434,891.6238062500001,305.05317695280047,0.0,305.05317695280047,1647.9133264526247,0.0,1647.9133264526247,47.24316071428572,0.0,47.24316071428572
2009-03-01,Monthly,63277.76962261273,57149.506626790564,120427.2762494033,2146.181203105032,7.060870830699311,2153.2420739357317,826.9287858497622,1.1297165237860345,828.0585023735482,73.4875141754804,0.0,73.4875141754804,1538.4949450526483,0.1016712643537188,1538.596616317002,36.79603448275862,0.0,36.79603448275862
2009-04-01,Monthly,62072.77311966998,48358.14998553588,110430.92310520586,1167.2114965316057,12.572246698951654,1179.7837432305573,290.5345865657337,0.30683247211241377,290.84141903784615,134.48644995496977,52.989144978317476,187.47559493328725,597.143279990857,0.3832953975023542,597.5265753883593,0.0,0.0,0.0
2009-05-01,Monthly,59154.94062125635,46430.582371988225,105585.52299324458,1253.0136453627254,3.6182850342348396,1256.6319303969601,239.48948627578847,0.0,239.48948627578847,204.3731735305344,0.0,204.3731735305344,494.55031381843514,0.12738398965993758,494.6776978080951,0.0,0.0,0.0
2009-06-01,Monthly,55653.086010242274,50491.588694588696,106144.67470483098,1174.384433702053,1.3952492451079248,1175.7796829471608,462.6334626246628,0.0,462.6334626246628,309.1004791922901,0.0,309.1004791922901,1210.3316670579402,0.3799720065603,1210.7116390645006,0.08127487373287498,0.0,0.08127487373287498
2009-07-01,Monthly,55098.51219080576,53537.38593625691,108635.89812706268,1956.3744872579728,346.32720080641656,2302.701688064389,338.64086789730703,0.0,338.64086789730703,180.0075997069867,0.0,180.0075997069867,705.6258198104201,0.0,705.6258198104201,0.0,0.0,0.0
2009-08-01,Monthly,38709.21659490573,65271.78565147521,103981.00224638094,2274.3736654638433,0.0,2274.3736654638433,647.9688682458349,0.0,647.9688682458349,316.85432335146857,0.0,316.85432335146857,790.4011670200521,112.93058537220347,903.3317523922556,0.0,0.0,0.0
2009-09-01,Monthly,46563.18680525528,40181.276703212345,86744.46350846763,1224.3500879434023,319.10233948823594,1543.4524274316382,424.1499947916668,0.0,424.1499947916668,338.8781903656792,0.0,338.8781903656792,707.1254731236104,40.677676441111124,747.8031495647215,6.989083333333336,0.0,6.989083333333336
2009-10-01,Monthly,65040.68619657417,47879.55860427403,112920.2448008482,1421.150809119914,18.726583333333323,1439.8773924532472,689.7517577252905,0.0,689.7517577252905,356.91166684967067,110.14942268333326,467.06108953300395,476.71881295629225,0.0,476.71881295629225,0.0,0.0,0.0
2009-11-01,Monthly,49896.55991423817,37303.52561655899,87200.08553079717,2162.6965869181868,0.0,2162.6965869181868,179.28313584638983,0.0,179.28313584638983,316.68443359374993,0.0,316.68443359374993,528.0667542574479,0.0,528.0667542574479,0.0,0.0,0.0
2009-12-01,Monthly,45312.31219248034,65537.48224820787,110849.79444068822,2590.362722172573,16.682282019230772,2607.0450041918034,151.3716810509268,0.0,151.3716810509268,174.84753318814353,0.0,174.84753318814353,517.4597981670792,0.0,517.4597981670792,0.0,0.0,0.0
2010-01-01,Annual,734624.4757872436,814605.4107485651,1549229.886535809,14730.66379726177,501.0611268079707,15231.72492406974,2312.800016410113,0.0,2312.800016410113,2296.164835477492,4.854948686389029,2301.019784163881,17118.432287497126,4.431766488101041,17122.864053985228,25.76187500287051,0.0,25.76187500287051
2010-01-01,Monthly,67536.06463178484,69903.38807528949,137439.45270707435,2109.2672241961895,0.0,2109.2672241961895,186.15572763731345,0.0,186.15572763731345,221.70575935580555,0.6838549023929844,222.38961425819855,416.6914069177348,0.0,416.6914069177348,10.183886907632415,0.0,10.183886907632415
2010-02-01,Monthly,42348.03639624365,49861.46057045977,92209.49696670342,2237.714647884445,85.36944444444443,2323.0840923288897,117.10462882731443,0.0,117.10462882731443,167.11869088541667,1.3369495270833331,168.4556404125,441.3270162198781,0.0,441.3270162198781,0.0,0.0,0.0
2010-03-01,Monthly,70758.89773517707,83530.2375050278,154289.13524020487,1649.7109329885889,0.0,1649.7109329885889,311.33460629639075,0.0,311.33460629639075,20.952485632555657,1.0013135308270324,21.95379916338269,297.7946885518004,0.0,297.7946885518004,0.0,0.0,0.0
2010-04-01,Monthly,70611.9055763668,57236.95594663765,127848.86152300445,1443.8560690618983,0.0,1443.8560690618983,630.7319310262799,0.0,630.7319310262799,141.58015700295067,1.474588498155992,143.05474550110665,1323.1834173317154,0.0,1323.1834173317154,0.0,0.0,0.0
2010-05-01,Monthly,81756.48422748297,70249.54788936414,152006.0321168471,2711.136286434533,0.0,2711.136286434533,138.4780884632626,0.0,138.4780884632626,88.85601393416012,0.35824222792968735,89.21425616208981,1748.981043120766,3.6869283543093743,1752.6679714750753,0.0,0.0,0.0
2010-06-01,Monthly,64750.49499004412,62042.8056366892,126793.30062673331,650.2035829589643,0.0,650.2035829589643,127.31594318181817,0.0,127.31594318181817,87.83230038897369,0.0,87.83230038897369,1589.5057245246385,0.0,1589.5057245246385,0.0,0.0,0.0
2010-07-01,Monthly,51412.67394009697,60199.23423899582,111611.90817909279,461.39523964967594,0.0,461.39523964967594,146.266148437415,0.0,146.266148437415,225.00128647487122,0.0,225.00128647487122,1041.7738808099107,0.0,1041.7738808099107,0.0,0.0,0.0
2010-08-01,Monthly,45514.69344206189,81707.9078542089,127222.60129627079,607.8724451400004,58.65551089339357,666.527956033394,141.14831217615762,0.0,141.14831217615762,234.7868909371377,0.0,234.7868909371377,1248.8847557989604,0.0,1248.8847557989604,0.0,0.0,0.0
2010-09-01,Monthly,62123.92198658102,80020.05627566094,142143.97826224196,567.1957359400274,64.73077910108509,631.9265150411125,53.88164499078613,0.0,53.88164499078613,272.7511790192398,0.0,272.7511790192398,1096.6234726931007,0.0,1096.6234726931007,0.0,0.0,0.0
2010-10-01,Monthly,58807.14796677493,69884.40372734952,128691.55169412444,1298.0285766819377,48.75592410714287,1346.7845007890805,166.51092477863037,0.0,166.51092477863037,525.8355889484822,0.0,525.8355889484822,3211.1844916268974,0.0,3211.1844916268974,0.0,0.0,0.0
2010-11-01,Monthly,67353.34557030271,74893.51871364357,142246.86428394628,437.94999273639314,242.76736647619052,680.7173592125837,154.38393628639554,0.0,154.38393628639554,163.26096632905507,0.0,163.26096632905507,2506.512320678402,0.7448381337916667,2507.2571588121937,15.577988095238098,0.0,15.577988095238098
2010-12-01,Monthly,51650.80932432665,55075.894315238336,106726.70363956498,556.3330635891156,0.7821017857142858,557.1151653748299,139.48812430834923,0.0,139.48812430834923,146.48351656884373,0.0,146.48351656884373,2195.970069223323,0.0,2195.970069223323,0.0,0.0,0.0
2011-01-01,Annual,993660.5146493718,984137.3932365156,1977797.9078858874,7640.325210249979,114.76273436663509,7755.087944616615,1325.4070973177159,135.51158860413668,1460.9186859218528,1483.2888093357908,114.35358993946967,1597.6423992752605,22656.659096245,6033.545692151446,28690.20478839644,75.58451053800741,0.0,75.58451053800741
2011-01-01,Monthly,52533.17741517034,64671.34566053168,117204.52307570202,416.00180144721753,45.63410878157249,461.63591022879,150.69919231886283,0.0,150.69919231886283,164.0892719678828,55.45185505820313,219.54112702608595,1551.8425782235227,0.0,1551.8425782235227,12.688341968277498,0.0,12.688341968277498
2011-02-01,Monthly,43589.506576225554,48254.85767010527,91844.36424633084,226.29082621688812,36.9864984375,263.2773246543881,50.19275446380844,22.11264899032406,72.3054034541325,23.18838077976562,0.0,23.18838077976562,1394.1681517215088,0.0,1394.1681517215088,0.0,0.0,0.0
2011-03-01,Monthly,71189.06007301703,93943.86908718095,165132.92916019796,640.9512484913408,3.9478710869565212,644.8991195782974,153.06210465297838,0.0,153.06210465297838,137.56009333729125,58.90173488126654,196.4618282185578,1562.7852909690437,0.0,1562.7852909690437,0.6073647826086955,0.0,0.6073647826086955
2011-04-01,Monthly,111449.43949989657,105115.69875481781,216565.13825471437,913.7026858798012,0.0,913.7026858798012,62.581280780801194,0.0,62.581280780801194,36.420675449904365,0.0,36.420675449904365,2602.739502675576,0.0,2602.739502675576,15.364964285714285,0.0,15.364964285714285
2011-05-01,Monthly,97119.0871992279,86644.52264363051,183763.6098428584,672.0515606620364,0.0,672.0515606620364,164.94275558337438,0.0,164.94275558337438,150.37291633732386,0.0,150.37291633732386,2242.264662461367,825.2534223767251,3067.5180848380924,1.7476299000000002,0.0,1.7476299000000002
2011-06-01,Monthly,86687.83244810982,78544.1902906303,165232.02273874014,626.5741169679679,1.9693389772727268,628.5434559452407,215.57271241598485,9.412290399186043,224.9850028151709,135.35422599248975,0.0,135.35422599248975,2772.433151733918,5004.655641380586,7777.0887931145035,6.059504545454544,0.0,6.059504545454544
2011-07-01,Monthly,83912.66777281527,87844.32608217139,171756.99385498668,211.3547924020037,0.0,211.3547924020037,82.78313990399614,0.0,82.78313990399614,99.69537980232857,0.0,99.69537980232857,2551.776715937575,25.695278709795918,2577.4719946473706,14.975035714285715,0.0,14.975035714285715
2011-08-01,Monthly,94590.66028326105,78005.2922369348,172595.95252019586,421.3329939897678,9.254378333333335,430.58737232310114,65.1468544429165,0.0,65.1468544429165,82.82780450907246,0.0,82.82780450907246,1552.3741644913086,47.036458267420656,1599.4106227587292,22.986681666666673,0.0,22.986681666666673
2011-09-01,Monthly,116950.02557986473,86179.34206610122,203129.36764596595,412.31143886642417,16.97053875,429.2819776164242,68.33422500504713,103.98664921462658,172.32087421967373,126.58595741992855,0.0,126.58595741992855,1082.1551272069123,29.683161613743756,1111.838288820656,0.49368839999999997,0.0,0.49368839999999997
2011-10-01,Monthly,92882.08338828484,89159.2210185741,182041.30440685892,893.8402462485806,0.0,893.8402462485806,181.84342481108405,0.0,181.84342481108405,103.2259363338566,0.0,103.2259363338566,2200.2004287370983,30.08321548785001,2230.283644224948,0.21981977500000002,0.0,0.21981977500000002
2011-11-01,Monthly,80078.42455886873,78841.95863650064,158920.3831953694,1058.2638386947551,0.0,1058.2638386947551,60.4341747319365,0.0,60.4341747319365,33.4668943098875,0.0,33.4668943098875,1952.4235435885382,29.962220336125004,1982.3857639246633,0.4414795000000001,0.0,0.4414795000000001
2011-12-01,Monthly,62678.54985463007,86932.76908933686,149611.31894396694,1147.6496603831963,0.0,1147.6496603831963,69.8144782069256,0.0,69.8144782069256,390.5012730960594,0.0,390.5012730960594,1191.4957784986275,41.17629397919997,1232.6720724778274,0.0,0.0,0.0
2012-01-01,Annual,849092.6175371773,1211812.9322768229,2060905.5498140005,7099.118131602549,4233.697504954446,11332.815636556994,2647.925207910815,155.6781132142857,2803.603321125101,3911.4502763496416,190.00003409718738,4101.4503104468295,16256.119776173406,1036.4866025320812,17292.506378705486,32.97054589900889,0.0,32.97054589900889
2012-01-01,Monthly,63869.79873285629,78348.70716091912,142218.5058937754,528.0959184978168,0.0,528.0959184978168,74.98682389265156,0.0,74.98682389265156,377.4186517401108,0.0,377.4186517401108,691.4745580250741,88.35093259778391,779.825490622858,0.7783947368421051,0.0,0.7783947368421051
2012-02-01,Monthly,72528.58961416098,78031.81455287371,150560.4041670347,669.0087165046413,93.73125555555555,762.7399720601968,216.5413097828373,0.0,216.5413097828373,56.75666689769999,0.0,56.75666689769999,853.9061553777606,16.024886729382715,869.9310421071433,3.537599,0.0,3.537599
2012-03-01,Monthly,87892.64642782319,112608.78918943359,200501.4356172568,1012.7290217622021,29.10694343181818,1041.8359651940202,248.6725568515395,0.0,248.6725568515395,102.7715160494194,110.8178560307851,213.5893720802045,1326.6538415906452,44.26852224431818,1370.9223638349633,0.4566511363636363,0.0,0.4566511363636363
2012-04-01,Monthly,60277.98579849334,96065.41557087212,156343.40136936546,405.6768110043288,0.0,405.6768110043288,388.90472387349143,0.0,388.90472387349143,352.26366219570383,0.0,352.26366219570383,1077.3638840647097,80.61917491031745,1157.9830589750272,0.0,0.0,0.0
2012-05-01,Monthly,76634.93092803343,106724.31716077386,183359.24808880728,868.235183421465,0.29203248039867047,868.5272159018637,204.5607501058575,0.0,204.5607501058575,327.0196126700383,0.0,327.0196126700383,1661.3009690503852,66.44117149785848,1727.7421405482437,1.5514852272727273,0.0,1.5514852272727273
2012-06-01,Monthly,73188.57877903817,100845.81459726347,174034.39337630162,627.3988251528679,63.746498282024994,691.1453234348928,497.3336248238521,152.5902857142857,649.9239105381378,232.96917090111563,74.16251195918366,307.1316828602993,2139.763501877371,66.58718493627042,2206.350686813641,0.6357928571428572,0.0,0.6357928571428572
2012-07-01,Monthly,78456.50802585782,119788.87294546148,198245.3809713193,703.5269923363471,652.323956818182,1355.8509491545292,119.58695999019253,0.0,119.58695999019253,564.6068577022035,0.0,564.6068577022035,1795.94136727215,68.2535131649494,1864.1948804370995,5.385870454545456,0.0,5.385870454545456
2012-08-01,Monthly,64507.480317799425,140062.86012769007,204570.3404454895,449.5884639815352,362.71902273144536,812.3074867129806,46.618119034906684,1.5585837500000004,48.17670278490668,404.20460959526133,0.0,404.20460959526133,1745.8659835338772,444.0419297772212,2189.907913311098,0.9351502500000002,0.0,0.9351502500000002
2012-09-01,Monthly,76795.9466158558,105979.3206995962,182775.267315452,469.62700539526105,732.391634189025,1202.0186395842861,71.05574760362194,0.0,71.05574760362194,585.2854431895129,0.0,585.2854431895129,1408.2750144645597,37.61565098585527,1445.8906654504149,17.877904736842105,0.0,17.877904736842105
2012-10-01,Monthly,78753.5,94655.8,173409.3,694.2,1679.8,2374.0,310.1,0.0,310.1,207.4,2.0,209.4,1225.4,47.4,1272.8,1.2,0.0,1.2
2012-11-01,Monthly,61030.55229725903,78356.9202719393,139387.47256919835,337.33119354608374,159.4861614659962,496.81735501207993,103.26459195186465,1.5292437500000005,104.79383570186465,329.75408540857563,3.019666107218621,332.77375151579423,1240.874500916874,58.68363568812423,1299.5581366049983,0.6116975000000002,0.0,0.6116975000000002
2013-01-01,Annual,969135.7856716833,1206043.8067633922,2175179.5924350754,9110.641580246269,3198.137094704082,12308.878674950352,7520.628026459368,608.976901557507,8129.704928016874,5378.298680103721,903.1795192026738,6281.478199306397,13886.698001691448,4711.873985512335,18598.571987203788,27.045944635779374,0.0,27.045944635779374
2013-01-01,Monthly,84010.0,100878.3,184888.3,214.5,1.8,216.4,479.2,373.8,853.1,465.5,0.0,465.5,1697.5,0.0,1697.5,0.8,0.0,0.8
2013-02-01,Monthly,60383.89192081619,78481.3532123974,138865.24513321358,391.04223290545485,878.667638888889,1269.7098717943438,631.8507565695312,2.394845890923611,634.2456024604548,394.5425556271707,0.0,394.5425556271707,830.6618661259465,14.713429035069447,845.375295161016,1.5491319444444445,0.0,1.5491319444444445
2013-03-01,Monthly,66369.32131131837,99867.24042047701,166236.56173179537,623.6049026269635,93.11079999846164,716.7157026254251,1954.4425368497791,0.0,1954.4425368497791,1186.3785714101243,21.096274805739803,1207.474846215864,1715.262975878247,26.77432176861862,1742.0372976468657,0.6215261904761904,0.0,0.6215261904761904
2013-04-01,Monthly,79973.7796552558,107083.35803731177,187057.13769256757,437.0291721553232,487.3554977272727,924.3846698825959,433.55123524994,0.0,433.55123524994,154.25806933707025,0.0,154.25806933707025,565.1863022410606,0.0,565.1863022410606,0.9149352272727271,0.0,0.9149352272727271
2013-05-01,Monthly,89383.24164074716,90752.90272585084,180136.144366598,662.7300213046967,71.9235623288119,734.6535836335086,686.303216553601,0.7017216306271429,687.0049381842282,358.3084103632487,6.922942172278909,365.2313525355276,1179.9646971913533,45.69548991166721,1225.6601871030205,12.067238095238094,0.0,12.067238095238094
2013-06-01,Monthly,90106.78600421433,106825.45715915224,196932.24316336657,1080.460812289219,92.20269060099444,1172.6635028902133,409.2698240098283,2.121644996720454,411.3914690065488,162.27299370028553,1.0197755203884296,163.29276922067396,781.0631921926364,199.75438687224997,980.8175790648863,1.570306818181818,0.0,1.570306818181818
2013-07-01,Monthly,76644.29289009907,113078.11018547618,189722.40307557525,920.2307004481471,164.4367409980363,1084.6674414461834,531.684950246276,6.184786045425304,537.8697362917013,314.7820138351728,0.0,314.7820138351728,1225.5514009918545,316.45738078110236,1542.0087817729568,0.9571682608695652,0.0,0.9571682608695652
2013-08-01,Monthly,95248.42166240994,104045.81938596937,199294.2410483793,391.88096241895994,58.653417542484526,450.5343799614445,355.8696422819617,177.06753644417725,532.937178726139,364.9370931028135,0.5578371952045451,365.49493029801806,919.0543809090141,390.08101259635157,1309.1353935053658,0.0,0.0,0.0
2013-09-01,Monthly,102225.80199581913,117839.2725363273,220065.07453214645,893.4807764454758,104.19739961207848,997.6781760575543,222.01924443928948,0.320555771655,222.33980021094447,186.4849794138082,10.2995364255,196.7845158393082,591.4373845619929,438.0733244284753,1029.5107089904682,1.6251375,0.0,1.6251375
2013-10-01,Monthly,77603.46489650155,101705.19024997651,179308.65514647806,1339.748740794437,432.961006270177,1772.709747064614,172.4813600163339,35.159949154733276,207.64130917106718,697.2839854538929,257.9725418010248,955.2565272549177,1196.386850685796,1155.148696048952,2351.535546734748,1.9072527272727273,0.0,1.9072527272727273
2013-11-01,Monthly,78332.06763382681,83270.6626308896,161602.7302647164,1155.9123212664094,333.9326163763359,1489.8449376427452,1257.8294205129234,1.4319690770756246,1259.261389589999,540.0621764879864,394.56150192457807,934.6236784125645,1599.3120716067403,962.9802704199236,2562.292342026664,3.408599062499999,0.0,3.408599062499999
2013-12-01,Monthly,68854.71606067501,102216.14021956411,171070.85628023912,1000.0209375911829,478.89572436054004,1478.916661951723,386.12583972990325,9.793892546169163,395.9197322760724,553.4878313721491,210.74910935795913,764.2369407301082,1585.3168793068064,1162.1956736499255,2747.512552956732,1.624648809523809,0.0,1.624648809523809
2014-01-01,Annual,1095642.3479396324,1749820.2007702643,2845462.5487098964,17081.16110656266,4251.935006567928,21333.096113130585,8224.53868140014,473.9187355571078,8698.45741695725,13647.328951197405,4620.989894654464,18268.31884585187,26763.055588598385,15174.977415891555,41938.03300448994,57.95267601274116,0.0,57.95267601274116
2014-01-01,Monthly,75877.31497050579,117448.80210823375,193326.11707873954,744.2846462277759,373.38771574308583,1117.6723619708616,480.95281094025125,34.44428363467474,515.397094574926,899.4489927216805,169.39801535534977,1068.8470080770303,1706.7835130285964,682.8103770558718,2389.593890084468,4.137955963910132,0.0,4.137955963910132
2014-02-01,Monthly,77141.5233285148,123271.14721830303,200412.67054681783,586.5455515853412,314.0969433718593,900.6424949572005,466.5073186743293,2.9095758893914745,469.4168945637208,973.3146989335871,163.32615952212495,1136.640858455712,1666.1009322143711,730.8836345432136,2396.9845667575846,0.0,0.0,0.0
2014-03-01,Monthly,76480.31781541213,147387.10590386926,223867.4237192814,908.8518176401989,830.6613726729794,1739.5131903131783,637.1042363081048,6.1545770113674285,643.2588133194722,760.730696879586,308.2830852887415,1069.0137821683275,2008.2920914377114,1503.8477712335375,3512.139862671249,0.0,0.0,0.0
2014-04-01,Monthly,89685.54452494369,150813.67032583765,240499.21485078134,794.8471995150663,251.89917524968317,1046.7463747647496,445.68146161928075,63.58984812551364,509.2713097447944,1012.3168724802431,265.56054414051715,1277.8774166207602,1796.1828776225682,1406.7938267116006,3202.976704334169,0.03684118568904546,0.0,0.03684118568904546
2014-05-01,Monthly,97440.01481771875,136156.60513859746,233596.6199563162,1265.6310876307211,252.15318808290684,1517.784275713628,402.9348005432819,26.657833064567804,429.5926336078497,477.4823875553962,148.7909357565766,626.2733233119728,1459.9014364733825,971.8907907464686,2431.792227219851,1.6142300000000003,0.0,1.6142300000000003
2014-06-01,Monthly,98089.44338526738,176378.59042519028,274468.0338104577,1526.7831375151711,330.84016960307036,1857.6233071182414,721.9330613023465,50.15632485015165,772.0893861524982,896.2324219559379,347.3463018811804,1243.5787238371183,2904.241491216444,2202.6014967900246,5106.842988006469,6.652968389659164,0.0,6.652968389659164
2014-07-01,Monthly,97347.34854521553,169006.64002301992,266353.9885682354,1476.978044421832,325.4728946656445,1802.4509390874764,473.5138967672774,41.88188491719652,515.395781684474,1264.6353224925542,509.2432102461921,1773.8785327387463,2433.17502181883,1433.8787254198937,3867.0537472387236,6.368123809523809,0.0,6.368123809523809
2014-08-01,Monthly,99780.90530917735,143508.09175195493,243288.99706113228,2256.3206313375354,328.10353362503605,2584.4241649625715,1123.4180117331098,19.919708845129765,1143.3377205782394,1099.6891026920018,682.5291367910991,1782.218239483101,2663.213778144571,1329.121696316736,3992.335474461307,15.363227187768526,0.0,15.363227187768526
2014-09-01,Monthly,104108.64535452101,161307.61689585424,265416.26225037524,3149.3173401416934,296.43035343032034,3445.7476935720138,943.7602273142286,49.58013631666242,993.340363630891,1398.3597677964399,258.72285440995694,1657.0826222063968,2130.5063215161176,1063.3313210640044,3193.837642580122,23.34460297619048,0.0,23.34460297619048
2014-10-01,Monthly,100594.80068965338,170858.63275460276,271453.43344425614,1790.3008647177799,289.61510315542836,2079.915967873208,903.045752375455,52.0761876419606,955.1219400174156,1900.7406063197923,796.8696958879862,2697.6103022077787,3352.398284448983,1398.4855875202998,4750.883871969283,0.0,0.0,0.0
2014-11-01,Monthly,89833.62092502975,124656.97217228427,214490.593097314,1650.39730114721,281.2376020713719,1931.634903218582,1016.4574828102698,46.46216017398549,1062.9196429842552,2093.376174872939,774.7891905751106,2868.1653654480497,2405.664090004298,1290.3320752867025,3695.9961652910006,0.4347264999999999,0.0,0.4347264999999999
2014-12-01,Monthly,89262.86827367268,129026.32605251676,218289.19432618943,930.9034846823346,378.03695489654183,1308.9404395788765,609.2296210122055,80.08621508650636,689.3158360987119,871.0019064972479,196.13076479962814,1067.132671296876,2236.5957506725103,1161.0001132032025,3397.595863875713,0.0,0.0,0.0
2015-01-01,Annual,1060423.8683924614,1871741.9996879515,2932165.8680804134,23376.409643714574,4193.185866834443,27569.595510549014,6436.431241865936,466.1741301568797,6902.605372022816,9889.953324267331,7571.592086660236,17461.54541092757,24344.641006524267,3557.8256601033772,27902.466666627646,38.69669345987924,0.0,38.69669345987924
2015-01-01,Monthly,115271.6476301705,126358.77484043887,241630.42247060937,1654.1461665068748,254.28770160224016,1908.4338681091149,721.6806208693304,1.0505638847185714,722.731184754049,1659.845400071173,542.3829608147333,2202.228360885906,2563.951076795723,955.2064678715634,3519.1575446672864,12.777061344039048,0.0,12.777061344039048
2015-02-01,Monthly,83448.18757374272,86548.95799080013,169997.14556454285,1379.4332760106736,309.34678781532654,1688.780063826,736.8556926521248,3.93994988083125,740.7956425329561,1066.2351747861342,362.63414094982903,1428.8693157359633,1222.7823875403635,475.28067439124993,1698.0630619316134,0.4202128125,0.0,0.4202128125
2015-03-01,Monthly,140124.79064830794,143335.9826874455,283460.7733357535,1062.7709333616672,618.7162374859432,1681.4871708476103,680.5352404186614,10.772706997612273,691.3079474162737,1500.967902529349,538.1047672437086,2039.0726697730574,1640.3020546932905,422.07544986976717,2062.3775045630578,0.0,0.0,0.0
2015-04-01,Monthly,146353.0675365065,135753.10894332035,282106.17647982686,1910.733786582934,300.1418320335638,2210.875618616498,206.4417003977175,38.01338313386932,244.45508353158684,680.9435250066884,1854.922622229855,2535.8661472365434,1604.624914308392,513.0034591054323,2117.628373413824,0.02893408443409091,0.0,0.02893408443409091
2015-05-01,Monthly,112874.4262776947,116238.14347864332,229112.56975633802,1060.39453759803,363.745772880885,1424.140310478915,261.73122642454507,9.019228056120001,270.7504544806651,765.5494923582628,1329.4843681026316,2095.033860460894,1922.8825911828271,106.99871741999999,2029.8813086028272,0.0,0.0,0.0
2015-06-01,Monthly,115582.83708830742,163111.57070611278,278694.4077944202,2215.508063841563,431.79249618621213,2647.300560027775,466.95077110473756,135.58144125447822,602.5322123592158,597.0322077715438,758.8320757116556,1355.8642834831994,1526.525986192925,131.87356813238898,1658.399554325314,0.0,0.0,0.0
2015-07-01,Monthly,82156.78847219927,181064.3536177021,263221.1420899014,2717.094012266932,189.1366969913147,2906.230709258247,234.3761753265882,82.36626007868352,316.74243540527175,537.7063049345319,641.6761559280733,1179.382460862605,1224.700417039061,107.80684557507747,1332.5072626141384,1.6384473270720454,0.0,1.6384473270720454
2015-08-01,Monthly,61957.55621059764,174118.23012097497,236075.78633157263,2191.075239793082,456.8940610834782,2647.9693008765603,371.8907660692737,37.36197221607,409.2527382853437,641.8644746959874,349.52615230000004,991.3906269959874,2234.165928771262,124.36014491568598,2358.5260736869477,17.06993264101455,0.0,17.06993264101455
2015-09-01,Monthly,60331.80632849004,221888.07209686484,282219.8784253549,2201.507372991647,326.0505361569594,2527.5579091486065,633.525201447127,1.7235100000000008,635.248711447127,573.9793485942345,281.88313481096253,855.862483405197,2462.691333133276,152.04579871067506,2614.7371318439514,0.11057910896750003,0.0,0.11057910896750003
2015-10-01,Monthly,59234.37212506944,178777.25989119028,238011.6320162597,2615.4229888970162,310.1538070169216,2925.576795913938,576.0313314714942,122.86158276169502,698.8929142331892,478.43815954914567,577.0981693443426,1055.5363288934882,2054.950178958577,226.36331583481572,2281.3134947933927,0.0,0.0,0.0
2015-11-01,Monthly,40888.59779198707,173487.1372305004,214375.73502248747,2322.046988582223,346.92870491003987,2668.975693492263,625.8654758068841,7.067391853280227,632.9328676601643,345.2401191837733,196.084765168688,541.3248843524613,2612.0768658685556,77.34085563251861,2689.417721501074,3.227971856137727,0.0,3.227971856137727
2015-12-01,Monthly,42199.7907093882,171060.40808395777,213260.19879334592,2046.2762772819292,285.9912326715577,2332.2675099534868,920.5470398774513,16.41614003952128,936.9631799169726,1042.15121478651,138.96277405575682,1181.113988842267,3274.987272040011,265.4703626442024,3540.457634684213,3.4235542857142853,0.0,3.4235542857142853
2016-01-01,Annual,571548.178106788,2025272.861994747,2596821.040101535,26750.43470176796,20340.305010337404,47090.739712105365,12869.006240552742,3494.151990943288,16363.15823149603,10060.056629809864,2573.5906156369388,12633.647245446802,22778.886769416215,1559.604970218953,24338.491739635167,61.04427352935108,5.619797099794294,66.66407062914537
2016-01-01,Monthly,61999.218740564764,180782.63993798138,242781.85867854615,2570.811239831981,527.3216798102947,3098.1329196422757,890.7363429510715,24.681337737755786,915.4176806888273,812.5400239722696,277.2093389983379,1089.7493629706075,2002.3092268447597,52.00291653149583,2054.3121433762553,1.0863684210526314,0.0,1.0863684210526314
2016-02-01,Monthly,48577.65859492122,132120.8380433569,180698.49663827813,1716.0305784104498,622.10928514488,2338.1398635553296,1117.5465374804799,468.08488334040993,1585.6314208208898,764.9394712589832,74.73975250000001,839.6792237589832,2258.968859866288,69.66437916666666,2328.6332390329544,0.20969190765,0.0,0.20969190765
2016-03-01,Monthly,61250.26816684042,149270.98682095925,210521.25498779968,2769.7410900003424,374.4029433726895,3144.144033373032,1400.2300861348845,659.5801582895366,2059.810244424421,1188.4100951087714,90.18744855273346,1278.597543661505,1621.4485231156884,98.73636464703803,1720.1848877627265,6.5966874118554335,0.0,6.5966874118554335
2016-04-01,Monthly,53133.194612062754,139758.7623308233,192891.95694288606,2435.008730489351,3193.1357546975623,5628.144485186913,925.3611405632071,678.2439552158463,1603.6050957790535,1005.8835040131465,433.5063171059525,1439.389821119099,1380.1704547614586,120.53042413418369,1500.7008788956423,2.134095342531905,0.08072890857880954,2.2148242511107146
2016-05-01,Monthly,45314.8506413981,149298.77261498012,194613.62325637823,2086.5063027810684,1906.7176148026606,3993.223917583729,1314.6285523103493,375.42106218383185,1690.0496144941812,1267.700694629912,274.6120406305166,1542.3127352604288,1898.7384002966066,323.0787797033058,2221.8171799999127,0.24989916683863642,0.5213265898602274,0.7712257566988638
2016-06-01,Monthly,55548.90564833449,169280.57065415528,224829.47630248975,2198.599748255435,2051.147219133177,4249.746967388612,1126.2081502909023,464.3369808655732,1590.5451311564755,632.178033103055,158.3040620275971,790.482095130652,1932.2115140394874,175.2163519658265,2107.4278660053137,9.958457605122728,0.5293944355972727,10.48785204072
2016-07-01,Monthly,39192.7226133926,155970.06373129747,195162.78634469007,1504.3233426885554,1958.9189972804038,3463.242339968959,893.6497119430398,80.0762259645642,973.725937907604,639.7245232740665,468.905628438338,1108.6301517124045,1596.9025799768588,107.22121184239333,1704.1237918192521,4.073571526669474,0.0,4.073571526669474
2016-08-01,Monthly,37948.022974261134,163964.7779254244,201912.80089968554,1560.800384990035,2544.409485441917,4105.2098704319515,707.4717811001756,78.86646388235455,786.3382449825301,858.1711795694699,134.488557099967,992.6597366694369,1739.1998688960675,210.2236521427944,1949.423521038862,0.0,0.0,0.0
2016-09-01,Monthly,38981.340824710904,182982.3523590342,221963.6931837451,2813.211431864504,1470.014886217417,4283.226318081921,981.9960895431785,61.64700112705335,1043.643090670232,934.6173512390827,75.22499352355,1009.8423447626327,2151.0260329519733,50.72280829139586,2201.748841243369,3.178919120305001,1.2707929513816671,4.449712071686668
2016-10-01,Monthly,36903.618994638535,194904.62669801488,231808.2456926534,1953.6214577068054,744.4363658514775,2698.057823558283,1152.1152891585011,335.75457993895844,1487.8698690974595,875.2242398776757,309.68354721315865,1184.9077870908343,1749.9459587731078,64.21836856845124,1814.164327341559,8.28504815363619,1.9149188021052377,10.199966955741427
2016-11-01,Monthly,51581.02929397899,182308.5199171954,233889.5492111744,3126.268359846234,2103.2616491607814,5229.530009007016,1032.4391022952561,83.22191601521452,1115.6610183104706,666.8618928946245,76.37461331205287,743.2365062066774,2362.2111317355143,50.196440457600005,2412.4075721931144,23.41243636363636,0.6462000875836362,24.058636451219996
2016-12-01,Monthly,41117.34700168399,224629.95096152482,265747.2979632088,2015.512034903201,2844.429129424146,4859.941164327347,1326.6234567816978,184.23742638218863,1510.8608831638865,413.805620868807,200.3543162347345,614.1599371035416,2085.754218158403,237.79327276780148,2323.547490926205,1.8590985100527273,0.6564353246874433,2.515533834740171
2017-01-01,Annual,450559.44030669966,2264812.181208128,2715371.621514828,16547.633002375318,37242.76975483676,53790.402757212076,26413.4869091389,1068.6235297669673,27482.11043890587,13206.626675294114,4034.673097788239,17241.299773082355,16270.034022476326,4694.221939454071,20964.255961930394,301.95470668909195,10.991144946914496,312.94585163600647
2017-01-01,Monthly,29170.207297593595,194536.86593324074,223707.07323083433,1438.6501454827855,2162.479933211282,3601.1300786940674,1997.6251488030173,54.7800313076891,2052.405180110706,1060.4351048277294,768.2848404816918,1828.7199453094213,1993.668603755466,212.1883640928936,2205.8569678483595,8.917454545454547,0.6722956149936363,9.589750160448183
2017-02-01,Monthly,32887.878802871615,151728.06676817613,184615.94557104775,972.901866769874,2344.033355818747,3316.9352225886214,1613.573543638166,55.91226281020501,1669.485806448371,1163.1593698547485,158.04420033209803,1321.2035701868465,1008.9353582707695,31.524731945395004,1040.4600902161644,35.5478,0.33306077971187503,35.880860779711874
2017-03-01,Monthly,54327.72395777225,215883.81223627276,270211.536194045,1805.2459735020318,2932.1305363192137,4737.376509821245,2986.954633041873,262.9638429993091,3249.918476041182,966.054877527503,59.50780102112728,1025.5626785486302,1786.6411041925392,230.88283785071158,2017.5239420432508,0.059453321934545465,0.6619621719872728,0.7214154939218183
2017-04-01,Monthly,36994.672915626754,197503.72773286075,234498.4006484875,850.2164987596695,4187.219844327653,5037.436343087323,3248.703149547895,34.8009552631579,3283.504104811053,713.3145283948492,200.8702276413657,914.1847560362148,746.6560439984164,65.16762056815513,811.8236645665716,14.096589473684212,0.6591462376843423,14.755735711368555
2017-05-01,Monthly,40987.09007820261,186920.91236693526,227908.00244513786,1419.4133134810008,2615.2064729273775,4034.6197864083783,2409.922975518049,13.15673233772705,2423.079707855776,779.8059656716985,49.30203597336489,829.1080016450634,832.343548071323,118.11850112437864,950.4620491957016,5.362592148705001,0.0,5.362592148705001
2017-06-01,Monthly,35745.751781697385,181458.38536013727,217204.13714183465,1361.6658071112809,2351.0466310640677,3712.7124381753483,2014.7528955171874,249.26257327742022,2264.015468794608,2016.2632388589375,528.3522910733758,2544.615529932313,1090.092448769603,1996.3328407029016,3086.4252894725046,47.136019999999995,4.397363832657368,51.533383832657364
2017-07-01,Monthly,27804.325632323595,209050.29562449746,236854.62125682106,1103.231244763654,4792.527303988512,5895.7585487521665,3017.1494143222453,45.91237375222284,3063.061788074468,1195.8478650139891,374.4911281543653,1570.3389931683544,1535.8466190679865,326.25653138389373,1862.10315045188,30.455957142857137,0.0,30.455957142857137
2017-08-01,Monthly,28556.3895832045,187343.8160023904,215900.2055855949,1675.9856205464723,2778.004420056404,4453.990040602876,3451.0339029887705,86.37607012688588,3537.409973115656,1595.0864966681024,280.6290152675758,1875.7155119356783,1864.6805610978552,202.97826189344002,2067.658822991295,80.53150909090907,0.0,80.53150909090907
2017-09-01,Monthly,46807.91317805182,207105.29357527333,253913.20675332515,1030.894234623886,3823.0603552736984,4853.954589897585,1448.001952616672,37.08496,1485.086912616672,900.2038055409192,123.19163975186187,1023.3954452927811,891.5529382911662,82.48683545671241,974.0397737478786,4.952162511002,0.0,4.952162511002
2017-10-01,Monthly,38127.732668397104,175488.464099154,213616.1967675511,1124.8851129304737,3886.955499194325,5011.840612124799,1018.4507208568392,195.27684010448542,1213.7275609613246,823.0162924657283,1009.6050623331628,1832.621354798891,1351.3359225770298,540.6448232416526,1891.9807458186824,27.488056818181814,4.26731630988,31.755373128061812
2017-11-01,Monthly,46822.27771137107,202071.44789751509,248893.72560888616,1931.8508219398502,2609.2720090236658,4541.122830963516,1975.777457502561,2.9186436363636368,1978.6961011389246,1451.4693722932666,374.60556188247364,1826.0749341757403,1965.0463529927702,331.8231433352165,2296.869496327987,47.407111636363645,0.0,47.407111636363645
2017-12-01,Monthly,32327.47669958739,155721.09361167497,188048.57031126236,1832.6923624643407,2760.833393631808,4593.525756096149,1231.5411147856264,30.178244151501005,1261.7193589371275,541.9697581766435,107.78929387577627,649.7590520524197,1203.234521391399,555.8174478587194,1759.0519692501184,0.0,0.0,0.0
2018-01-01,Annual,505957.2484401451,2224180.5523963603,2730137.800836506,23473.242514431968,39787.047650329725,63260.290164761696,22520.736949326503,2556.9730993203466,25077.810048646847,18724.382000729835,18394.10760897698,37118.58960970681,25040.364777231385,12642.351800706707,37682.6165779381,32.74549787705201,33.9883322581305,66.7338301351825
2018-01-01,Monthly,48558.87817226408,167863.6473479823,216422.5255202464,1808.9909563539754,2651.1723339969317,4460.163290350907,1893.8001990245823,274.8404033059163,2168.6406023304985,558.40113748206,835.3874274829235,1393.7885649649834,1234.9428878149984,798.1809725799957,2033.1238603949942,2.08058458199131,9.15006451454399,11.2306490965353
2018-02-01,Monthly,43917.4972220215,137563.63543854275,181481.13266056427,1599.777659942597,2371.1116146909167,3970.8892746335137,3047.63985596725,199.44247916055554,3247.0823351278054,323.167316404651,257.63285437439816,580.8001707790492,1107.1573528629117,968.7309963832715,2075.888349246183,1.7087574310277776,0.0,1.7087574310277776
2018-03-01,Monthly,45653.3617226828,182273.6695520005,227927.0312746833,2128.63276708063,2872.5981313212314,5001.230898401862,2471.3174462111665,300.96468014417803,2772.2821263553446,502.8795252181256,933.1790025661825,1436.0585277843081,951.4777262167242,555.3645921047791,1506.8423183215034,0.9756164772727274,2.0832039320069318,3.058820409279659
2018-04-01,Monthly,47987.00926074401,173089.44165198185,221076.45091272585,1690.908740177997,2821.639511224186,4512.548251402183,2602.975905528315,393.32905047823186,2996.3049560065465,458.2954151712567,226.1189948820572,684.4144100533139,1440.4067530143686,1547.712822002881,2988.1195750172496,0.0,0.0,0.0
2018-05-01,Monthly,56080.04773742352,133978.642735176,190058.69047259953,1660.7721638457824,2762.34903888619,4423.1212027319725,3168.949171903372,17.677374867014294,3186.6265467703865,699.4096019268619,445.7493045513733,1145.1589064782352,3419.5994650772286,942.7321273294322,4362.331592406661,0.0,3.993204259714287,3.993204259714287
2018-06-01,Monthly,50643.682004421535,164898.33246982718,215542.01447424872,1987.9725649888303,2698.6487973812505,4686.6213623700805,2821.8345267005225,210.1502661722721,3031.9847928727945,695.6240279435692,234.14167858248973,929.7657065260589,3039.8041131881814,618.0209530252257,3657.825066213407,0.5197585714285713,2.0239662249042856,2.5437247963328566
2018-07-01,Monthly,34705.549871380834,177314.72792771403,212020.27779909485,2364.5946114455796,4052.7764528178363,6417.371064263416,2332.32950929182,180.40751696509818,2512.7370262569184,3453.781754644819,2949.2264422289913,6403.00819687381,3043.608468897921,530.9941490854419,3574.6026179833625,6.081023906923637,0.0,6.081023906923637
2018-08-01,Monthly,34192.974228307554,220703.92811532767,254896.9023436352,3006.8990392478654,3834.072500164608,6840.971539412473,1337.0530798105967,255.46007431194528,1592.513154122542,5383.732568049292,5358.519433579457,10742.252001628749,1660.251344054697,489.2747498605532,2149.5260939152504,0.0,0.0,0.0
2018-09-01,Monthly,37619.26792841897,200710.78345579992,238330.05138421888,2082.045356047379,3254.78622812484,5336.831584172219,447.4913841855811,81.10653164728237,528.5979158328635,291.83557469817777,955.650453494616,1247.4860281927938,1416.5572448574126,597.4503494774256,2014.0075943348381,14.489176470588236,0.0,14.489176470588236
2018-10-01,Monthly,40225.1,234743.8,274968.9,1067.7,4258.5,5326.2,1215.8,249.3,1465.2,888.0,689.4,1577.5,1892.9,1333.1,3225.9,2.4,0.0,2.4
2018-11-01,Monthly,35299.72542924676,193640.9449829508,228940.67041219756,1237.5169751275394,3140.7029270003177,4378.2199021278575,593.5743949996345,188.26519401964563,781.8395890192801,2683.7845839192605,2174.3059915968747,4858.090575516135,2595.4773541063414,1991.4786943918025,4586.956048498144,1.7367388343837502,12.507188450303127,14.243927284686878
2018-12-01,Monthly,31074.154863233507,237398.99871905774,268473.15358229127,2837.431680173792,5068.690114721415,7906.121794895207,587.9714757036601,206.0295282482071,794.0010039518672,2785.470495271759,3334.7960256376186,6120.2665209093775,3238.1820671405994,2269.3113944659003,5507.4934616065,2.753841603436,4.2307048766578745,6.984546480093874
2019-01-01,Annual,430333.2856786353,2978553.375686702,3408886.661365337,23423.77035650266,47059.06520000218,70482.83555650484,14693.788139916593,5114.3820403965,19808.070180313098,43028.186810364175,23600.899809468952,66629.18661983313,26875.564651851484,26885.184565272666,53760.749217124154,403.83592241551463,778.0581448827412,1181.894067298256
2019-01-01,Monthly,38705.99094730543,303455.6918466545,342161.68279396,1467.7707625739213,4456.155375375696,5923.926137949617,2064.8732442872347,572.5227451870006,2637.395989474235,5806.662102701704,3080.8416497687595,8887.503752470464,4208.231163315664,1749.9222083136538,5958.153371629318,2.2766555869875007,0.0,2.2766555869875007
2019-02-01,Monthly,27557.30677065188,171408.56404621355,198965.87081686544,1160.09175203004,3211.02309947742,4371.11485150746,996.39023524596,291.23697476036006,1287.62721000632,1639.0583543620278,1954.051538381177,3593.109892743205,2202.608218452498,1475.5903528136964,3678.1985712661944,4.563851589560001,4.10390655818,8.667758147740003
2019-03-01,Monthly,32451.125301325148,259849.57956112685,292300.704862452,3605.984335293523,5024.253172909423,8630.237508202947,1121.326501850919,118.72267473285046,1240.0491765837694,2958.5196926800163,1971.0224487460778,4929.5421414260945,2156.800258235286,1456.1159852483074,3612.9162434835935,7.728695150629998,8.095474354879522,15.82416950550952
2019-04-01,Monthly,40759.6,243565.2,284324.8,2185.9,5544.6,7730.5,1027.1,432.7,1459.8,3229.4,2193.3,5422.7,2088.0,1415.5,3503.5,4.1,24.6,28.7
2019-05-01,Monthly,41810.5,260513.5,302324.0,2949.7,4271.9,7221.6,1371.7,570.3,1941.9,3824.2,1824.6,5648.9,1795.0,1807.5,3602.5,4.9,83.1,88.0
2019-06-01,Monthly,32951.11751390253,223471.2186881754,256422.33620207792,1483.3474721065515,3025.6461033076766,4508.993575414228,862.0300882343713,341.8465146620631,1203.8766028964344,4918.078510978362,1297.1907740218267,6215.269285000189,1883.8475816108505,1260.4448931409415,3144.292474751792,2.0803472222222217,79.73170761709513,81.81205483931734
2019-07-01,Monthly,33630.357087766984,267671.234454066,301301.591541833,2045.2265660395653,4736.328087445796,6781.554653485361,1444.6697089750676,326.4617618214641,1771.1314707965316,4040.152030672171,1536.123078714752,5576.275109386923,2710.8556908630376,2542.769696747349,5253.6253876103865,370.70313305702723,553.0970860943967,923.8002191514239
2019-08-01,Monthly,42246.73444843164,286589.9423736945,328836.67682212614,2916.3746955268984,4476.948124294385,7393.322819821284,2297.372595335932,469.4096955667774,2766.7822909027095,10397.610230264481,2381.777376875269,12779.38760713975,2764.4004475586325,2346.1569211219,5110.557368680533,0.6409786453909092,0.0,0.6409786453909092
2019-09-01,Monthly,38289.52787341221,203234.85729712737,241524.38517053958,2585.6244653748668,2401.9457267395746,4987.570192114441,1454.8479864223123,124.04523873311759,1578.89322515543,1978.0248853553478,1570.0128131151694,3548.037698470517,1975.2474793759952,1734.0999061823081,3709.3473855583034,0.0,0.0,0.0
2019-10-01,Monthly,33690.48923010011,264212.9498528409,297903.43908294104,820.8533696701845,3446.2752700570786,4267.128639727263,459.639136345545,524.6185711428045,984.2577074883495,1995.5346560374217,1454.0687864529234,3449.603442490345,2502.912278401255,2237.5478875584813,4740.4601659597365,6.299511798079885,23.218678790528745,29.51819058860863
2019-11-01,Monthly,34589.90779264531,230919.140888584,265509.0486812293,951.8595481220568,2694.380852424491,3646.240400546548,1073.0028937289433,279.02601821916164,1352.028911948105,1611.6241012471794,1844.5350844102393,3456.1591856574187,1929.533472797804,3508.417518668572,5437.950991466376,0.20886253325240478,0.0,0.20886253325240478
2019-12-01,Monthly,33650.62871309397,263661.4966782188,297312.1253913128,1251.0373897650509,3769.6093879706355,5020.646777735687,520.8357494903106,1063.4918455708998,1584.3275950612106,629.3222460654571,2493.3762589827547,3122.6985050482117,658.128061240462,5351.119195477455,6009.247256717917,0.33388683236452377,2.1112914676610712,2.445178300025595
2020-01-01,Annual,430258.1572731706,3046491.082368035,3476749.239641206,16939.016407022267,37552.18961247551,54491.20601949778,9229.19783818956,6015.368658191386,15244.566496380947,12902.258002667733,25627.047926106006,38529.30592877375,8533.94198159061,19033.83318568288,27567.775167273485,13.994166226330051,68.71415463098745,82.7083208573175
2020-01-01,Monthly,42136.52448180144,301281.6780231482,343418.20250494964,1067.0379753233872,2871.079629220877,3938.1176045442644,1136.9312781609942,976.3870484467029,2113.318326607697,303.08239336210454,2890.5060984286365,3193.588491790741,832.8183873421967,5261.444354729866,6094.262742072063,2.1071258890757143,4.210861255795715,6.317987144871429
2020-02-01,Monthly,50900.290898688065,222487.59257498913,273387.8834736772,1564.093408491159,3166.054951570784,4730.148360061943,822.6373287295233,511.95752004291614,1334.5948487724395,4304.666296731192,4491.853507918758,8796.51980464995,780.1233248320303,4008.552709703961,4788.676034535992,0.21181626812321427,4.2520092672705365,4.463825535393751
2020-03-01,Monthly,49870.544710445814,312777.5977418744,362648.1424523202,1158.4707461079613,2257.1688244734446,3415.6395705814057,2454.3125305000553,124.88136149022785,2579.193891990283,3071.0911869593956,2986.6755761854224,6057.7667631448185,1015.6948779256242,1536.1719364444816,2551.8668143701057,0.0,0.0,0.0
2020-04-01,Monthly,30289.75864080541,317452.37407989695,347742.1327207024,1069.5386269657101,3111.0543879387715,4180.593014904482,213.08714539020053,343.9061480530312,556.9932934432318,306.30424782889605,1432.1451979597916,1738.4494457886876,314.89308315794204,1528.1140269972525,1843.0071101551946,0.08558567181590908,0.0,0.08558567181590908
2020-05-01,Monthly,23711.303464228673,185944.5646880467,209655.86815227536,629.5720834338,3129.7505264716274,3759.3226099054273,304.55258864086875,200.64080784867843,505.1933964895472,249.83841675217866,998.2599873452579,1248.0984040974365,508.91211519596385,1207.1815981482684,1716.0937133442324,0.005465294591250001,1.115757034153125,1.121222328744375
2020-06-01,Monthly,32289.96931741192,222905.07253815362,255195.04185556553,1759.7037406377788,3120.337026609466,4880.040767247245,1005.4096289843015,311.8424496811649,1317.2520786654663,613.3020694576609,1126.7664876568092,1740.06855711447,477.16296514142846,1024.3684496255719,1501.5314147670003,0.0,0.0,0.0
2020-07-01,Monthly,30673.03539105234,267480.588335573,298153.62372662534,1550.529619485744,4216.48249691146,5767.0121163972035,655.4775536331765,692.9502390735773,1348.4277927067537,416.3098673857879,1654.4921186266529,2070.801986012441,712.879045880261,652.4492133383116,1365.3282592185724,0.07432719902909092,0.0,0.07432719902909092
2020-08-01,Monthly,30710.0747154523,235418.77944079268,266128.854156245,1955.4980990136587,3307.8732356289374,5263.371334642596,498.9466579136321,533.6799246691681,1032.6265825828002,1734.6091329278916,1978.5920895437725,3713.201222471664,742.6925769585569,530.3793237750122,1273.071900733569,4.3983118421052625,0.0,4.3983118421052625
2020-09-01,Monthly,36315.64338584881,261963.0351340649,298278.6785199137,1456.0594017522028,3287.8352813543884,4743.894683106591,474.40580381496096,408.8901402081148,883.2959440230758,279.7264741433234,1702.374495380285,1982.1009695236085,1061.734561010107,613.5038704831733,1675.2384314932801,0.0,1.5837187670620456,1.5837187670620456
2020-10-01,Monthly,29781.901238683346,235797.29667245198,265579.1979111353,1715.9453092397719,3508.8593341627925,5224.804643402565,1011.815075674185,524.86517745,1536.6802531241851,565.8306713212232,3699.8609268274677,4265.691598148691,646.9714437829589,978.0708405127807,1625.0422842957396,0.0,3.4049842598884106,3.4049842598884106
2020-11-01,Monthly,37422.966364920336,216298.25208324677,253721.2184481671,625.9183824966096,3043.2428820626747,3669.161264559284,359.4510871700267,693.9255042168992,1053.3765913869258,786.3900055690041,1396.1473640267102,2182.537369595714,659.9804273036938,727.614631824387,1387.5950591280807,3.055715879771429,2.2585927673676194,5.314308647139049
2020-12-01,Monthly,36156.14466383223,266684.2510557969,302840.39571962913,2386.6490140744845,2532.4510360702875,4919.1000501447725,292.1711595776354,691.4423370109052,983.6134965885407,271.1072402290767,1269.3740762064444,1540.4813164355212,780.0791730598474,965.982230099808,1746.0614031596556,4.055818181818181,51.88823127945,55.94404946126818
2021-01-01,Annual,440331.55208374123,2750066.369723525,3190397.921807267,16710.435017099255,33359.98698505022,50070.42200214948,5642.843151092485,5390.544232216087,11033.387383308573,11496.129073117801,20680.069528252872,32176.198601370677,10771.868329537112,14027.856164241733,24799.72449377885,190.5367696195431,280.443423047775,470.9801926673181
2021-01-01,Monthly,34643.30970104118,210766.8337117692,245410.14341281037,1202.736336256782,2941.5555926227166,4144.291928879498,260.37839032151396,475.2265426735589,735.6049329950729,468.14991586795315,1703.6764765345577,2171.826392402511,774.4490865274757,832.620531488904,1607.0696180163798,4.0374,25.367504681421,29.404904681421
2021-02-01,Monthly,33253.46205265307,173267.89856848549,206521.36062113856,766.5750309513361,2056.6279693455117,2823.2030002968477,203.72756050477332,304.9086363667944,508.6361968715677,238.87562907919732,2035.402849911897,2274.2784789910943,605.3679915179677,853.8973558477508,1459.2653473657183,6.294428859897779,0.0,6.294428859897779
2021-03-01,Monthly,47741.44457701808,290641.2259292437,338382.6705062618,1419.6469161502557,2715.7855179465046,4135.4324340967605,495.4289020402294,745.0932113399859,1240.5221133802154,134.26386146694568,1641.5308494292815,1775.7947108962271,1138.4373881955305,1084.7837666490511,2223.2211548445816,5.475742448848913,36.98510869565218,42.46085114450109
2021-04-01,Monthly,37000.20923146333,277703.30072598957,314703.5099574529,700.5518563867779,2473.0827991867523,3173.63465557353,329.2430480500158,373.63574892239785,702.8787969724136,654.9751947002067,1723.027764747811,2378.0029594480175,701.7678950715754,1230.8140162042039,1932.5819112757792,0.8581578731700003,2.651338878563572,3.5094967517335722
2021-05-01,Monthly,30809.542726617816,208587.57221133666,239397.11493795447,836.6641595315266,2641.5643119086217,3478.2284714401485,356.6040887880373,209.90945232646644,566.5135411145037,1219.1350248481879,1411.810522089505,2630.9455469376926,758.059288038789,1264.9677151594908,2023.0270031982798,2.0788030729258336,9.124733954664169,11.203537027590002
2021-06-01,Monthly,36034.630180995286,214384.00549956755,250418.63568056282,699.6834732519817,2491.7358413802167,3191.4193146321986,407.4366536988825,482.1136905154689,889.5503442143513,1876.7846788903094,1673.7554111321824,3550.5400900224918,1355.6125319424534,2278.72206435854,3634.3345963009933,0.29213059085071424,0.0,0.29213059085071424
2021-07-01,Monthly,35438.14073043026,231638.41716613426,267076.55789656454,1296.6974030245892,2428.131807774488,3724.8292107990774,447.1850140176324,474.77922926061825,921.9642432782507,505.678436759927,2106.2763857619407,2611.9548225218678,967.9822005159853,1441.4671717007652,2409.4493722167504,13.023869633911366,0.0,13.023869633911366
2021-08-01,Monthly,31217.009507998682,240009.45495512566,271226.46446312434,1645.5643523685262,2146.1332584434667,3791.697610811993,605.2880451578267,541.3057338849758,1146.5937790428025,462.4791479939676,1754.7952297554177,2217.274377749385,998.261501679692,1584.7998226173972,2583.0613242970894,22.88265964670251,16.258213125000005,39.14087277170252
2021-09-01,Monthly,35499.41008491795,223845.51950980816,259344.92959472613,1491.0300690301044,2681.1832359339583,4172.213304964062,827.828960650954,488.21676576570883,1316.0457264166628,1350.395751718442,1981.5427294473513,3331.9384811657933,821.2517804480682,1130.7338025355114,1951.9855829835797,23.717070196237852,110.40436309523807,134.1214332914759
2021-10-01,Monthly,36397.460949458604,222652.82748183366,259050.28843129228,2452.139256888287,3266.0125508944793,5718.151807782766,617.0983411034815,347.7109484049517,964.8092895084333,935.5756762688744,1529.629500257529,2465.205176526403,1086.5802690157416,642.3168386154505,1728.897107631192,4.611447856012501,1.0408593750000004,5.652307231012501
2021-11-01,Monthly,39396.1442011865,222366.36890976693,261762.51311095344,1898.2383339291184,2883.2421043370973,4781.480438266216,527.6111727544392,328.2123215360813,855.8234942905204,3113.917554275468,1590.094420453534,4704.011974729002,812.2460247230096,709.3423654546502,1521.5883901776597,69.04497462571607,75.24321428571427,144.28818891143032
2021-12-01,Monthly,42900.7881399605,234202.94505446428,277103.73319442477,2300.9078293299663,4634.9319952764135,6935.83982460638,565.0129740046989,619.4319512190782,1184.444925223777,535.8982012483239,1528.5273887318665,2064.42558998019,751.852371860824,973.3907136100195,1725.2430854708434,38.22008481526956,3.368086956521738,41.588171771791295
2022-01-01,Annual,587036.1563955682,3690558.314029709,4277594.470425277,25936.384331006997,57815.061364680245,83751.44569568725,12867.62658555718,4827.592566157072,17695.219151714256,7051.280194911777,66527.10226163708,73578.38245654885,14392.900268188292,26768.49369621259,41161.39396440088,453.4801942779399,121.13007822466253,574.6102725026025
2022-01-01,Monthly,40606.33243540863,255754.02270097108,296360.3551363797,1647.9919350244184,4604.523334185358,6252.515269209776,608.7024947129229,553.5416527679844,1162.2441474809073,779.9503325791635,1801.9050437336348,2581.8553763127984,1167.2512834795746,928.0575673514999,2095.3088508310743,5.892090446164999,2.0944249999999998,7.986515446164999
2022-02-01,Monthly,34255.38977332631,191835.64270217446,226091.03247550078,2934.4150984171683,2277.3328851773945,5211.747983594563,600.6336647866042,449.2441211823808,1049.8777859689849,273.92998339156605,2275.9104562743937,2549.84043966596,898.9365116470922,1202.623940112856,2101.560451759948,1.9682294444444444,0.0,1.9682294444444444
2022-03-01,Monthly,53875.658431713695,274545.50180137216,328421.16023308586,1511.2135737314854,3477.0437367493696,4988.257310480855,1092.2320540207877,359.3066468201847,1451.5387008409725,353.55285061172225,4157.902121034891,4511.454971646614,1360.8398623676735,1722.6735196888962,3083.5133820565698,31.29429184782608,8.468933845813478,39.763225693639555
2022-04-01,Monthly,47974.42192940274,281449.39770289045,329423.8196322932,2070.322717125783,4432.505671219611,6502.828388345394,948.2174159254263,309.29004538437147,1257.5074613097977,357.6278328973158,4694.457439970077,5052.085272867393,640.0456651319151,1184.8700599345782,1824.9157250664935,53.57015817346724,0.0,53.57015817346724
2022-05-01,Monthly,46341.29404655643,268797.2744822575,315138.5685288139,1244.8870378713493,4038.0943236292283,5282.981361500578,783.4775984633526,172.40497001658593,955.8825684799385,314.5977810258438,4594.490487841687,4909.088268867531,819.1171221793417,2167.717048374871,2986.8341705542125,52.61283333333332,24.417924348891386,77.0307576822247
2022-06-01,Monthly,55629.838795596595,312742.5961475307,368372.43494312733,2586.247973545652,4298.054774941752,6884.302748487404,1614.6029731092847,156.03049262539363,1770.6334657346783,489.658388762795,7555.176797694333,8044.835186457128,1063.4167236504786,2880.14784017029,3943.5645638207684,52.14323272456395,49.42213535382538,101.56536807838933
2022-07-01,Monthly,47786.60762049557,272796.0164105385,320582.62403103407,1756.4325899630887,5894.242438615072,7650.675028578161,1927.8294979282362,516.7386534328671,2444.5681513611034,1284.373816002947,4753.888949061422,6038.262765064369,1508.1318761027105,2936.103433303477,4444.235309406187,41.31584440220474,26.74410115122899,68.05994555343372
2022-08-01,Monthly,42899.559264150244,345660.5351670517,388560.0944312019,1624.0482151579042,5493.3451686060025,7117.393383763907,1310.1327455739238,404.926714116624,1715.0594596905478,479.49191615988514,5811.523558203024,6291.015474362909,1307.6427904776317,3260.0622778103652,4567.705068287997,29.052881611896584,2.083009351226136,31.13589096312272
2022-09-01,Monthly,66605.78321087685,436768.93918392167,503374.72239479853,3137.494981121186,4789.723024090847,7927.218005212033,1141.5303918271534,468.4877738350912,1610.0181656622447,1228.470210451607,6053.948578903337,7282.418789354944,1274.6897309848457,2678.208527937741,3952.898258922587,30.243964404761904,7.899549173677142,38.14351357843905
2022-10-01,Monthly,55011.52032970881,379807.9688234304,434819.48915313923,2608.1550116864,5721.593275716266,8329.748287402666,894.8231524906668,507.53221676373335,1402.3553692544,357.0157378499046,7801.444969514638,8158.460707364542,1082.4749195071972,2549.2048443720287,3631.679763879226,32.4932817792,0.0,32.4932817792
2022-11-01,Monthly,54644.46620952245,347264.6140184599,401909.08022798237,2067.1858070350604,5356.771972684521,7423.957779719582,1043.301795900913,391.64474665703636,1434.9465425579494,329.3776180674748,8572.686121053315,8902.06373912079,1305.8746604383516,2846.8007272084865,4152.675387646838,3.3579607691552495,0.0,3.3579607691552495
2022-12-01,Monthly,41405.28434880987,323135.80488911073,364541.0892379206,2747.9893903275,7431.830759064828,10179.820149392328,902.1428008179106,538.4445325548193,1440.58733337273,803.2337271115512,8453.767738352333,9257.001465463884,1964.4791222214774,2412.023909947496,4376.503032168974,119.5354253409214,0.0,119.5354253409214
2023-01-01,Annual,636351.4314728179,4527702.742998358,5164054.174471175,36311.529426701716,86995.10514566083,123306.63457236254,17467.06264448109,5718.816828267564,23185.879472748653,10321.629100169062,106391.64981741553,116713.2789175846,15331.94909904363,26426.929822937505,41758.87892198114,456.5149025463789,1652.4692651260068,2108.9841676723854
2023-01-01,Monthly,56097.749210181704,311461.187744345,367558.9369545267,1910.37737849517,4587.498793384065,6497.876171879235,1455.5142245709,372.11344091648994,1827.62766548739,605.6706181551054,7181.811593446388,7787.482211601493,1753.7400083354805,1061.3438491332042,2815.083857468685,39.22203432771,5.03349812667,44.255532454379995
2023-02-01,Monthly,51940.288424325045,282173.73855009925,334114.0269744243,2398.803643060186,5713.350319602828,8112.153962663014,694.8603606332412,169.0514065856489,863.9117672188901,490.8703039388888,6992.010070266168,7482.880374205057,1254.2227319267854,1309.7840328350999,2564.0067647618853,21.803635217585,160.01527268708946,181.81890790467446
2023-03-01,Monthly,62626.17644018521,380611.28463156463,443237.46107174986,2662.086643331799,6890.719876377368,9552.806519709167,1605.9502975455798,293.1833648117041,1899.1336623572838,488.49090329963303,9309.14089276898,9797.631796068614,1352.6333704906792,1741.7105780072734,3094.3439484979526,10.471406009267287,6.252384782608698,16.723790791875984
2023-04-01,Monthly,37495.36542644651,279976.68353477324,317472.0489612197,3230.415768422814,5962.28636492817,9192.702133350984,1088.5413260132252,700.3646010966509,1788.905927109876,805.2335209731783,7522.397602657397,8327.631123630576,1272.807222294092,1241.7266994775805,2514.533921771673,41.54723388055555,166.56365596028914,208.1108898408447
2023-05-01,Monthly,55644.218968519046,307352.01812477806,362996.2370932971,3476.966861615934,6418.442932469911,9895.409794085845,1100.1450474314215,520.9485932732018,1621.0936407046233,424.1004398215033,10643.930697602407,11068.03113742391,880.7313406696463,921.1562837283099,1801.8876243979562,44.40757462129667,288.72920276563985,333.1367773869365
2023-06-01,Monthly,46797.67249861922,355793.06643719674,402590.738935816,2361.8669652362732,6046.0389307294545,8407.905895965727,1656.196680373471,612.4689626216307,2268.6656429951017,701.3568463993718,10476.833721106286,11178.190567505659,1180.0294695808775,1620.3269171995516,2800.356386780429,11.073291216294,194.86381543406102,205.93710665035502
2023-07-01,Monthly,59569.10790630703,351185.2508795342,410754.3587858412,3243.3806578249246,8305.681184663166,11549.06184248809,1400.639532496113,530.1930384913304,1930.8325709874434,1096.9850055893007,10343.83802418222,11440.82302977152,1093.5041255919446,2070.7724238472465,3164.276549439191,20.004465359462998,46.73077807836749,66.73524343783049
2023-08-01,Monthly,50329.43472084119,468011.28828856157,518340.72300940275,3102.448210434811,13462.384512975521,16564.83272341033,932.2779346370298,486.2019232721708,1418.4798579092007,624.0478914830437,9525.2920205921,10149.339912075144,997.187834119975,2713.033571839784,3710.221405959759,71.68108756777386,151.1444868960416,222.82557446381546
2023-09-01,Monthly,44511.92496161955,422259.3381075706,466771.26306919014,2068.2090387242943,7908.436090761261,9976.645129485554,1398.5394830935352,480.8119940535325,1879.3514771470677,1896.1511666534643,8029.489371156697,9925.640537810163,696.074859763891,2199.323019799614,2895.397879563505,13.947889165530501,485.5480553845095,499.49594455004
2023-10-01,Monthly,52807.86717992917,480210.7852758954,533018.6524558245,5568.002964788079,7990.802841705723,13558.805806493801,1576.2488014139115,858.9361696978364,2435.184971111748,1125.9517895789008,9303.650316215162,10429.602105794063,1079.1184020784565,4553.315265916939,5632.433667995396,111.67681497960682,77.87366856722727,189.55048354683407
2023-11-01,Monthly,63904.527240271775,478279.92268134904,542184.4499216208,3299.33701874016,6891.037635746867,10190.374654487026,2769.148065106496,409.7585037681535,3178.906568874649,494.4289563767491,10108.983377541828,10603.412333918577,1165.5258643289555,2292.6521105001734,3458.177974829129,24.22135762296214,60.39654644350285,84.61790406646499
2023-12-01,Monthly,54627.09849557242,410388.1787426901,465015.2772382625,2989.6342760272637,6818.425662316498,9808.059938343762,1789.0008911661696,284.78482967921445,2073.7857208453843,1568.3416578999245,6954.272129879897,8522.613787779821,2606.373869862846,4701.785070652732,7308.158940515578,46.458112578333996,9.3179,55.776012578334
2024-01-01,Annual,722188.6589383214,4875179.33279859,5597367.991736913,42962.705754736264,118642.58614187362,161605.29189660988,16727.11622739784,11475.171706880217,28202.28793427806,13313.944948145752,87561.35635019984,100875.3012983456,20366.392220104557,84041.09048274907,104407.48270285364,800.3905050049962,2096.258786144678,2896.649291149674
2024-01-01,Monthly,52783.69791349336,388954.86097473983,441738.5588882332,3992.2971427958064,8768.059426058904,12760.35656885471,1911.6739811585305,436.68362333314576,2348.3576044916763,839.3574011278753,4760.560037109156,5599.917438237031,987.3826660057675,7511.9814874473295,8499.364153453098,15.922038095238095,9.365904761904762,25.28794285714286
2024-02-01,Monthly,49832.14686383032,419075.0425282681,468907.18939209846,2942.8098781955655,6812.344013870723,9755.153892066288,1446.2023985945764,572.6771494730486,2018.879548067625,1025.032190405508,5557.621079586389,6582.653269991897,1717.717245978164,10505.422306500115,12223.139552478278,228.12099450725765,11.930723684210527,240.05171819146818
2024-03-01,Monthly,62357.09880143393,478940.41170649894,541297.5105079329,4754.838464080605,13313.690755851452,18068.529219932057,2361.5042747146676,614.4580124837041,2975.962287198372,2908.761035116851,3354.5920848822757,6263.353119999127,1916.142499149935,14952.471813991564,16868.614313141497,104.87321254988099,30.974245616666,135.847458166547
2024-04-01,Monthly,56303.7615761716,383212.5351125351,439516.29668870673,1860.1546601461587,13458.99472862318,15319.14938876934,1117.7427554177775,2138.3078472404823,3256.05060265826,1196.074289519043,7970.247595541908,9166.32188506095,1472.2377165377336,9472.572977786403,10944.810694324136,72.03082537066625,7.1506875,79.18151287066625
2024-05-01,Monthly,55727.35029058963,379289.386395082,435016.7366856716,1841.1112763824367,13321.207905203377,15162.319181585814,1106.2998336561707,2116.4168626828978,3222.716696339068,1194.7926707496606,7961.7073075308845,9156.499978280544,1468.588600110092,9449.094078097185,10917.682678207277,71.29340784311321,7.077482142857143,78.37088998597036
2024-06-01,Monthly,52205.87919669725,382358.8626128423,434564.74180953956,3324.2963446338613,10670.841980920808,13995.13832555467,1559.2037889152818,1507.7799507356665,3066.9837396509483,907.7669434551074,17290.929826470503,18198.69676992561,1665.4161888967292,5851.71362571565,7517.129814612379,54.260169420166655,306.5666163147324,360.8267857348991
2024-07-01,Monthly,59575.02110145803,468564.65230661724,528139.6734080752,4699.182671366515,10283.532681392644,14982.715352759158,2199.916473378596,473.4289046889037,2673.3453780675,1330.0573469021156,8581.241136408456,9911.298483310573,2212.796015688065,5675.270600049075,7888.06661573714,28.635584417347495,69.13232441942623,97.76790883677373
2024-08-01,Monthly,75298.74585978876,445452.00872087886,520750.7545806676,2117.7553931004504,8962.496451258146,11080.251844358598,980.519289111739,714.0336202507173,1694.5529093624564,622.0973809766803,8598.802839007978,9220.900219984658,1441.483838779084,4180.6996289229555,5622.18346770204,37.46509336044204,16.432306509293863,53.89739986973591
2024-09-01,Monthly,70058.16856251002,350532.9036616292,420591.07222413924,3476.727039944093,8122.39734005338,11599.124379997473,1250.084297950116,718.0836972069152,1968.1679951570313,706.8219110611025,7063.172101145723,7769.994012206826,1735.5261038941278,3349.985621506359,5085.511725400487,56.80642394455876,163.11069167672252,219.91711562128128
2024-10-01,Monthly,63880.54625775925,401912.2087886957,465792.75504645496,5373.037333704572,9008.722335499613,14381.759669204184,769.4979539768594,778.9630368988134,1548.460990875673,838.1389125584287,6262.769188861741,7100.908101420169,1405.3944209408457,4081.330125368387,5486.724546309233,17.82600374761364,546.902446543944,564.7284502915577
2024-11-01,Monthly,64317.438526912636,407166.89176430233,471484.330291215,4273.230253424397,8072.205461590494,12345.435715014892,1131.4377847498777,810.518111877993,1941.9558966278705,761.2703125751083,4697.03388009592,5458.304192671028,2756.2953392726276,4858.828301247098,7615.123640519726,14.74835416666667,775.8022006824651,790.5505548491318
2024-12-01,Monthly,59848.80398767676,369719.5682265005,429568.3722141772,4307.26529696181,7848.0930615508905,12155.358358512702,893.0333957736472,593.8208900079301,1486.8542857815773,983.7745536982717,5462.679273558919,6446.453827257191,1587.4115848513839,4151.719916116948,5739.131500968332,98.40839758204466,151.81315629245537,250.22155387450005
2025-01-01,Annual,792284.8838047957,5369785.684537826,6162070.568342621,27364.373677217853,99759.38050668515,127123.754183903,17220.699462924633,9358.289634404631,26578.98909732926,8732.280816160393,77931.57392718957,86663.85474334998,17507.731999357864,40255.53729468907,57763.26929404694,547.8767281644659,4927.636185701995,5475.51291386646
2025-01-01,Monthly,62471.91607409251,392145.4902553623,454617.4063294548,2688.0379908654404,7587.126662140861,10275.1646530063,915.2115528282702,814.5135532977401,1729.7251061260104,1053.3205333887208,6797.108329438789,7850.42886282751,1440.1523833530548,3347.6881151722073,4787.840498525262,12.262651485200003,220.69919326172007,232.96184474692006
2025-02-01,Monthly,62511.60131358149,392394.60039433825,454906.2017079197,2689.7455650544,7591.946378863864,10281.691943918264,915.7929403050684,815.0309724431896,1730.823912748258,1062.164210410947,6854.176836930284,7916.3410473412305,1439.8074379571572,3346.886276689295,4786.693714646452,12.270441325684212,220.83939226456846,233.10983359025266
2025-03-01,Monthly,72384.00050094245,431930.59489917697,504314.59540011943,1999.2189364814858,6510.119962292991,8509.338898774477,1427.539673707976,1035.3708427280433,2462.910516436019,639.8929209978082,5372.752606176072,6012.64552717388,2710.5478700693616,3093.8086995951435,5804.3565696645055,69.11710898374422,849.856377147277,918.9734861310212
2025-04-01,Monthly,97283.99668631484,466340.48318472016,563624.479871035,3106.690016873461,8130.548749503785,11237.238766377246,1983.345769976792,1046.5859935763806,3029.9317635531725,755.4186520715108,5866.308250650644,6621.7269027221555,1652.347946328787,2312.600448041107,3964.9483943698942,32.16364244802642,613.3999670641477,645.5636095121741
2025-05-01,Monthly,88796.82859211047,381100.84789011703,469897.6764822275,2197.1736413315953,8647.539999579898,10844.713640911494,1480.992112609254,881.8833713130001,2362.8754839222543,637.4772989782766,6213.555771899736,6851.033070878013,1507.5611562355316,3135.532977786424,4643.094134021956,67.367958525,818.9461978349717,886.3141563599718
2025-06-01,Monthly,58906.89413270572,378328.98847743426,437235.88261013996,1801.4792206689879,6718.583393553917,8520.062614222905,1716.757037944471,889.606839262879,2606.36387720735,395.84406030568175,4651.947382798199,5047.791443103881,916.6093332199888,2570.16060546767,3486.769938687659,56.24637050810105,458.82948263157897,515.07585313968
2025-07-01,Monthly,64073.691671003886,523869.96137375315,587943.6530447571,3741.790676736066,8980.922749113368,12722.713425849433,1574.3830190858914,769.0771425818591,2343.4601616677505,618.7929313613214,6512.397374106449,7131.1903054677705,1635.669405929192,3179.5136159438784,4815.18302187307,44.00210559914886,277.60835227272725,321.6104578718761
2025-08-01,Monthly,55895.93280892524,488855.3879097037,544751.3207186289,2040.0295283163575,8531.413065208293,10571.44259352465,949.8446981138509,576.0592421503165,1525.9039402641674,795.4882104690221,5528.906460374592,6324.394670843614,934.030384779273,2907.8826901770353,3841.9130749563083,91.48106303439015,399.66954245111157,491.1506054855017
2025-09-01,Monthly,53007.939269571245,421770.79327724414,474778.7325468154,1482.7880771035775,8966.239561696815,10449.027638800393,1442.3354747509784,601.0246609481209,2043.3601356990994,692.1212330345311,4129.405509659637,4821.526742694168,1915.6255814031233,3503.602781403019,5419.228362806142,51.00562603741334,83.67758490918001,134.68321094659336
2025-10-01,Monthly,59934.52853729794,564141.5851345013,624076.1136717993,1712.834660576125,10606.990560759175,12319.8252213353,1905.92706806985,719.4118509969013,2625.3389190667513,692.5458222650124,6545.276834488644,7237.822656753657,1162.8904584278207,4226.375110874279,5389.2655693021,39.14755082965091,388.6996127755391,427.84716360519
2025-11-01,Monthly,61947.13367706541,465387.40184514725,527334.5355222126,1921.3491325219895,7697.482379270672,9618.831511792661,1815.5035151261502,681.1752478961505,2496.6787630223007,945.378402493821,7036.412944719875,7981.791347213696,1073.695805810248,4084.711191307021,5158.406997117269,6.5102710563545,247.33635475651948,253.84662581287398
2025-12-01,Monthly,55070.420541184634,463519.5498963281,518589.97043751273,1983.236230688364,9790.4670447015,11773.703275389864,1093.0666004060793,528.5499172100504,1621.6165176161296,443.83654038374027,12423.325625946656,12867.162166330396,1118.7942358443272,4546.774782231989,5665.569018076316,66.30193833175227,348.07412833265244,414.3760666644047
2026-01-01,Monthly,70154.66971519994,447211.1766443491,517365.8463595491,2404.2581925988643,10206.157922907338,12610.416115506203,1744.628827163355,710.9290303192212,2455.5578574825763,1390.558851891512,12463.582656191453,13854.141508082965,1041.0344970315782,4233.531459633705,5274.565956665283,18.293511318491426,358.9471358366661,377.24064715515755
2026-02-01,Monthly,50964.9535028452,389559.1936240944,440524.1471269396,2004.472456882877,7644.835790917787,9649.308247800664,1452.0929784238133,773.1120480836129,2225.2050265074263,714.72397670548,9098.305332472997,9813.029309178477,740.1447704016841,2579.36239764902,3319.507168050704,147.02621000792118,201.32750245486295,348.35371246278413
2026-03-01,Monthly,84340.65880472632,502083.2672684047,586423.926073131,1337.7085029706652,8685.801807055439,10023.510310026104,1436.926189972805,872.6494660312101,2309.5756560040154,1678.7936322945784,9046.858584914733,10725.652217209312,1780.050550512526,3675.7356476399355,5455.786198152461,75.61124186224,231.67029105244504,307.28153291468504
2026-04-01,Monthly,69763.06279447868,474783.8129171555,544546.8757116342,2889.012942766784,8747.195764599397,11636.20870736618,1266.7415884636866,1188.8370026510372,2455.578591114724,997.1366718958424,12500.964198040681,13498.100869936523,2025.7435087591527,5535.27402842517,7561.017537184323,25.2731471993191,384.43987503076744,409.71302223008655
