date,frequency,no_of_card_transactions,in_malaysia_local_cardholders,in_malaysia_foreign_cardholders,abroad_local_cardholders,total_cash_advances_in_malaysia_local,total_cash_advances_in_malaysia_foreign,total_cash_advances_abroad_local,principal_cards,supplementary_cards,credit_line_extended,current_balances,past_due_3_months,past_due_3_to_6_months,past_due_6_months
2007-01-01,Annual,237.663504,47780.383,5501.719,5191.421,3039.26,409.175,199.96,8.721338,1.179944,86657.35,20761.699,1932.985,442.283,63.753
2007-01-01,Monthly,19.678015,3858.397,528.169,422.622,252.558,36.104,17.215,7.819553,1.133327,72282.192,17435.364,1794.953,500.65,276.055
2007-02-01,Monthly,18.214532,3525.082,419.615,386.333,223.451,32.717,14.688,7.879833,1.137318,73227.918,17717.075,1915.458,443.555,273.625
2007-03-01,Monthly,18.67666,3714.342,439.247,388.952,260.741,34.325,18.409,7.943672,1.141886,75444.74,17549.886,1847.132,414.916,239.694
2007-04-01,Monthly,18.398077,3565.782,443.139,379.482,241.072,30.687,16.466,8.013513,1.146616,76063.448,17749.597,1957.676,431.21,243.257
2007-05-01,Monthly,19.807786,3868.851,447.955,407.739,265.575,35.269,16.193,8.124273,1.153372,77910.298,17937.387,1897.962,430.659,251.342
2007-06-01,Monthly,19.297068,3799.617,417.138,419.477,258.406,32.228,16.681,8.182932,1.159655,78757.672,18737.054,1918.751,437.026,262.064
2007-07-01,Monthly,20.215648,4042.287,509.187,431.224,260.885,38.859,16.586,8.284412,1.167887,79878.145,19051.599,1823.509,438.217,273.001
2007-08-01,Monthly,20.20754,4150.789,480.107,420.958,257.766,40.49,17.146,8.222479,1.152008,81226.86,19422.2,1860.745,444.466,268.619
2007-09-01,Monthly,19.51747,3983.035,418.186,433.625,244.741,28.559,17.036,8.366565,1.163476,80795.742,19513.212,1930.348,445.418,85.385
2007-10-01,Monthly,21.111939,4311.045,438.262,473.394,254.252,32.31,16.181,8.543823,1.166988,83115.386,19676.905,1921.91,434.615,89.287
2007-11-01,Monthly,20.019511,4184.127,424.638,478.084,260.675,32.82,16.041,8.63076,1.170888,84933.496,19975.709,1910.165,433.538,69.638
2007-12-01,Monthly,22.519258,4777.029,536.076,549.531,259.138,34.807,17.318,8.721338,1.179944,86657.35,20761.699,1932.985,442.283,63.753
2008-01-01,Annual,261.413199,56151.085,6978.021,5901.005,3051.685,453.766,185.394,9.570675,1.241738,101853.078,22810.235,1996.129,487.106,51.784
2008-01-01,Monthly,22.751711,4888.076,529.45,453.938,256.089,36.417,18.117,8.817683,1.185753,87024.039,21065.008,1861.18,457.931,67.654
2008-02-01,Monthly,19.911171,4138.201,575.847,411.563,228.951,34.444,13.206,8.848035,1.187464,88049.189,20824.122,1960.84,460.869,67.405
2008-03-01,Monthly,20.437598,4195.95,571.298,457.887,236.805,40.308,14.11,8.943333,1.187941,89575.811,20522.174,1909.087,462.752,56.105
2008-04-01,Monthly,21.001806,4392.012,537.017,472.541,248.49,34.074,14.681,9.037249,1.190757,91404.739,20728.773,1865.692,458.843,50.855
2008-05-01,Monthly,21.647347,4561.219,561.784,485.134,254.0,34.198,15.344,9.138111,1.200139,93156.239,21053.605,1861.429,454.285,52.781
2008-06-01,Monthly,21.324629,4569.258,600.785,516.309,252.604,34.339,16.458,9.2029,1.210119,94576.846,21407.138,1896.981,446.104,50.67
2008-07-01,Monthly,21.91257,4883.567,654.23,505.167,249.739,44.292,15.444,9.306934,1.219469,96277.467,21450.568,1800.772,437.778,50.44
2008-08-01,Monthly,22.17328,4969.476,694.633,481.121,258.226,44.211,14.606,9.387462,1.216574,97490.547,21825.742,1789.519,439.534,48.439
2008-09-01,Monthly,22.13305,4890.138,615.576,479.45,273.305,37.48,15.482,9.475143,1.224072,97699.376,22000.819,1775.706,436.15,44.173
2008-10-01,Monthly,21.710234,4584.232,553.443,519.526,264.024,38.322,15.332,9.542624,1.226968,99371.391,21867.934,1912.177,450.205,44.745
2008-11-01,Monthly,21.395024,4687.933,495.246,512.128,258.651,33.824,15.712,9.588858,1.240111,100635.251,22283.564,2009.107,467.294,47.528
2008-12-01,Monthly,25.014779,5391.023,588.712,606.241,270.801,41.857,16.902,9.570675,1.241738,101853.078,22810.235,1996.129,487.106,51.784
2009-01-01,Annual,276.132017,59891.652,6162.31,6200.0044,3057.524,433.593,171.442,9.574571,1.243035,115080.041,24282.006,1880.573,476.605,62.149
2009-01-01,Monthly,23.957877,5115.419,576.507,456.412,236.89,36.677,14.257,9.595114,1.253131,102850.594,22822.301,2015.969,513.344,55.193
2009-02-01,Monthly,19.84268,4216.762,461.301,431.48,240.269,31.316,13.452,9.636806,1.256319,103743.492,22364.47,2082.209,530.81,56.925
2009-03-01,Monthly,22.612738,4713.254,533.239,498.075,266.096,32.506,15.117,9.667871,1.253156,104189.622,22008.867,2070.811,537.396,58.361
2009-04-01,Monthly,21.823406,4595.395,471.175,494.443,262.472,33.556,15.607,9.689546,1.255266,105328.658,22134.53,2007.299,537.515,42.829
2009-05-01,Monthly,22.793778,4856.075,460.042,470.508,264.767,33.5,15.206,9.729481,1.255702,106578.511,22342.292,1996.122,562.094,57.25
2009-06-01,Monthly,23.219935,4934.686,496.133,512.538,271.37,35.312,16.457,9.760765,1.257463,107453.558,22591.671,1978.044,562.184,71.268
2009-07-01,Monthly,23.392233,5086.031,530.508,527.089,251.707,40.14,13.246,9.779502,1.262946,108590.468,22675.298,1858.077,547.856,71.672
2009-08-01,Monthly,23.114971,5099.052,576.742,475.393,241.525,39.959,12.301,9.824555,1.287035,109107.345,23157.625,1853.693,534.205,76.087
2009-09-01,Monthly,23.492955,5081.605,492.348,522.412,243.16,35.351,12.986,9.845271,1.288768,110675.554,23255.473,1895.034,510.628,72.696
2009-10-01,Monthly,23.185451,5116.44,529.013,546.7714,251.396,36.097,14.087,9.935592,1.296397,111378.752,23260.169,1772.418,562.105,82.922
2009-11-01,Monthly,22.794985,5086.869,481.203,553.246,249.427,36.322,13.204,9.775185,1.280727,111930.203,23596.893,1967.98,486.126,65.889
2009-12-01,Monthly,25.901008,5990.064,554.099,711.637,278.445,42.857,15.522,9.574571,1.243035,115080.041,24282.006,1880.573,476.605,62.149
2010-01-01,Annual,294.881369,68739.061,6586.7,7545.809,3313.429,388.426,211.824,7.525133,1.022099,115627.502,28174.502,2067.856,476.362,53.566
2010-01-01,Monthly,24.377208,5641.839,493.158,558.775,266.549,31.239,12.2,9.217061,1.181959,110347.778,24861.246,1857.241,482.257,60.832
2010-02-01,Monthly,23.196753,5055.981,474.495,517.899,229.887,29.565,12.739,8.997938,1.133087,109623.333,24954.226,2084.376,495.933,66.399
2010-03-01,Monthly,24.437819,5774.955,581.104,617.424,297.543,31.164,17.191,8.640156,1.093343,109259.511,24467.381,1991.622,489.793,67.724
2010-04-01,Monthly,23.100708,5291.449,457.079,580.652,251.633,29.375,17.068,8.493267,1.055489,110686.868,24830.095,1932.859,467.61,68.876
2010-05-01,Monthly,24.558946,5766.704,466.461,594.8,256.141,26.991,18.901,8.3275,1.020646,110942.487,25207.945,1954.366,484.593,69.21
2010-06-01,Monthly,24.402876,5585.751,569.614,667.634,290.306,29.601,20.045,8.162959,0.997006,111882.484,25605.562,1991.994,467.934,72.852
2010-07-01,Monthly,24.690136,5687.065,592.619,654.491,281.206,35.335,18.516,8.01354,1.007462,110176.969,25939.629,1968.212,464.682,69.536
2010-08-01,Monthly,25.050032,5883.046,582.264,612.103,285.15,31.991,17.428,7.871495,1.066272,110751.547,26601.944,1994.939,451.946,70.627
2010-09-01,Monthly,24.186905,5534.425,539.964,644.074,282.846,31.866,19.392,7.76735,1.053405,111811.691,26574.908,2110.716,468.275,71.419
2010-10-01,Monthly,24.642607,5795.51,552.991,634.157,292.314,37.753,17.999,7.679262,1.042071,111755.719,26796.208,2022.014,461.888,70.134
2010-11-01,Monthly,24.877766,6025.337,595.995,672.699,283.66,35.625,18.858,7.597552,1.029238,113018.85679,27288.812,2179.643,464.143,72.314
2010-12-01,Monthly,27.359613,6696.999,680.956,791.101,296.194,37.921,21.487,7.525133,1.022099,115627.502,28174.502,2067.856,476.362,53.566
2011-01-01,Annual,316.868734,76741.345,6900.22274,8623.013,3192.4101,509.16482,239.952,7.396074,0.885056,124109.665,30862.81,2070.55,483.755,44.266
2011-01-01,Monthly,27.793574,6772.026,532.227,603.225,275.504,40.595,16.998,7.446292,1.014473,115674.467,28503.857,1982.019,470.933,55.544
2011-02-01,Monthly,23.00363,5256.225,501.805,581.508,241.514,37.58,17.054,7.414227,1.010039,116207.73766,27977.829,2240.129,485.447,58.017
2011-03-01,Monthly,26.089223,6277.431,557.85318,669.567,303.2781,40.10014,20.377,7.424842,0.909837,117412.32,27957.571,1965.383,470.674,60.918
2011-04-01,Monthly,24.913838,5948.963,548.231,643.872,269.657,41.333,18.361,7.438018,0.907062,118019.726,28180.413,1997.567,461.313,59.259
2011-05-01,Monthly,27.061931,6445.507,542.62605,724.609,298.325,36.76355,19.789,7.353957,0.904421,118520.647,28523.417,2059.486,454.349,45.05
2011-06-01,Monthly,26.117945,6320.325,601.067,746.522,310.691,41.257,19.093,7.401038,0.90172,118261.654,28889.28,2050.828,446.035,44.325
2011-07-01,Monthly,26.588878,6448.336,641.68751,723.478,282.693,51.85613,18.864,7.406396,0.903734,119301.662,29278.943,2035.505,440.737,47.019
2011-08-01,Monthly,27.25466,6853.079,651.119,663.583,252.664,40.354,19.275,7.378591,0.865359,120975.683,29603.495,2090.736,450.042,47.82
2011-09-01,Monthly,25.682449,6018.366,619.65,761.585,233.936,43.909,23.142,7.347651,0.889637,121481.405,29316.218,2188.006,464.851,46.202
2011-10-01,Monthly,26.689916,6456.737,548.242,785.325,237.169,44.248,21.785,7.338967,0.886317,122709.352,29576.066,2202.775,480.818,47.57
2011-11-01,Monthly,26.60107,6488.884,533.456,773.821,236.085,44.535,21.463,7.349469,0.88451,123106.234,29888.198,2337.188,482.629,48.743
2011-12-01,Monthly,29.07162,7455.466,622.259,945.918,250.894,46.634,23.751,7.396074,0.885056,124109.665,30862.81,2070.55,483.755,44.266
2012-01-01,Annual,325.311322,81372.88,7043.79279,9897.4,2592.01,633.21037,222.597,7.26887,0.88115,125598.085,31564.584,2028.106,405.344,32.643
2012-01-01,Monthly,28.801207,7028.259,640.47379,751.305,220.517,48.37337,19.087,7.345429,0.882732,122808.271,30726.881,2225.391,492.821,44.02
2012-02-01,Monthly,24.637791,6037.144,560.802,720.964,223.496,45.659,18.512,7.28734,0.877194,121948.737,29974.326,2275.558,495.72,38.181
2012-03-01,Monthly,26.549387,6554.466,575.703,812.981,226.715,59.66,19.107,7.261658,0.874856,122064.09,29921.191,2090.179,475.892,32.427
2012-04-01,Monthly,25.767459,6325.968,593.749,758.447,212.699,48.66,17.345,7.248745,0.87386,122203.36,29911.657,2209.282,483.422,36.194
2012-05-01,Monthly,27.5909,6897.198,550.829,904.611,228.046,48.826,19.357,7.267191,0.878021,122722.797,30123.412,2036.573,473.841,36.218
2012-06-01,Monthly,26.584666,6635.412,580.903,825.552,211.396,55.334,19.493,7.270878,0.878763,123391.035,30568.223,1869.67,466.295,35.128
2012-07-01,Monthly,27.663244,6968.549,639.179,793.429,235.186,61.314,18.492,7.276991,0.879823,123550.71,30370.155,1990.041,455.017,36.01
2012-08-01,Monthly,27.131873,6850.775,597.985,776.655,211.73,53.349,18.99,7.284431,0.880364,123849.34,30478.64,2034.757,454.212,39.212
2012-09-01,Monthly,26.121876,6505.51,515.764,826.533,196.104,50.387,17.381,7.269416,0.880639,123991.285,30373.047,2165.587,411.385,39.513
2012-10-01,Monthly,27.696101,6910.29,592.968,841.692,229.641,57.65,18.633,7.273465,0.881403,124664.204,30318.611,2007.18,407.889,35.43
2012-11-01,Monthly,27.159846,6854.121,540.078,878.568,194.987,48.632,18.14,7.28068,0.881833,125154.336,30586.633,2090.296,411.743,36.776
2012-12-01,Monthly,29.606972,7805.188,655.359,1006.663,201.493,55.366,18.06,7.26887,0.88115,125598.085,31564.584,2028.106,405.344,32.643
2013-01-01,Annual,332.427304,86705.23621,9420.815366,10586.123213,2237.460879,851.90600646,204.097005,7.249843,0.877671,130449.493601,32882.613383,2177.98208,403.723944,19.239978
2013-01-01,Monthly,28.400643,7500.438841,767.470863,800.830727,179.815472,60.55874546,16.83688,7.113783,0.861974,126061.605449,31566.164899,1969.117739,374.794778,18.662299
2013-02-01,Monthly,24.604869,6220.686505,682.846338,715.54172,170.743496,57.177148,15.528535,7.106349,0.861142,126049.651258,35336.145286,2077.147083,377.765189,19.615624
2013-03-01,Monthly,26.604523,6987.928123,755.159541,828.381349,184.137987,63.967448,17.883354,7.112332,0.861331,126569.47243,34886.961378,2111.183608,377.856432,19.770584
2013-04-01,Monthly,26.381316,6881.594466,723.874678,803.936606,183.263291,59.839334,16.611624,7.126161,0.862819,127193.091738,30404.502172,2733.098717,382.467618,21.293738
2013-05-01,Monthly,27.565581,7117.75208,692.564387,852.14679,189.567878,62.411708,16.530188,7.142802,0.865703,127849.160013,30517.288963,2041.87489,381.419398,21.847909
2013-06-01,Monthly,27.161019,7017.218505,767.52471,884.972134,190.397601,74.63694,16.794076,7.159334,0.865472,127476.516714,30982.670651,2081.536483,382.64055,16.888373
2013-07-01,Monthly,28.89006,7607.495573,877.65603,863.976015,195.921074,82.232209,16.863821,7.169515,0.868487,127889.075169,31195.824499,1957.589737,367.713434,20.00682
2013-08-01,Monthly,27.939002,7195.152172,865.751082,872.665375,183.548995,90.991966,16.823152,7.181848,0.872124,128219.971624,31300.045728,2040.372407,362.186194,23.208914
2013-09-01,Monthly,27.37095,7118.250044,808.90457,894.115585,183.24751,76.233722,15.932941,7.257805,0.884499,128889.832047,31457.676441,2168.805466,357.068776,22.415033
2013-10-01,Monthly,28.405399,7402.091744,822.822458,937.119532,192.686334,77.548167,16.35109,7.214554,0.874834,129174.100109,31489.839461,2037.695331,367.476742,23.673451
2013-11-01,Monthly,27.884326,7261.77716,769.54502,987.768334,191.859101,69.911268,18.347445,7.240966,0.876169,129944.42733,32053.455365,2144.825935,389.855281,23.584685
2013-12-01,Monthly,31.219616,8394.850997,886.695689,1144.669046,192.27214,76.397351,19.593899,7.249843,0.877671,130449.493601,32882.613383,2177.98208,403.723944,19.239978
2014-01-01,Annual,345.737661,91123.730787,8691.985989,11988.681025,2190.737024,964.73906808,195.023732,7.121427,0.926967,123886.189747,32841.374489,2493.8736873781,335.773339,7.159585
2014-01-01,Monthly,30.614447,8280.252142,822.386941,897.910461,166.983622,80.470631,15.325845,7.254474,0.919925,130228.899428,32446.718117,2185.644567,370.566155,16.163674
2014-02-01,Monthly,24.768266,6304.350741,758.081141,803.395082,174.034029,72.785071,14.670234,7.241508,0.926297,130916.951748,31859.71811,2340.754268,370.173786,20.253394
2014-03-01,Monthly,28.327817,7371.604772,690.737161,912.969341,181.874067,79.770478,15.471583,7.16525,0.918916,123482.058357,31186.501106,2620.642582,366.301248,19.669838
2014-04-01,Monthly,27.549907,7194.267203,724.917186,944.864596,182.009189,76.400574,18.1104,7.210422,0.919062,123895.347768,31327.088936,2537.663184,336.87089,17.518841
2014-05-01,Monthly,29.054342,7641.286413,649.285653,985.531972,189.106046,90.799693,16.151583,7.204318,0.919167,124192.747084,31416.718507,2568.209236,346.319321,17.629736
2014-06-01,Monthly,28.768397,7420.995141,775.017946,1111.574627,189.950971,77.008136,17.373879,7.215718,0.920203,124909.160064,31825.207228,2623.07575,347.027764,15.354463
2014-07-01,Monthly,29.466042,7752.997311,698.54948,937.010615,185.982598,76.99471,17.60995,7.181848,0.912282,124445.731383,31805.653144,2551.226002,347.580009,12.21949
2014-08-01,Monthly,28.569282,7576.662445,759.814378,907.914682,183.725434,93.849869,13.951849,7.176215,0.924365,124875.370348,31942.5371,2534.82238,341.548275,13.143608
2014-09-01,Monthly,29.015321,7463.250211,727.875707,1050.848446,190.07546,82.17689508,16.257808,7.178844,0.931271,125111.466542,32067.95328,2587.638807,339.932159,8.767226
2014-10-01,Monthly,29.320469,7714.506694,711.769677,1070.795946,187.733836,80.703699,16.197953,7.192073,0.933191,125180.789458,32151.951732,2463.61978,337.69104,8.591585
2014-11-01,Monthly,28.472091,7722.641844,623.048712,1045.482191,178.284483,72.35052,16.069991,7.207908,0.934736,125174.461844,32660.377619,2660.5887571961,339.694915,9.630714
2014-12-01,Monthly,31.81128,8680.91587,750.502007,1320.383066,180.977289,81.428792,17.832657,7.121427,0.926967,123886.189747,32841.374489,2493.8736873781,335.773339,7.159585
2015-01-01,Annual,359.589732,96793.165814,7942.179718,13542.387072,2154.371545,869.188905,174.094786,7.676566,0.935415,127744.872709,33651.605402,2358.11052,352.448852,10.4578
2015-01-01,Monthly,30.042758,8327.816933,641.528117,1064.116346,165.000413,71.40758,13.531393,7.156706,0.878863,124235.587332,33019.007007,2459.485505,370.08672,7.499596
2015-02-01,Monthly,28.699923,7549.923808,679.259347,922.046178,149.175349,78.45061,12.365355,7.162639,0.87958,124376.445861,32827.184673,2721.274943,386.749281,9.567784
2015-03-01,Monthly,30.9564,9279.248431,796.248199,1151.094354,180.625265,76.755566,14.966491,7.163526,0.879882,123854.492424,32980.557876,2579.1974024,370.5455313,11.104955
2015-04-01,Monthly,27.268326,7088.524155,654.568498,1105.004425,167.435709,69.030095,13.637469,7.204769,0.881032,124434.181888,32135.718771,2412.595295,357.58357,10.345179
2015-05-01,Monthly,29.234431,7552.077189,616.70129,1148.739608,181.671874,66.541542,17.811709,7.254127,0.885109,125367.282588,31990.560318,2508.867236,351.104539,13.503809
2015-06-01,Monthly,29.829214,7800.730544,624.532489,1135.519732,176.012997,67.414874,14.675995,7.331572,0.890786,125957.477806,32232.369094,2417.483199,352.300117,9.929968
2015-07-01,Monthly,29.951928,7932.048831,632.422402,1082.558885,174.344271,77.835543,14.473318,7.354062,0.897227,122156.184832,32156.930934,2351.200159,351.14151,10.886009
2015-08-01,Monthly,29.618495,7869.68629,670.340217,1034.655594,185.263913,87.839467,12.673712,7.366705,0.904713,121871.41129,32253.451618,2580.444965,352.211543,12.222517
2015-09-01,Monthly,29.714046,7799.98139,658.444204,1125.678042,189.159929,73.58909,14.784281,7.449487,0.91295,123624.505085,32172.947155,2485.675589,346.349184,10.384275
2015-10-01,Monthly,30.06439,8104.326206,612.143309,1160.149828,197.390309,70.898296,13.528203,7.536461,0.921219,125452.999662,32319.428788,2336.947787,357.280525,11.894044
2015-11-01,Monthly,30.485144,8156.103209,610.100057,1182.479285,190.315163,61.867488,14.093192,7.608404,0.945066,126349.386949,32701.033493,2509.481517,350.214564,12.903144
2015-12-01,Monthly,33.724677,9332.698828,745.891589,1430.344795,197.976353,67.558754,17.553668,7.676566,0.935415,127744.872709,33651.605402,2358.11052,352.448852,10.4578
2016-01-01,Annual,383.820635,100651.036998,8622.456054,15291.622112,2381.264953,765.572947,202.447767,8.179228,0.99923,138428.000608,34834.603557,2372.877009,387.838203,5.951232
2016-01-01,Monthly,32.579961,8909.479687,703.578277,1167.328724,175.107334,62.615071,15.150718,7.732353,0.941547,128688.32675,33898.943424,2410.03255401,358.61556515,11.483442
2016-02-01,Monthly,29.913921,7604.026282,630.92419,1037.286539,179.944551,60.616201,12.581039,7.767934,0.944533,128378.530097,32842.868868,2520.903716,366.71504,10.54182431
2016-03-01,Monthly,31.451554,8437.795636,737.84936,1230.1375,193.906046,65.650459,14.786861,7.78476,0.984588,130432.53931,32725.735147,2218.188661,357.773295,10.16689
2016-04-01,Monthly,30.375947,7960.042178,636.122444,1220.650456,188.344821,59.70963,14.18256,7.869699,0.954208,131148.881855,32810.396154,2261.828918,352.845894,11.660019
2016-05-01,Monthly,32.344392,8399.281296,655.059674,1252.089482,201.243566,62.617799,15.475343,7.929328,0.960008,132220.931213,32880.957456,2259.972499,349.325803,12.82894
2016-06-01,Monthly,31.444561,8363.783737,679.175424,1217.724838,193.431755,63.377088,17.50293,7.961604,0.96707,133424.644628,33145.068378,2266.335961,350.346716,4.923251
2016-07-01,Monthly,31.392068,8010.639134,724.0104,1266.380676,203.454288,66.084579,17.057546,7.828035,1.072507,133948.903174,32983.6936,2492.024358,354.211243,6.669697
2016-08-01,Monthly,32.595166,8488.573594,822.184685,1196.237951,202.023063,73.077563,15.705701,7.998227,0.982422,135314.242742,33150.341148,2331.910488,351.76704,9.005673
2016-09-01,Monthly,31.502004,8016.634174,738.673608,1343.543424,207.499654,64.534506,18.593471,8.053058,0.988098,136132.411374,33304.744278,2370.275948,365.919929,5.853693
2016-10-01,Monthly,32.548753,8355.718932,683.639478,1329.312158,210.122198,61.815019,17.394983,8.113761,0.993019,136766.618673,33395.152117,2367.770574,373.286018,7.283956
2016-11-01,Monthly,32.160075,8461.077683,738.050205,1401.759796,207.065377,61.708799,19.076715,8.188442,1.000227,137664.301157,33805.297701,2372.575402,379.086043,8.515501
2016-12-01,Monthly,35.512233,9643.984665,873.188309,1629.170568,219.1223,63.766233,24.9399,8.179228,0.99923,138428.000608,34834.603557,2372.877009,387.838203,5.951232
2017-01-01,Annual,406.52514,106040.502583,10250.63188,16408.946805,2837.913207,799.823957,302.118152,8.802072,1.059132,142780.881646,36341.671291,2257.236934,347.123156,5.544163
2017-01-01,Monthly,34.713996,9300.009892,824.830649,1220.318241,197.38915,60.278225,19.075888,8.182795,1.002298,138203.949282,34622.176763,2314.214433,386.387119,5.989773
2017-02-01,Monthly,29.348355,7525.836242,761.959254,1197.452419,203.455135,59.539609,21.461629,8.219372,1.006792,135298.748644,33815.499811,2429.082663,390.214355,7.206178
2017-03-01,Monthly,32.601377,8824.58918,875.717029,1334.217848,216.737931,62.348389,21.207614,8.281812,1.012434,135939.130526,33527.26334,2213.863304,376.776478,7.23909
2017-04-01,Monthly,31.735036,8119.51784,798.896434,1358.102359,212.827314,60.583768,22.739173,8.326633,1.015013,135526.264038,33666.473702,2358.187769,371.034342,7.199119
2017-05-01,Monthly,34.154907,8943.287281,817.266971,1341.063276,242.230333,64.203503,22.995664,8.385507,1.018713,137834.703205,34008.753592,2211.374309,364.964413,10.025263
2017-06-01,Monthly,33.106088,8587.733723,817.344139,1287.267484,223.660244,59.776139,25.028132,8.493885,1.024466,138442.650506,34239.050201,2271.977996,370.841183,6.847681
2017-07-01,Monthly,33.62229,8589.920892,900.352526,1334.822426,246.795966,76.318201,24.315036,8.571131,1.030921,138965.260895,34192.581361,2211.088461,366.374147,6.474041
2017-08-01,Monthly,34.687896,9007.39228,951.552016,1311.169373,249.659683,83.992586,23.089196,8.64903,1.038693,140038.344878,34453.247168,2139.344187,360.579795,8.690112
2017-09-01,Monthly,33.823071,8583.508149,861.593281,1396.491056,256.347231,70.52547,30.658226,8.703682,1.042695,141040.402628,34689.560301,2236.85239,363.716261,5.390449
2017-10-01,Monthly,35.338935,9061.36441,812.042921,1398.462458,256.080884,70.46727,30.157532,8.722245,1.047089,141964.747759,34556.593131,2125.224034,363.841765,8.483956
2017-11-01,Monthly,35.210673,9311.954184,864.467728,1499.383313,263.814922,64.425233,26.079093,8.804549,1.053631,142987.598981,35306.292029,2113.074581,350.775262,8.817564
2017-12-01,Monthly,38.182516,10185.38851,964.608932,1730.196552,268.914414,67.365564,35.310969,8.802072,1.059132,142780.881646,36341.671291,2257.236934,347.123156,5.544163
2018-01-01,Annual,447.123777,113900.607021,10522.797936,17825.664395,3139.849147,802.777915,358.845285,9.263542,1.061081,149934.699768,37614.635809,2202.546248,302.501428,4.837179
2018-01-01,Monthly,37.442331,9879.260804,965.030413,1447.359734,251.289203,68.896861,27.873877,8.86396,1.063715,144019.381869,36391.367681,2148.381091,340.18822,7.457527
2018-02-01,Monthly,34.341802,8788.164232,823.701696,1218.60667,231.8082,66.274588,25.760315,8.900588,1.067808,144407.219025,35672.144343,2282.508757,344.935531,6.794191
2018-03-01,Monthly,36.347042,9579.470418,926.847943,1517.885308,261.569882,68.475431,31.080452,8.962829,1.069942,145066.677519,35368.175342,2181.704677,335.271623,6.776464
2018-04-01,Monthly,35.032178,8947.648891,859.76106,1462.902768,248.679389,65.452973,31.97852,9.030465,1.075283,145882.338506,35579.599779,2121.174258,323.314632,6.564548
2018-05-01,Monthly,35.731933,8849.786928,820.715909,1385.773135,248.651316,64.388759,27.792818,9.077138,1.078906,146496.956666,35088.918177,2158.538416,316.550369,6.786177
2018-06-01,Monthly,36.165996,9409.236327,813.985735,1434.742334,246.631497,62.644428,29.020054,9.132064,1.084032,147229.684103,35840.317679,2209.01145,316.353457,4.086233
2018-07-01,Monthly,37.363954,9423.183722,960.555441,1435.547488,267.051777,77.56874,27.289208,9.213354,1.085237,148117.689885,35729.270999,2093.969699,312.978738,5.844425
2018-08-01,Monthly,38.294229,10196.988862,959.913446,1469.876081,267.406923,75.066733,29.871824,9.217653,1.085247,148463.171097,36616.998744,2096.605065,305.720071,6.198134
2018-09-01,Monthly,36.935029,8999.131743,775.710404,1532.951498,274.315181,61.743226,32.63226,9.230146,1.07993,148879.039958,36349.0649,2325.273204,317.440356,6.570978
2018-10-01,Monthly,38.746752,9523.990826,826.866221,1540.1957,277.147284,62.506515,30.961095,9.263274,1.074061,149703.634682,36067.746383,2119.418337,305.686753,6.234196
2018-11-01,Monthly,38.736553,9595.821626,816.038485,1606.74029,276.176083,62.729636,29.398253,9.276313,1.067929,149711.688868,36649.13386,2159.093584,301.46238,6.471451
2018-12-01,Monthly,41.985978,10707.922642,973.671183,1773.083389,289.122412,67.030025,35.186609,9.263542,1.061081,149934.699768,37614.635809,2202.546248,302.501428,4.837179
2019-01-01,Annual,510.076075,121839.923941,11196.713732,18300.824634,3273.482773,782.241889,377.509916,9.132799,0.979187,151437.972591,39149.869441,2008.923377,303.390669,3.333411
2019-01-01,Monthly,42.050323,10764.465127,935.99772,1456.79179,270.679983,71.8497,27.547637,9.214794,1.053254,149346.082056,37665.076517,2078.316299,300.408619,7.681012
2019-02-01,Monthly,35.772897,8559.743054,808.367366,1234.395567,254.328072,62.879739,26.293453,9.147475,1.044233,149571.545112,36743.125502,2249.6963,311.464791,7.464993
2019-03-01,Monthly,40.59852,9966.32064,863.847382,1499.130406,270.929419,64.904913,30.934489,9.103878,1.035171,149471.391266,36622.197385,2129.896748,307.980081,5.239643
2019-04-01,Monthly,40.031263,9619.610093,908.06629,1489.312027,261.299874,63.601935,31.40723,9.198795,1.040768,149574.574409,36731.798234,2049.038813,305.05353,5.927499
2019-05-01,Monthly,41.931948,10315.430405,801.330875,1481.518786,275.129048,61.937126,30.245748,9.160674,1.026829,149776.302901,36934.482592,1958.498391,299.274567,6.421548
2019-06-01,Monthly,40.267218,9489.345363,923.800573,1430.982369,264.617725,66.113178,33.661703,9.147444,1.02132,150042.961185,37009.61402,2163.645623,305.540272,4.921569
2019-07-01,Monthly,43.590113,10256.727642,1006.426055,1484.669981,278.439768,73.016676,31.547202,9.135899,1.013913,150387.176535,37073.473363,2054.666344,300.619848,5.103511
2019-08-01,Monthly,43.259306,10239.969094,1068.283509,1468.18485,281.954439,74.259031,30.400209,9.131325,1.004196,150730.996796,37349.971761,1986.571565,297.553771,5.670008
2019-09-01,Monthly,43.515357,9961.904751,906.089435,1526.738498,280.639437,64.160054,32.383353,9.130772,0.993647,151079.32065,37449.006829,2106.480111,313.016756,4.513093
2019-10-01,Monthly,44.934046,10390.17965,889.143523,1624.315121,276.000152,65.662551,33.012746,9.127649,0.98688,151440.916817,37566.716339,1963.361303,308.130955,5.296027
2019-11-01,Monthly,44.841278,10504.299497,908.245622,1699.251188,277.82607,54.995126,32.081608,9.129868,0.981027,150817.780187,38115.192058,1985.354757,302.080584,5.003078
2019-12-01,Monthly,49.283806,11771.928625,1177.115382,1905.534051,281.638786,58.86186,37.994538,9.132799,0.979187,151437.972591,39149.869441,2008.923377,303.390669,3.333411
2020-01-01,Annual,489.311468,113038.20008,4366.091767,11702.013689,2149.092189,380.386982,106.13433,8.899328,0.907232,150435.951803,35024.444665,1461.954104,252.962767,10.644112
2020-01-01,Monthly,47.536766,11370.830443,1033.574431,1467.51055,262.069094,62.79775,29.679773,9.139705,0.97497,151820.229772,38964.265005,1918.948437,304.396347,4.125253
2020-02-01,Monthly,41.242167,9610.705201,704.083016,1152.590889,251.521556,54.573223,15.652533,9.137972,0.969159,152172.299885,38050.322063,1976.079969,311.133787,4.459658
2020-03-01,Monthly,39.475801,8587.516329,341.161142,974.441958,207.847684,44.669932,12.350367,9.135483,0.963164,152377.989923,35793.578318,2421.462638,329.939434,4.749333
2020-04-01,Monthly,26.395866,5327.853215,125.043889,742.732464,99.819181,18.81335,4.159985,9.075797,0.956268,151898.722093,32779.888174,2674.721391,311.916041,4.081386
2020-05-01,Monthly,33.816652,7777.778128,213.717445,799.324644,106.930665,26.404835,3.520116,9.000751,0.947237,151239.556125,33275.196566,1991.786236,276.827335,6.012815
2020-06-01,Monthly,38.576129,9148.721487,246.819502,843.419426,143.843574,27.258263,4.108819,8.964347,0.939325,150915.303083,34061.322611,1567.816874,229.676479,4.565987
2020-07-01,Monthly,42.903381,10205.594667,283.408332,912.933862,181.356562,29.842375,5.725082,8.945224,0.931691,150926.020798,34376.679339,1443.952681,195.592821,3.772607
2020-08-01,Monthly,43.925862,10341.674424,291.029915,948.723228,186.864645,27.170914,5.809876,8.942178,0.926717,150856.052362,35126.226423,1497.689153,206.431825,5.618286
2020-09-01,Monthly,44.690926,10176.525818,295.724839,935.142535,188.5282,24.786494,6.254328,8.923114,0.920634,150801.712556,34888.471558,1405.936486,214.427413,6.171287
2020-10-01,Monthly,41.547108,9414.393052,264.536366,897.725819,169.877395,21.459825,5.528196,8.92523,0.915998,150735.782758,34014.093274,1426.877836,225.717266,5.57602
2020-11-01,Monthly,41.429826,9533.055804,268.97387,991.940033,164.470358,20.718902,6.103639,8.923877,0.912033,150648.199342,34013.308394,1485.645825,250.73215,12.587108
2020-12-01,Monthly,47.770984,11543.551512,298.01902,1035.528281,185.963275,21.891119,7.241616,8.899328,0.907232,150435.951803,35024.444665,1461.954104,252.962767,10.644112
2021-01-01,Annual,556.027853,123440.800883,3477.84495,12872.137142,1757.792154,201.480536,108.853574,8.803087,0.87314,150077.915296,34986.117402,994.261408,207.537938,9.142367
2021-01-01,Monthly,43.105423,9780.885926,258.39627,1006.854056,154.371929,20.927049,6.869164,8.864308,0.901407,150244.005502,34215.11835,1510.005066,257.638399,10.655869
2021-02-01,Monthly,38.934703,8595.030116,224.408503,910.344076,135.224392,18.201468,7.349509,8.807595,0.896024,149781.837636,33400.13109,1564.86503,273.719874,9.563957
2021-03-01,Monthly,48.436938,10988.519023,309.007518,1034.779963,170.412839,18.522107,9.037272,8.772368,0.890011,149656.571934,33529.040987,1330.068494,277.194798,9.545937
2021-04-01,Monthly,46.721468,10554.898946,288.142935,964.587471,165.685902,17.944119,12.296813,8.755584,0.885841,149589.696876,33736.802058,1251.639008,278.021971,10.88918
2021-05-01,Monthly,44.23229,9694.028441,258.866558,1009.702934,148.393225,18.201159,15.019333,8.735546,0.882946,149056.699439,32659.101361,1316.192938,261.056745,10.969374
2021-06-01,Monthly,38.817902,7770.649438,232.487973,989.279966,114.620137,13.714772,9.082425,8.71966,0.879959,148994.065408,31331.93757,1323.585605,253.288944,10.584825
2021-07-01,Monthly,41.784399,8394.565526,241.331899,1043.682557,117.130902,15.443075,7.952333,8.70167,0.877248,148662.944175,30942.049226,1356.305746,251.526199,11.36838
2021-08-01,Monthly,44.205593,9189.693608,276.532889,1079.60949,115.438699,14.724979,6.689326,8.718751,0.875636,148691.115732,31257.869472,1246.645487,240.636719,15.524396
2021-09-01,Monthly,46.57455,10314.581212,290.225986,1096.009394,125.605784,14.387782,7.878709,8.696202,0.873758,148901.885887,31900.345836,1127.025641,234.831646,17.883995
2021-10-01,Monthly,51.585271,11840.375286,325.634952,1174.038763,166.129954,16.754629,7.239007,8.724453,0.872721,149208.771658,32965.961489,1107.247555,232.096172,11.648422
2021-11-01,Monthly,53.856006,12462.826644,359.553459,1235.422704,171.755099,15.168679,9.041575,8.762003,0.870514,149499.976384,33884.292606,1072.435001,223.812171,11.295946
2021-12-01,Monthly,57.77331,13854.746717,413.256008,1327.825768,173.023292,17.490718,10.398108,8.803087,0.87314,150077.915296,34986.117402,994.261408,207.537938,9.142367
2022-01-01,Annual,715.433537,155875.477662,9770.44672,19198.229268,2349.121335,299.425712,215.102185,9.207725,0.869762,157859.61487,39492.542353,1323.882075,295.898931,13.875626
2022-01-01,Monthly,59.4602,13764.842323,385.523568,1203.621051,179.731454,17.693271,9.4342,8.813991,0.873311,150611.437067,35252.00337,1066.510288,197.856659,11.924068
2022-02-01,Monthly,48.196646,10275.065936,349.528118,1049.566019,167.850424,15.008283,7.740397,8.832043,0.873411,150963.600639,34374.417011,1213.530479,191.548564,13.870693
2022-03-01,Monthly,56.413527,12447.699528,428.869642,1330.095815,188.303802,17.419271,10.096185,8.868385,0.874392,151588.574931,34499.657194,1132.314688,191.078278,13.160731
2022-04-01,Monthly,55.04367,12429.148549,551.212937,1390.385658,174.382475,19.48667,12.77421,8.909251,0.874398,152352.071107,34435.943158,987.878305,186.339074,10.621997
2022-05-01,Monthly,58.612399,12644.628946,704.843557,1586.675489,172.845362,23.442634,18.218159,8.959241,0.874091,153124.136083,34707.240982,1037.317767,196.381266,13.026779
2022-06-01,Monthly,58.177817,12674.665404,799.907365,1595.697315,192.105393,23.775016,17.739186,8.993526,0.873412,153579.0677,35371.849236,1090.797714,198.41923,13.098358
2022-07-01,Monthly,59.845041,12964.878648,934.384644,1660.128595,202.334037,27.265206,21.686932,9.044454,0.872641,154342.753629,35890.34412,1174.698258,202.333365,18.044983
2022-08-01,Monthly,62.658755,13439.395826,1023.154311,1673.018657,209.659622,30.946607,21.969294,9.100833,0.8726,155605.996727,36289.431047,1199.839616,206.373124,19.815836
2022-09-01,Monthly,61.383497,13074.753909,1024.121876,1839.543367,211.879235,29.296045,23.024125,9.11916,0.871468,156072.81425,36747.247869,1230.261442,226.288147,16.292064
2022-10-01,Monthly,64.509249,13471.915693,1097.327852,1926.080318,218.518367,30.031696,22.53516,9.164278,0.871178,156461.923308,37211.362578,1311.380697,247.766601,14.257916
2022-11-01,Monthly,62.422146,13328.480276,1107.782917,1832.885019,209.90447,30.264439,21.76126,9.181561,0.870545,157234.638982,37924.332011,1371.173585,270.279541,16.750634
2022-12-01,Monthly,68.71059,15360.002624,1363.789933,2110.531965,221.606694,34.796574,28.123077,9.207725,0.869762,157859.61487,39492.542353,1323.882075,295.898931,13.875626
2023-01-01,Annual,825.172578,173320.177052,17557.22189,23763.707113,2479.680188,465.435838,325.40088,9.79105,0.84795,169752.418379,43793.095278,1350.857708,295.133999,12.174928
2023-01-01,Monthly,67.632238,14805.140175,1273.88745,1761.65551,208.005534,35.978105,23.194846,9.241429,0.869014,158715.618187,39567.723501,1359.389229,307.592997,18.094187
2023-02-01,Monthly,58.730585,12757.739041,1147.8861,1724.858598,203.433557,32.677475,23.473993,9.274717,0.868094,159440.498231,39224.1581,1448.77377,318.612728,19.742472
2023-03-01,Monthly,66.769822,14440.328606,1331.099043,1992.242149,213.628907,39.424869,25.193637,9.335956,0.867166,160432.478057,39034.688278,1379.918822,324.852696,17.45549
2023-04-01,Monthly,63.563776,13433.721874,1229.869352,1862.918997,184.914614,38.336078,24.527885,9.375354,0.865111,161128.994736,39390.556565,1469.867827,339.96923,23.531747
2023-05-01,Monthly,67.92627,14092.54728,1372.263741,1942.344685,211.402766,35.561097,28.391139,9.436145,0.86361,162300.760389,39384.180424,1428.255232,339.890581,24.239229
2023-06-01,Monthly,66.847439,13755.206703,1495.638205,1876.333051,206.456947,35.310209,27.397534,9.495321,0.865924,163346.161324,39898.063261,1442.847414,346.424648,17.424216
2023-07-01,Monthly,66.793572,13790.90284,1657.884133,1897.290821,204.707253,41.995219,27.749093,9.551714,0.852367,164367.98564,40460.096746,1347.983119,292.238061,19.793924
2023-08-01,Monthly,70.951154,14808.212915,1626.372672,1883.275892,207.79294,42.527458,28.060585,9.623388,0.85349,166636.650341,40821.236148,1343.999912,293.249043,21.667695
2023-09-01,Monthly,71.256071,14504.380019,1480.617745,2013.941515,209.199726,39.821121,29.556204,9.676098,0.853215,167607.728713,41397.732729,1422.288055,286.234734,15.888528
2023-10-01,Monthly,73.951922,15160.921419,1528.91574,2164.252796,212.578365,41.352499,27.783086,9.734638,0.853016,168665.398758,41661.440717,1382.087883,281.62047,17.810113
2023-11-01,Monthly,72.794531,15127.784503,1551.765139,2202.585855,206.249509,40.266432,27.683848,9.784123,0.852387,169465.161507,42389.578838,1383.66817,290.055479,19.71259
2023-12-01,Monthly,77.955198,16643.291677,1861.02257,2442.007244,211.31007,42.185276,32.38903,9.79105,0.84795,169752.418379,43793.095278,1350.857708,295.133999,12.174928
2024-01-01,Annual,928.10958,186456.209049,22146.216095,27017.598341,2410.999302,568.697903,354.597225,10.350023,0.840575,181101.611512,47440.567254,1384.342666,279.487627,16.981621
2024-01-01,Monthly,77.927779,16466.329075,1870.7725,2121.64111,212.919474,44.17998,29.872199,9.837796,0.848594,170495.833346,44058.66593,1316.671807,293.70594,15.83484
2024-02-01,Monthly,70.689863,15028.187758,1755.122742,2004.87339,192.697155,48.259853,25.887924,9.854492,0.847858,171082.589668,43718.064875,1356.244988,291.278662,17.454586
2024-03-01,Monthly,74.041004,15393.753401,1790.986524,2208.73095,202.508529,44.402491,27.5765,9.882629,0.847125,171674.284589,43467.466675,1378.083023,284.257327,14.807087
2024-04-01,Monthly,70.544974,14405.140147,1725.012814,2151.520013,188.084906,42.71349,28.074978,9.925182,0.846478,172273.771555,43377.49831,1387.216756,291.847413,18.460308
2024-05-01,Monthly,75.507096,15279.246446,1752.69057,2203.939157,197.914023,44.425791,26.811762,9.962051,0.842962,173674.820034,43380.058676,1296.09456,284.933282,21.205929
2024-06-01,Monthly,73.82779,14803.870885,1955.994436,2112.19616,186.490146,45.306945,26.593106,10.040846,0.843466,174743.041403,43768.392467,1349.285263,289.428592,14.992593
2024-07-01,Monthly,77.608257,15309.354578,2180.550221,2167.791433,206.680799,52.475963,28.526893,10.121678,0.83879,175991.889085,43850.891746,1307.762473,269.543441,16.145111
2024-08-01,Monthly,78.765558,15406.303288,1880.549795,2134.260359,206.868558,55.494111,28.787282,10.199579,0.839861,177312.433345,44311.068362,1275.304776,261.882051,20.343598
2024-09-01,Monthly,79.629199,15350.154794,1708.377847,2352.817798,202.755148,47.697708,31.962777,10.260178,0.840999,178064.897829,45212.93612,1379.497966,263.694211,17.845486
2024-10-01,Monthly,81.052202,15865.887743,1677.07284,2396.703723,204.857195,47.79838,29.942424,10.262634,0.841634,179200.321303,45377.399248,1338.467131,269.146877,17.640731
2024-11-01,Monthly,80.138475,15567.183591,1717.064227,2445.420911,200.656881,46.92056,33.514688,10.3238,0.842738,180332.570734,46144.598007,1395.835869,276.643044,20.346586
2024-12-01,Monthly,88.377383,17580.797343,2132.021579,2717.703337,208.566488,49.022631,37.046692,10.350023,0.840575,181101.611512,47440.567254,1384.342666,279.487627,16.981621
2025-01-01,Annual,1028.94899,195959.595532,24415.707724,28855.09564,2467.182549,650.725648,369.470543,10.877924,0.809935,193074.825488,50698.063892,1494.58235,318.376354,20.959668
2025-01-01,Monthly,86.628132,17610.356427,2018.838073,2276.285191,201.85234,52.405788,30.369766,10.380629,0.839092,181819.366012,47841.653786,1397.288921,283.509553,19.315493
2025-02-01,Monthly,74.011814,14447.010056,1765.006491,2134.208178,191.043345,48.777098,29.301026,10.426534,0.838393,182542.065877,47186.993935,1484.657538,294.403755,20.953347
2025-03-01,Monthly,82.721279,16535.492798,1809.385989,2310.453286,205.785301,53.267406,28.69414,10.47379,0.836095,183519.36651,46638.40579,1461.68746,285.177213,16.988609
2025-04-01,Monthly,79.617248,15110.609344,1887.853107,2353.343825,195.901498,48.45739,34.4918,10.518565,0.834114,184706.598151,46971.772697,1436.749303,287.905981,20.041713
2025-05-01,Monthly,85.102339,16083.471232,1873.229399,2339.913928,206.42034,50.211529,28.640341,10.599352,0.832049,186014.296866,47308.055304,1439.369646,287.587476,22.028573
2025-06-01,Monthly,84.988622,15644.562151,2070.679614,2230.604269,203.695868,49.672452,32.960996,10.627883,0.829904,186765.251278,47785.731558,1527.647445,301.097345,17.969433
2025-07-01,Monthly,86.52313,16274.808746,2199.514651,2256.93603,209.907577,56.876241,27.065273,10.677072,0.824212,188054.890911,47803.502266,1439.708472,294.140291,19.899975
2025-08-01,Monthly,87.797898,16654.342014,2202.98149,2273.527101,210.611396,61.774809,28.011096,10.724146,0.822492,189157.493568,48516.666034,1474.139331,296.785473,23.091207
2025-09-01,Monthly,88.491453,16158.873096,2033.102921,2564.434074,211.114451,56.511826,34.70402,10.839876,0.824687,190147.133657,48843.352096,1537.380202,310.189193,18.646881
2025-10-01,Monthly,88.539318,16562.699603,2038.950024,2565.512918,211.378553,59.45064,29.259645,10.840141,0.818899,191297.71372,48851.418457,1487.266375,311.78144,21.11331
2025-11-01,Monthly,88.749544,16662.244552,2066.743222,2605.679655,205.42877,55.48814,31.014171,10.850121,0.813433,192172.372449,49773.560478,1537.295763,316.081519,25.159093
2025-12-01,Monthly,95.778213,18215.125513,2449.422743,2944.197185,214.04311,57.832329,34.958269,10.877924,0.809935,193074.825488,50698.063892,1494.58235,318.376354,20.959668
2026-01-01,Annual,355.43719300000004,67296.917499,8522.381823,9613.399678999998,802.913638,239.701371,117.49614700000001,10.976043,0.803453,196629.959398,49548.084806,1541.28433,335.885367,22.857647
2026-01-01,Monthly,93.819536,17850.644394,2337.604386,2575.78249,207.674169,61.49364,30.101088,10.934722,0.809263,194045.368574,51047.253976,1455.06888,317.567133,23.79299
2026-02-01,Monthly,83.793996,15943.230197,2060.925654,2089.141613,184.855092,58.776837,20.774601,10.929243,0.80582,194722.871307,50529.531142,1582.071265,323.321814,26.231699
2026-03-01,Monthly,90.513056,17296.024116,2148.493222,2580.994964,212.629191,61.366487,36.326247,10.952103,0.804534,195556.934284,49687.530261,1622.31429,325.237699,20.28034
2026-04-01,Monthly,87.310605,16207.018792,1975.358561,2367.480612,197.755186,58.06440699999999,30.294211,10.976043,0.803453,196629.959398,49548.084806,1541.28433,335.885367,22.857647
