date,frequency,no_million,rm_billion,no_000_no_000,rm_milion_rm_million,of_which_returned_cheques_due_to_insufficient_funds_no_000_no_000,of_which_returned_cheques_due_to_insufficient_funds_rm_milion_rm_million
1995-01-01,Annual,,,,,,
1996-01-01,Annual,96.1,1109.9,,,,
1997-01-01,Annual,104.8,1304.7,,,,
1998-01-01,Annual,133.20000000000002,954.1000000000001,,,,
1999-01-01,Annual,154.1,1041.8999999999999,,,,
2000-01-01,Annual,164.77933000000002,1076.04226227,,,,
2001-01-01,Annual,166.73821999999998,1004.35934162,,,,
2002-01-01,Annual,176.434295,1081.41314818,,,,
2003-01-01,Annual,179.90889799999997,1143.97293731,,,,
2004-01-01,Monthly,14.661825,105.5610471,,,,
2004-01-01,Annual,183.76745799999998,1226.8766199000002,,,,
2004-02-01,Monthly,12.955757,85.2290321,,,,
2004-03-01,Monthly,16.448511,116.1586714,,,,
2004-04-01,Monthly,15.462021,103.6104949,,,,
2004-05-01,Monthly,14.686882,96.64398254999999,,,,
2004-06-01,Monthly,15.217369,100.1893937,,,,
2004-07-01,Monthly,16.371753,105.7382778,,,,
2004-08-01,Monthly,15.137611,96.0130647,,,,
2004-09-01,Monthly,16.3953,104.88079,,,,
2004-10-01,Monthly,15.673305,102.85253420000001,,,,
2004-11-01,Monthly,14.34134,95.30940025000001,,,,
2004-12-01,Monthly,16.415784,114.6899312,,,,
2005-01-01,Annual,184.44165600000005,1234.7810386800002,,,,
2005-01-01,Monthly,15.690838,108.09356960000001,,,,
2005-02-01,Monthly,13.154131,91.06827052999999,,,,
2005-03-01,Monthly,16.075115,109.60486410000001,,,,
2005-04-01,Monthly,15.035581,99.48835905,,,,
2005-05-01,Monthly,15.236972,99.76331463999999,,,,
2005-06-01,Monthly,15.454631,101.5896529,,,,
2005-07-01,Monthly,15.727658,103.53536310000001,,,,
2005-08-01,Monthly,16.04859,104.5296978,,,,
2005-09-01,Monthly,16.189952,107.7913525,,,,
2005-10-01,Monthly,16.168408,109.68533040000001,,,,
2005-11-01,Monthly,13.809315,91.03257916,,,,
2005-12-01,Monthly,15.850465,108.5986849,,,,
2006-01-01,Annual,186.33978099999996,1315.31142734,,,,
2006-01-01,Monthly,15.88402,110.1594475,,,,
2006-02-01,Monthly,13.210347,89.00550079000001,,,,
2006-03-01,Monthly,16.302003,113.7003272,,,,
2006-04-01,Monthly,14.136554,96.67300065,,,,
2006-05-01,Monthly,16.737868,114.8770852,,,,
2006-06-01,Monthly,15.591289,106.67425010000001,,,,
2006-07-01,Monthly,15.728589,114.7297096,,,,
2006-08-01,Monthly,16.252018,112.7778482,,,,
2006-09-01,Monthly,15.740488,110.6217405,,,,
2006-10-01,Monthly,15.62924,109.86352600000001,,,,
2006-11-01,Monthly,16.155897,120.9327844,,,,
2006-12-01,Monthly,14.971468,115.2962072,,,,
2007-01-01,Monthly,17.331984,128.43562503126,,,,
2007-01-01,Annual,192.440956,1546.5520838491302,,,,
2007-02-01,Monthly,14.379905,114.77038086728999,,,,
2007-03-01,Monthly,15.824781,126.93354927028,,,,
2007-04-01,Monthly,15.608258,120.85200250614,,,,
2007-05-01,Monthly,16.399057,129.54840355858,,,,
2007-06-01,Monthly,15.356778,123.04655596895999,,,,
2007-07-01,Monthly,17.485964,151.67483104843,,,,
2007-08-01,Monthly,16.650083,135.10841097872,,,,
2007-09-01,Monthly,15.393583,121.17690032697001,,,,
2007-10-01,Monthly,16.968297,138.30794708918,,,,
2007-11-01,Monthly,15.920295,131.25764348964998,,,,
2007-12-01,Monthly,15.121971,125.43983371366998,,,,
2008-01-01,Monthly,17.744096,153.95593894267,,,,
2008-01-01,Annual,191.700096,1604.1080109598702,,,,
2008-02-01,Monthly,14.050807,119.01569910977001,,,,
2008-03-01,Monthly,15.506995,130.22757413522,,,,
2008-04-01,Monthly,16.23476,132.74774561258002,,,,
2008-05-01,Monthly,15.684968,128.45855236402,,,,
2008-06-01,Monthly,16.26129,136.93186430399,,,,
2008-07-01,Monthly,17.610552,145.62611711527,,,,
2008-08-01,Monthly,15.622208,133.26407922478998,,,,
2008-09-01,Monthly,17.043319,143.53850942910998,,,,
2008-10-01,Monthly,15.271327,126.10141426485,,,,
2008-11-01,Monthly,14.598334,121.12790905342999,,,,
2008-12-01,Monthly,16.07144,133.11260740417,,,,
2009-01-01,Annual,200.517289,1636.89750609608,1727.156,12445.900205630001,380.982,2792.6312709000003
2009-01-01,Monthly,15.875429,129.930356038,132.602,1108.65296079,30.118,361.46428623
2009-02-01,Monthly,13.598029,106.49174628242001,113.035,741.4367617400001,25.139,154.3997968
2009-03-01,Monthly,16.669847,126.3632243975,138.383,988.12294395,31.204,287.81608501
2009-04-01,Monthly,16.468238,132.33764631173,135.379,913.29495786,30.024,193.06706881
2009-05-01,Monthly,15.890057,128.37105362673,131.649,919.86189301,30.403,213.69233995
2009-06-01,Monthly,17.768727,142.82944361418,151.789,1035.08169476,32.105,215.18063477
2009-07-01,Monthly,18.77388,149.93514195977,160.039,1054.72782441,35.852,242.34115864
2009-08-01,Monthly,16.167212,134.69877811305,134.321,900.85732294,30.815,191.48634238
2009-09-01,Monthly,17.415647,141.63771432149,189.815,1314.79998498,35.184,253.56344045
2009-10-01,Monthly,17.332449,142.16184042812,149.484,1009.9703468599998,31.56,211.63685103
2009-11-01,Monthly,16.805225,141.67288211279,134.452,1002.08465518,31.062,197.40115865
2009-12-01,Monthly,17.752549,160.4676788903,156.208,1457.00885915,37.516,270.58210818
2010-01-01,Annual,206.74544,1842.18915758258,1646.515,13377.19999721,366.72799999999995,3184.0044169099997
2010-01-01,Monthly,16.92252,147.258224812,139.415,1005.92550933,30.369,196.16721029
2010-02-01,Monthly,14.711842,134.46002793661,124.903,952.11464196,26.959,210.0600775
2010-03-01,Monthly,19.120805,167.58123128217002,155.858,1148.48729751,35.801,266.41329024
2010-04-01,Monthly,17.517751,152.09631018147,133.171,1068.64820036,29.908,229.32670504
2010-05-01,Monthly,16.767731,141.26072568678,126.967,975.24690404,29.122,215.0568004
2010-06-01,Monthly,17.50401,151.22425441110997,145.323,1213.3195967,33.724,247.12606529
2010-07-01,Monthly,18.055605,153.91259192554,140.698,1111.52311706,30.752,252.29409837
2010-08-01,Monthly,17.796258,155.262,134.12,1021.5694453799999,29.126,206.41147969
2010-09-01,Monthly,16.714249,151.217975735,142.028,1186.85861971,32.131,320.17075925
2010-10-01,Monthly,17.176997,159.25434336518,130.058,967.94453361,28.114,194.19438415
2010-11-01,Monthly,17.319265,162.503885064,136.757,1582.33226022,30.594,604.48739494
2010-12-01,Monthly,17.138407,166.15758718272,137.217,1143.22987133,30.128,242.29615175
2011-01-01,Monthly,19.736845,187.737607361,150.513,1305.35942316,29.989,266.75679015
2011-01-01,Annual,204.907767,1979.8576897346602,1611.242,15478.491389789999,341.33700000000005,3330.1067034300004
2011-02-01,Monthly,13.333926,126.251466279,115.599,988.7081151699999,24.365,184.76601222
2011-03-01,Monthly,18.28788,175.019514686,143.768,1336.5021267,30.426,232.39214376
2011-04-01,Monthly,16.558256,159.635123033,124.201,2001.4241605,25.97,337.50884595
2011-05-01,Monthly,17.651564,161.140975757,138.217,1124.2474684200001,30.073,284.93454133
2011-06-01,Monthly,17.426099,168.51315976116,130.582,1112.11171754,27.937,212.13195509
2011-07-01,Monthly,16.948756,165.027523057,129.659,1573.1898833000005,27.998,508.61402351999993
2011-08-01,Monthly,18.037519,180.52847708,131.467,1206.79506605,28.523,237.71933655
2011-09-01,Monthly,16.6231,158.18430314972,135.199,1143.35695163,30.493,232.48957688
2011-10-01,Monthly,16.858357,165.77849030163,132.442,1179.7009961800002,26.843,236.1398333
2011-11-01,Monthly,16.559103,160.05387367792,136.726,1137.80656741,28.733,231.94555767
2011-12-01,Monthly,16.886362,171.98717559123,142.869,1369.28891373,29.987,364.70808701
2012-01-01,Annual,203.78375599999998,2033.22150837361,1577.109,15046.326464800002,321.36400000000003,2981.26943475
2012-01-01,Monthly,17.550006,175.27585593237,145.817,1397.60568737,29.299,330.36262582
2012-02-01,Monthly,15.71543,152.12752896897,128.439,1163.94804115,25.082,235.86889408
2012-03-01,Monthly,17.059196,172.41271011264,133.689,1181.79283395,25.439,212.44864141
2012-04-01,Monthly,17.005059,164.29393964665,128.196,1096.39071096,25.442,219.26946913
2012-05-01,Monthly,17.842552,178.29308445483,142.771,1302.31517007,29.305,283.07974717
2012-06-01,Monthly,16.323989,164.45326344797,123.14,1109.84140332,25.122,228.64794491
2012-07-01,Monthly,18.75874,184.60328830913,137.217,1453.10605075,28.389,269.13746035
2012-08-01,Monthly,16.10838,167.776,123.529,1355.22976996,25.097,224.99697048
2012-09-01,Monthly,16.029556,158.66508219838,122.325,1269.37216029,25.126,256.62565752
2012-10-01,Monthly,18.351383,182.48138204193,141.719,1293.69070946,28.607,250.47440377999996
2012-11-01,Monthly,16.488744,163.48281714361,126.353,1110.77261803,26.946,210.68128843
2012-12-01,Monthly,16.550721,169.35655611713,123.914,1312.26130949,27.51,259.67633167
2013-01-01,Annual,199.57739100000003,2089.8600716783403,1582.816,16615.44539349,336.41700000000003,3517.6496290600003
2013-01-01,Monthly,17.936277,188.59364312071,151.805,1424.57744381,29.331,315.65289575
2013-02-01,Monthly,14.727244,152.97000284276,127.057,1267.91627844,25.149,258.09423701
2013-03-01,Monthly,16.488786,168.15749765439,142.237,1362.90255221,25.669,262.18371189
2013-04-01,Monthly,17.820361,181.68388862474,133.625,1466.52909437,26.859,303.27192422
2013-05-01,Monthly,17.042456,174.50453167195,132.684,1602.18814747,30.229,343.53935659
2013-06-01,Monthly,15.454123,160.28701283089,116.461,1274.38622485,25.501,269.68194491
2013-07-01,Monthly,18.891691,191.24092350007,145.483,1692.3267473,32.857,315.96376196
2013-08-01,Monthly,15.574853,164.26276100748,120.831,1225.91058667,26.483,255.61857780000003
2013-09-01,Monthly,15.992807,164.27667596636,118.729,1176.33999165,26.167,265.34762636
2013-10-01,Monthly,16.531205,175.80888297244,137.245,1374.26036514,30.347,288.15690075
2013-11-01,Monthly,17.026098,191.52844711391,120.041,1154.75789708,27.224,271.56397443
2013-12-01,Monthly,16.09149,176.54580437264,136.618,1593.3500645,30.601,368.57471739
2014-01-01,Monthly,17.172375,194.74776161486,144.926,1469.86700802,29.227,322.35246697
2014-01-01,Annual,177.12306999999998,1938.2183342564203,1521.302,16091.6837995,330.431,3694.0409529500002
2014-02-01,Monthly,12.957029,138.61924663023,112.161,1159.38354304,22.688,261.60631153
2014-03-01,Monthly,15.221583,162.67618767962,125.40499999999999,1312.41981602,25.957,334.17523973
2014-04-01,Monthly,15.228087,164.8292700756,142.16,1470.77685578,26.764,286.84774951
2014-05-01,Monthly,14.471951,152.7084761654,130.64,1412.40450807,29.038,288.61783324
2014-06-01,Monthly,14.665115,156.183489359,122.556,1296.86818081,27.492,313.68943477
2014-07-01,Monthly,15.296759,169.003615923,133.693,1397.97149143,31.383000000000003,353.48331781
2014-08-01,Monthly,14.197792,155.21372428759,113.981,1199.26228468,25.612,280.7581055
2014-09-01,Monthly,14.771648,158.67712822814,124.575,1343.54103553,28.528,318.62321856
2014-10-01,Monthly,14.640026,164.01015444378,126.18199999999999,1345.37277803,28.627,338.78003385
2014-11-01,Monthly,13.290802,147.03149478999,111.741,1193.96656653,24.467,262.11919671
2014-12-01,Monthly,15.209903,174.51778505921,133.282,1489.84973156,30.648,332.98804477
2015-01-01,Annual,148.012196,1794.93667952142,1282.296,16325.427331580002,292.077,3660.4661116800003
2015-01-01,Monthly,13.57224,159.44307469109,120.288,1417.7098156,25.874,340.12315026
2015-02-01,Monthly,11.820012,141.30751792311,107.471,1286.92962553,23.842,272.99672154
2015-03-01,Monthly,13.617577,162.286519467,113.662,1529.05175031,25.905,327.0762009
2015-04-01,Monthly,12.761309,154.449777944,108.939,1543.75700475,23.655,329.8318604
2015-05-01,Monthly,11.468559,134.897791843,107.913,1240.62052017,23.789,275.7194709
2015-06-01,Monthly,12.718733,151.278322586,109.294,1284.37101036,25.113,315.9438449
2015-07-01,Monthly,12.425402,151.10040615613,108.65,1338.82520416,25.631,298.36694282
2015-08-01,Monthly,11.4,137.158588081,94.192,1263.63985903,21.816,338.32398172
2015-09-01,Monthly,12.3,146.560502365,104.541,1369.68386039,25.599,339.32707986
2015-10-01,Monthly,12.145805,148.918520921,101.764,1326.67716606,23.615,262.21294787
2015-11-01,Monthly,11.713877,144.94774515974,96.171,1309.81741873,22.16,270.52434873
2015-12-01,Monthly,12.068682,162.58791238435,109.411,1414.34409649,25.078,290.01956178
2016-01-01,Annual,134.90535899999998,1664.8696481132797,1178.081,17902.68765134,251.57,3581.9510759500004
2016-01-01,Monthly,11.578486,151.33058794317,103.887,1404.75236196,20.147,320.66267824
2016-02-01,Monthly,10.845605,132.82105073403,97.355,1305.12251874,21.18,301.77895557
2016-03-01,Monthly,12.029516,150.43373713079,107.893,1387.96635313,22.462,311.55431688
2016-04-01,Monthly,10.964786,134.93180074972,93.688,1519.42508233,19.421,246.93031663
2016-05-01,Monthly,11.663293,137.17383273189,102.762,1286.20885865,22.67,288.5702091
2016-06-01,Monthly,11.320596,143.3454555676,105.871,1738.70298354,20.978,278.26883259
2016-07-01,Monthly,11.669066,127.48671984278,90.751,1737.96441175,20.195,282.20426952
2016-08-01,Monthly,11.669066,141.43141101866,98.018,1351.83073199,20.796,325.89119953
2016-09-01,Monthly,10.962851,133.10349722142,95.775,1324.39093475,22.135,307.46675884
2016-10-01,Monthly,10.962851,133.10349722142,92.701,2113.44492129,19.868,285.6993543
2016-11-01,Monthly,10.924308,137.91409805518,95.972,1270.50476804,20.71,287.28499211
2016-12-01,Monthly,10.314935,141.79395989662,93.408,1462.37372517,21.008,345.63919264
2017-01-01,Monthly,11.642074,154.5936116611,100.449,1519.47596067,19.496,251.01065064
2017-01-01,Annual,118.27607,1612.9116893609298,1033.3310000000001,16125.32543585,216.56000000000003,3166.63575572
2017-02-01,Monthly,8.963971,115.30340876535,80.399,1060.71663741,16.266,208.12891307
2017-03-01,Monthly,10.969754,150.17743838321,93.094,1518.47863382,19.572,272.21087551
2017-04-01,Monthly,9.306345,124.25429969473,79.093,1181.0844789,16.516,188.3818051
2017-05-01,Monthly,11.022796,140.651970651,95.86,1433.89083551,21.144,263.22006618
2017-06-01,Monthly,9.477408,128.51597820618,83.739,1286.57404807,17.56,200.53666422
2017-07-01,Monthly,9.477408,132.50203252974,87.851,1264.17191357,17.433,265.36267255
2017-08-01,Monthly,9.935325,135.84696117166,87.38,1375.13379324,18.055,268.38223469
2017-09-01,Monthly,8.920655,120.55296035951,79.211,1248.02440585,17.763,302.32569323
2017-10-01,Monthly,10.184468,139.60542653149,85.996,1395.53444826,18.425,304.53739941
2017-11-01,Monthly,9.713675,137.38441011184,82.234,1460.24234826,17.372,277.02247732
2017-12-01,Monthly,8.662191,133.52319129512,78.025,1381.99793229,16.958,365.5163038
2018-01-01,Monthly,9.725513,139.03806851088,86.824,1379.82059579,17.004,282.13859426
2018-01-01,Annual,101.38328899999998,1431.9067919835402,883.978,18155.98170815,179.812,3889.3205144099998
2018-02-01,Monthly,8.761697,125.29491775972,78.059,1248.8530947,15.730999999999998,235.71511274
2018-03-01,Monthly,9.00785,128.02,76.195,1193.47440825,15.51,234.61876192
2018-04-01,Monthly,9.15614,125.43,71.897,1162.36033389,14.176,347.90908882
2018-05-01,Monthly,8.357009,114.41475622204,74.846,1151.10192764,17.347,275.65872782
2018-06-01,Monthly,7.664012,111.30456015925,67.012,1572.8017583,14.092,551.69077213
2018-07-01,Monthly,9.100381,120.49694671117,76.391,1346.50400559,15.406,260.58430784
2018-08-01,Monthly,8.077281,113.96952525052,74.867,1429.91622909,13.384,498.12135332
2018-09-01,Monthly,7.298334,102.20749949207,65.969,1610.00022685,13.963,228.93124537
2018-10-01,Monthly,8.900996,124.3767519938,77.479,1350.68950774,15.634000000000002,290.69802852
2018-11-01,Monthly,7.690101,109.91242950218,67.881,1517.77350487,13.777,439.62370545
2018-12-01,Monthly,7.643975,117.44133638191,66.558,3192.68611544,13.788,243.63081622
2019-01-01,Annual,84.35732099999998,1267.37244252232,760.763,17329.022301689998,148.919,3241.67085682
2019-01-01,Monthly,8.683212,135.030863104,77.719,1409.42581857,14.551,403.42024092
2019-02-01,Monthly,6.00861,90.33626296684,59.088,3732.24973605,11.296,228.17406806
2019-03-01,Monthly,7.166676,108.30611223352,66.197,1471.21996921,12.22,186.7752059
2019-04-01,Monthly,7.703343,111.72726923066,66.405,1450.77038268,12.935,288.89813823
2019-05-01,Monthly,7.483912,109.6830924917,66.578,1289.85206738,13.072,359.17926883
2019-06-01,Monthly,5.870154,89.34131566012,54.603,1293.59505149,11.175,183.37060385
2019-07-01,Monthly,7.688273,110.08445806392,65.529,1217.83404348,12.527,229.21083508
2019-08-01,Monthly,6.926216,103.03942644935,62.122,1165.8073117,12.619,397.51017824
2019-09-01,Monthly,6.56473,94.84544797771001,59.891,1003.2474125599999,11.702,223.41227243
2019-10-01,Monthly,7.044988,106.56641626633,63.85,1128.73391499,12.726,283.75000227
2019-11-01,Monthly,6.413592,99.66828236775,56.763,1075.33600958,11.416,243.98823127
2019-12-01,Monthly,6.803615,108.74349571041999,62.018,1090.950584,12.68,213.98181174
2020-01-01,Annual,59.85246899999999,980.05753217093,532.7080000000001,11591.56482303,88.058,2238.52642293
2020-01-01,Monthly,6.785114,107.91058709407001,62.66,1319.66733549,11.534,220.65241569
2020-02-01,Monthly,5.624147,87.23472084973,50.944,953.64276095,9.556,165.65716577
2020-03-01,Monthly,4.935833,79.81716606816,53.504,1015.4191311100001,11.673,190.4166602
2020-04-01,Monthly,2.151841,39.41996317317,34.167,633.26644668,7.961000000000001,117.28285697
2020-05-01,Monthly,3.878192,60.20413383832,36.306,870.92113061,5.956,132.0793807
2020-06-01,Monthly,5.262013,81.27596762799,42.35,863.48267744,5.416,134.24445377
2020-07-01,Monthly,5.314128,83.76971487757001,43.228,879.9625924,5.567,143.12346712
2020-08-01,Monthly,4.8929,78.07537051152,38.805,1026.53591653,5.256,194.45779661
2020-09-01,Monthly,5.546209,89.50269596586999,44.494,964.19248053,6.127,218.10469167
2020-10-01,Monthly,5.004157,85.98445002964999,40.68,874.25432741,6.094,175.56027952
2020-11-01,Monthly,5.106812,86.13193467017,39.817,1225.54490479,5.994,376.15459296
2020-12-01,Monthly,5.351123,100.73082746471,45.753,964.67511909,6.924,170.79266195
2021-01-01,Monthly,4.401964,80.28823961038,38.86,950.01770478,5.725,119.83433088
2021-01-01,Annual,49.470621,927.67683897137,404.26899999999995,9784.18426387,59.22200000000001,1621.9198316900001
2021-02-01,Monthly,4.273204,76.50561922581,36.233,1155.90497973,5.239,173.87470035
2021-03-01,Monthly,5.201347,91.79025757176,40.408,932.20659457,6.262,188.83101468
2021-04-01,Monthly,4.696467,85.12749473511,35.8,865.0,5.6,127.6
2021-05-01,Monthly,4.202165,75.92344752555,33.5,750.0,5.6,118.9
2021-06-01,Monthly,2.954449,59.886392866559994,30.0,680.8,5.0,173.0
2021-07-01,Monthly,4.168981,84.85711577039,26.1,599.4,4.1,127.5
2021-08-01,Monthly,3.302656,59.591935534099996,26.224,586.33983956,3.462,96.57073077
2021-09-01,Monthly,3.857149,69.74715911209,32.13,666.51923451,4.015,110.318994
2021-10-01,Monthly,3.822308,72.98025165084,32.381,688.8477596,4.076,135.40715468000002
2021-11-01,Monthly,4.237664,81.12688711476,34.157,842.464931,4.786,129.19330347
2021-12-01,Monthly,4.352267,89.85203825402,38.476,1066.68322012,5.357,120.88960286
2022-01-01,Monthly,4.480407,88.56269205955,39.704,946.63969609,5.097,164.87258763
2022-01-01,Annual,46.144788999999996,940.96364497019,412.791,11011.655725139999,67.426,1817.1507422999998
2022-02-01,Monthly,3.032257,62.702192719980005,29.056,1473.32081199,4.587,124.41683914000001
2022-03-01,Monthly,4.105658,84.459840086,38.546,864.7330894400001,6.34,140.49177679
2022-04-01,Monthly,3.88459,79.14290122706,33.505,756.8476302400001,4.846,155.89502821000002
2022-05-01,Monthly,3.721238,70.84398100250999,31.836,791.3619828,5.052,152.38195844999998
2022-06-01,Monthly,3.922657,80.83425191155,33.784,758.3400200499999,5.455,157.67772663999997
2022-07-01,Monthly,3.695825,77.87532315836,33.046,790.83311296,5.643,159.62110703
2022-08-01,Monthly,4.095747,81.09703596303,35.117,873.38753387,5.955,175.24336291999998
2022-09-01,Monthly,3.953675,80.37623288885001,35.241,858.53246586,6.027,156.70602264
2022-10-01,Monthly,3.771187,75.05793473297,33.252,928.5857582000001,5.699,130.69911679
2022-11-01,Monthly,3.664191,76.99451718046001,34.147,1054.3062314400001,6.32,151.28173383
2022-12-01,Monthly,3.817357,83.01674203987,35.557,914.7673922,6.405,147.86348223
2023-01-01,Annual,40.850353,879.4928632456101,381.01800000000003,10393.847156110001,69.828,1811.7068657599998
2023-01-01,Monthly,3.82956,79.71055692101,37.73,936.53430185,6.065,138.59528693000001
2023-02-01,Monthly,2.81562,60.53874934776999,27.61,726.51178571,4.649,127.68856210999999
2023-03-01,Monthly,3.764531,80.62248578674,37.132,931.37927832,6.463,129.08601996
2023-04-01,Monthly,3.063278,66.02915657889,29.034,792.07593777,5.383,111.9804919
2023-05-01,Monthly,3.797313,77.14915728271001,33.454,899.00865586,6.462,170.37049228
2023-06-01,Monthly,3.354931,71.97171402501,30.238,787.6976260800001,5.686,150.4482658
2023-07-01,Monthly,3.414734,71.10827241908,31.594,962.8998450700001,5.954,208.54299061
2023-08-01,Monthly,3.394748,74.49099669869,31.686,861.73736152,6.078,180.39284188
2023-09-01,Monthly,3.236163,70.6547259128,28.701,702.5529131799999,5.69,113.92297871
2023-10-01,Monthly,3.654292,77.05407705222,32.743,981.8286982999999,6.507,152.22528778
2023-11-01,Monthly,3.294605,73.73695253255,29.788,889.3378480599999,5.363,136.07561691
2023-12-01,Monthly,3.230578,76.42601868814,31.308,922.28290439,5.528,192.37803089
2024-01-01,Monthly,3.896855,88.28446653561,37.869,1105.43119025,6.313,193.46026978999998
2024-01-01,Annual,41.095676000000005,964.0320123381001,399.728,12096.11373645,66.508,1933.1661083600002
2024-02-01,Monthly,3.151976,72.65918550309,31.412,1089.10877796,5.262,135.32585558000002
2024-03-01,Monthly,3.180919,73.45486710233,31.497,932.34658365,5.031,164.80891488
2024-04-01,Monthly,3.407846,74.85679010272,35.975,973.8420429099999,5.503,132.7384327
2024-05-01,Monthly,3.423293,76.808475411,33.373,914.38766603,5.684,140.36176107
2024-06-01,Monthly,2.915496,66.52883494384,29.313,842.12611606,5.586,152.58723527
2024-07-01,Monthly,3.673368,80.79612159111,35.549,1083.6172119100002,6.275,200.40810327
2024-08-01,Monthly,4.453241,109.18301194981,32.295,906.01025078,5.228,131.55624004
2024-09-01,Monthly,3.136736,70.00783544719,30.67,852.97788009,5.198,106.10842023000001
2024-10-01,Monthly,3.30681,76.40141369706,34.181,1065.75038354,5.564,241.65629515
2024-11-01,Monthly,3.129389,78.1569544016,32.502,1058.39134945,5.211,150.47725965
2024-12-01,Monthly,3.419747,96.89405565274001,35.092,1272.1242838199998,5.653,183.67732073
2025-01-01,Annual,31.423387000000005,802.3643723754899,354.96000000000004,12644.870711630001,56.016999999999996,1863.76169265
2025-01-01,Monthly,3.310464,82.32829574635001,36.389,1118.4900618499998,5.318,150.34665133000001
2025-02-01,Monthly,2.62515,63.77872644504,29.148,819.1316381900001,4.582,110.05603278
2025-03-01,Monthly,2.84116,70.50664668691999,31.358,1100.9727166500002,5.046,170.75777022
2025-04-01,Monthly,2.903534,68.75362998805001,32.301,911.66001687,5.285,138.59703054
2025-05-01,Monthly,2.76086,67.08436941171,32.025,1292.05751375,4.973,359.93290762
2025-06-01,Monthly,2.4379,59.72356160275,26.088,886.50765328,4.245,122.65040131
2025-07-01,Monthly,2.637384,70.53630119786,31.806,1098.3321053,5.108,200.2722114
2025-08-01,Monthly,2.339427,61.65791711542,26.635,986.0964317,3.979,137.67910743000002
2025-09-01,Monthly,2.343843,59.5488167978,26.618,1066.01931683,4.423,108.92517281
2025-10-01,Monthly,2.476078,66.09110067188,28.154,1244.0350832899999,4.279,131.78978484
2025-11-01,Monthly,2.156932,59.95411828707,24.411,1152.68167824,3.805,107.47920731
2025-12-01,Monthly,2.590655,72.40088842464,30.027,968.8864956799999,4.974,125.27541506
2026-01-01,Monthly,2.226055,64.82824348564,27.526,888.8973889,3.789,132.85431056000002
2026-02-01,Monthly,1.975308,55.57941795171,23.974,733.06038515,3.603,105.50163871
2026-03-01,Monthly,2.184992,61.18872376722,26.437,955.1403354700001,4.088,124.42077664
2026-04-01,Monthly,2.21484,60.05756676374,25.598,906.70792266,3.726,147.03188847
