date,frequency,funds_raised_in_the_capital_market_by_public_sector,malaysian_government_securities,mgs_advanced_subscriptions,bonds,malaysian_government_investment_issues,bon_savings_bonds,sukuk_government_housing_sukuk,new_issues_of_debt_securities,mgs,kb,mgii,redemptions_bon_savings_bonds,redemptions_sukuk_government_housing_sukuk,less_government_holdings,net_funds_raised_by_the_public_sector
1970-01-01,Annual,,395.0,,,,,,395.0,7.0,,,,0.0,59.0,329.0
1971-01-01,Annual,,635.0,23.0,,,,,658.0,88.0,,,,0.0,51.0,519.0
1972-01-01,Annual,,1045.0,2.0,,,,,1047.0,261.0,,,,0.0,,786.0
1973-01-01,Annual,,1153.0,-23.0,,,,,1130.0,243.0,,,,0.0,1.0,886.0
1974-01-01,Annual,,950.0,2.0,,,,,952.0,230.0,,,,0.0,5.0,717.0
1975-01-01,Annual,,1092.0,-6.0,,,,,1086.0,176.0,,,,0.0,1.0,909.0
1976-01-01,Annual,,1817.0,20.0,,,,,1837.0,511.0,,,,0.0,-1.0,1327.0
1977-01-01,Annual,,2050.0,20.0,,,,,2070.0,254.0,,,,0.0,3.0,1813.0
1978-01-01,Annual,,1933.0,6.0,,,,,1939.0,504.0,,,,0.0,1.0,1434.0
1979-01-01,Annual,,3150.0,20.0,,,,,3170.0,643.0,,,,0.0,-1.0,2528.0
1980-01-01,Annual,,3300.0,-34.0,,,,,3266.0,955.0,,,,0.0,,2311.0
1981-01-01,Annual,,4200.0,465.0,,,,,4665.0,874.0,,,,0.0,19.4,3771.6
1982-01-01,Annual,,6400.0,171.0,,,,,6571.0,987.0,,,,0.0,37.4,5546.6
1983-01-01,Annual,,4030.0,167.0,,100.0,,,4297.0,331.0,,,,0.0,-36.0,4002.0
1984-01-01,Annual,,4700.0,-819.0,,200.0,,,4081.0,828.0,,100.0,,0.0,-3.0,3156.0
1985-01-01,Annual,,4700.0,80.0,,200.0,,,4980.0,1189.0,,200.0,,0.0,-0.4,3591.4
1986-01-01,Annual,,4900.0,422.0,,300.0,,,5622.0,702.0,,200.0,,0.0,-0.5,4720.5
1987-01-01,Annual,,8550.0,-178.0,,300.0,,,8672.0,879.0,,100.0,,0.0,-0.4,7693.4
1988-01-01,Annual,,7450.0,931.7,,600.0,,,8981.7,1344.9,,100.0,,0.0,2.5,7534.3
1989-01-01,Annual,,4985.2,-1272.4,,200.0,,,3912.8,1345.0,,200.0,,0.0,-91.1,2458.9
1990-01-01,Annual,,5140.6,,,300.0,,,5440.6,1243.0,,400.0,,0.0,-18.0,3815.6
1991-01-01,Annual,,3500.0,,,300.0,,,3800.0,343.0,,300.0,,0.0,,3157.0
1992-01-01,Annual,,3800.0,,,500.0,,,4300.0,2420.5,,400.0,,0.0,-51.0,1530.5
1993-01-01,Annual,,1600.0,,,1200.0,948.0,,3748.0,2224.5,,200.0,93.0,0.0,50.0,1180.5
1994-01-01,Annual,,2229.1,270.9,,3000.0,,,5500.0,3549.0,,200.0,69.8,0.0,-97.0,1778.2
1995-01-01,Annual,,2000.0,,,750.0,,,2750.0,2250.0,,500.0,37.8,0.0,-2.6,-35.2
1996-01-01,Annual,,6000.0,,,,,,6000.0,3809.0,,900.0,34.0,0.0,-74.1,1331.1
1997-01-01,Annual,,3000.0,,794.4,,,,3794.4,3648.0,,1400.0,154.8,0.0,-1.2,-1407.2
1998-01-01,Annual,,14950.0,,2731.9,,,,17681.9,6200.0,,750.0,928.2,0.0,,9803.7
1999-01-01,Annual,,10000.0,,2598.2,2000.0,377.2,,14975.4,6676.0,,2000.0,2.1,0.0,,6297.3
2000-01-01,Annual,,16413.0,,1550.701,2000.0,,,19964.2,5285.72,1000.0,,19.222,0.0,,13659.2
2001-01-01,Annual,,23086.932,,1630.401,1805.451,,,26522.8,7100.0,1850.0,2000.0,358.665,0.0,,15214.1
2002-01-01,Annual,,16265.9,,,2738.4,471.5,,19475.9,8900.0,,2000.0,7.9,0.0,,8568.0
2003-01-01,Annual,,41262.168,,2468.0,1729.36,,,45460.0,18600.0,3000.0,,8.598,0.0,,23851.0
2004-01-01,Annual,,43172.761,,951.818,3422.926,1942.822,,49490.328,18200.0,2150.0,2000.0,468.996,0.0,,26671.332
2005-01-01,Annual,,28275.93391705,,833.1914,4000.0787,1578.648,,34687.85201705,15800.0,,3000.0,63.0452,0.0,,15824.80681705
2006-01-01,Annual,,26830.04659446,,2000.0,9499.9036,,,38329.95019446,12850.0,2630.0,,1931.1033999999995,0.0,,20918.846794459998
2007-01-01,Annual,,43187.31673399,,524.39749507,10000.0282,0.0,,53711.742429059996,24400.0,1020.0,1600.0,1513.3606999999997,0.0,0.0,25178.381729059995
2008-01-01,Annual,,44618.30481025,,0.0,16499.995479999998,1483.0992,,62601.39949025,21398.7,3000.0,2000.0,14.64,0.0,0.0,36188.05949025
2008-01-01,Monthly,,7053.12779588,,,,,,7053.12779588,,,,,,,7053.12779588
2008-02-01,Monthly,,3588.15528533,,,,,,3588.15528533,,,,,,,3588.15528533
2008-03-01,Monthly,,3641.89238308,,,1999.9653,,,5641.85768308,3650.0,,2000.0,,,,-8.142316919999757
2008-04-01,Monthly,,3551.18117936,,,,1483.0992,,5034.28037936,,,,,,,5034.28037936
2008-05-01,Monthly,,3482.1036153,,,,,,3482.1036153,0.0,0.0,0.0,0.21,0.0,0.0,3481.8906153
2008-06-01,Monthly,,,,,3500.0311,,,3500.0311,0.0,1000.0,0.0,0.05,0.0,0.0,2499.9761000000003
2008-07-01,Monthly,,3353.0984471,0.0,0.0,0.0,0.0,,3353.0984471,8998.7,0.0,0.0,5.503,0.0,0.0,-5651.104552900001
2008-08-01,Monthly,,0.0,0.0,0.0,3499.92953,0.0,,3499.92953,0.0,0.0,0.0,1.7975,0.0,0.0,3498.1320299999998
2008-09-01,Monthly,,7983.59243597,0.0,0.0,0.0,0.0,,7983.59243597,4150.0,1000.0,0.0,0.8937,0.0,0.0,2832.6987359700006
2008-10-01,Monthly,,0.0,0.0,0.0,7500.06955,0.0,,7500.06955,0.0,0.0,0.0,3.5483,0.0,0.0,7496.52125
2008-11-01,Monthly,,8917.756078510001,0.0,0.0,0.0,0.0,,8917.756078510001,2600.0,0.0,0.0,1.448,0.0,0.0,6316.308078510001
2008-12-01,Monthly,,3047.39758972,0.0,0.0,0.0,0.0,,3047.39758972,2000.0,1000.0,0.0,1.1815,0.0,0.0,46.21608971999967
2009-01-01,Annual,,61294.40874525,0.0,0.0,28500.020579999997,7000.0,,96794.42932524998,31530.928,2350.0,5000.0,147.1635,0.0,0.0,57766.33782525
2009-01-01,Monthly,,5657.97964824,0.0,0.0,0.0,0.0,,5657.97964824,0.0,0.0,0.0,2.38,0.0,0.0,5655.59964824
2009-02-01,Monthly,,4499.96565,0.0,0.0,6000.0003,0.0,,10499.96595,11966.738,0.0,0.0,1.1436,0.0,0.0,-1467.915649999999
2009-03-01,Monthly,,10319.2202314,0.0,0.0,0.0,2000.0,,12319.2202314,5699.48,0.0,0.0,1.1482,0.0,0.0,6618.592031400001
2009-04-01,Monthly,,0.0,0.0,0.0,5000.05365,0.0,,5000.05365,0.0,0.0,3500.0,8.113,0.0,0.0,1491.94065
2009-05-01,Monthly,,8753.632252129999,0.0,0.0,0.0,5000.0,,13753.632252129999,0.0,0.0,0.0,4.959599999999999,0.0,0.0,13748.672652129999
2009-06-01,Monthly,,3976.82695739,0.0,0.0,5500.10369,0.0,,9476.93064739,0.0,0.0,0.0,4.343100000000001,0.0,0.0,9472.58754739
2009-07-01,Monthly,,5050.24495949,0.0,0.0,4499.91405,0.0,,9550.15900949,0.0,0.0,0.0,25.607400000000002,0.0,0.0,9524.55160949
2009-08-01,Monthly,,9499.953880000001,0.0,0.0,0.0,0.0,,9499.953880000001,0.0,0.0,0.0,23.252699999999997,0.0,0.0,9476.701180000002
2009-09-01,Monthly,,0.0,0.0,0.0,4000.04775,0.0,,4000.04775,4000.0,2350.0,0.0,15.6824,0.0,0.0,-2365.6346499999995
2009-10-01,Monthly,,4514.77852257,0.0,0.0,3499.90114,0.0,,8014.67966257,9364.71,0.0,1500.0,29.1885,0.0,0.0,-2879.2188374299994
2009-11-01,Monthly,,6507.8036669699995,0.0,0.0,0.0,0.0,,6507.8036669699995,0.0,0.0,0.0,19.3236,0.0,0.0,6488.48006697
2009-12-01,Monthly,,2514.00297706,0.0,0.0,0.0,0.0,,2514.00297706,500.0,0.0,0.0,12.0214,0.0,0.0,2001.9815770599998
2010-01-01,Annual,,37734.07906711,0.0,0.0,20999.85349,2398.8015,,61132.73405711,18377.71,0.0,5500.0,240.74409999999773,0.0,0.0,37014.279957110004
2010-01-01,Monthly,,5565.00461044,0.0,0.0,2999.9547,0.0,,8564.95931044,0.0,0.0,0.0,24.8781,0.0,0.0,8540.08121044
2010-02-01,Monthly,,3499.99102,0.0,0.0,0.0,0.0,,3499.99102,0.0,0.0,0.0,12.5882,0.0,0.0,3487.40282
2010-03-01,Monthly,,3499.9591,0.0,0.0,3499.97128,0.0,,6999.93038,0.0,0.0,3500.0,14.152800000000001,0.0,0.0,3485.77758
2010-04-01,Monthly,,5566.67111131,0.0,0.0,0.0,0.0,,5566.67111131,10886.51,0.0,0.0,22.893499999998312,0.0,0.0,-5342.7323886899985
2010-05-01,Monthly,,0.0,0.0,0.0,0.0,0.0,,0.0,0.0,0.0,0.0,20.456899999999223,0.0,0.0,-20.456899999999223
2010-06-01,Monthly,,3007.439,0.0,0.0,5499.9734100000005,2398.8015,,10906.21391,0.0,0.0,0.0,15.434300000000576,0.0,0.0,10890.77961
2010-07-01,Monthly,,3612.942923,0.0,0.0,3000.014,0.0,,6612.956923,0.0,0.0,0.0,30.125299999999697,0.0,0.0,6582.831623
2010-08-01,Monthly,,6336.35768536,0.0,0.0,0.0,0.0,,6336.35768536,6991.2,0.0,0.0,18.80470000000014,0.0,0.0,-673.6470146399997
2010-09-01,Monthly,,0.0,0.0,0.0,3000.0329,0.0,,3000.0329,0.0,0.0,0.0,13.72279999999978,0.0,0.0,2986.3101000000006
2010-10-01,Monthly,,6645.713616999999,0.0,0.0,0.0,0.0,,6645.713616999999,0.0,0.0,0.0,29.97550000000001,0.0,0.0,6615.738116999999
2010-11-01,Monthly,,0.0,0.0,0.0,2999.9072,0.0,,2999.9072,500.0,0.0,0.0,23.575000000000045,0.0,0.0,2476.3322
2010-12-01,Monthly,,0.0,0.0,0.0,0.0,0.0,,0.0,0.0,0.0,2000.0,14.136999999999944,0.0,0.0,-2014.137
2011-01-01,Annual,,55398.97458400001,0.0,0.0,36418.55917084,0.0,,91817.53375484001,37479.465,0.0,7500.0,1595.3528000000003,0.0,0.0,45242.715954840016
2011-01-01,Monthly,,6499.9383,0.0,0.0,0.0,0.0,,6499.9383,0.0,0.0,0.0,28.49129999999991,0.0,0.0,6471.447
2011-02-01,Monthly,,4499.95075,0.0,0.0,5499.98373,0.0,,9999.93448,0.0,0.0,0.0,10.03370000000018,0.0,0.0,9989.90078
2011-03-01,Monthly,,4137.75705,0.0,0.0,3999.9369,0.0,,8137.693950000001,0.0,0.0,0.0,18.10279999999989,0.0,0.0,8119.591150000001
2011-04-01,Monthly,,5500.07751,0.0,0.0,6000.0965,0.0,,11500.174009999999,18261.465,0.0,0.0,1418.8806999999997,0.0,0.0,-8180.171689999999
2011-05-01,Monthly,,3574.304289,0.0,0.0,4028.122838,0.0,,7602.427127,0.0,0.0,0.0,16.020300000000134,0.0,0.0,7586.406827
2011-06-01,Monthly,,7632.311198660001,0.0,0.0,0.0,0.0,,7632.311198660001,0.0,0.0,3500.0,12.276800000000094,0.0,0.0,4120.03439866
2011-07-01,Monthly,,4195.54606534,0.0,0.0,6650.69267984,0.0,,10846.238745179999,0.0,0.0,3000.0,22.377800000000434,0.0,0.0,7823.860945179998
2011-08-01,Monthly,,5336.86209,0.0,0.0,0.0,0.0,,5336.86209,0.0,0.0,0.0,16.168499999999312,0.0,0.0,5320.693590000001
2011-09-01,Monthly,,4499.94215,0.0,0.0,4134.76038921,0.0,,8634.70253921,19218.0,0.0,1000.0,10.589400000000296,0.0,0.0,-11593.88686079
2011-10-01,Monthly,,6369.219837000001,0.0,0.0,0.0,0.0,,6369.219837000001,0.0,0.0,0.0,19.78410000000008,0.0,0.0,6349.435737000001
2011-11-01,Monthly,,3153.065344,0.0,0.0,3059.28710762,0.0,,6212.35245162,0.0,0.0,0.0,12.883100000000013,0.0,0.0,6199.4693516199995
2011-12-01,Monthly,,0.0,0.0,0.0,3045.67902617,0.0,,3045.67902617,0.0,0.0,0.0,9.744300000000294,0.0,0.0,3035.9347261699995
2012-01-01,Annual,,52498.35477218,0.0,0.0,42235.745427689995,0.0,4500.0,99234.10019987,37563.197,0.0,8500.0,6483.8339,0.0,0.0,46687.069299869996
2012-01-01,Monthly,,3571.11141234,0.0,0.0,0.0,0.0,,3571.11141234,0.0,0.0,0.0,15.620899999999438,0.0,0.0,3555.4905123400004
2012-02-01,Monthly,,4000.08065,0.0,0.0,7500.03395,0.0,,11500.1146,7000.0,0.0,0.0,11.031999999999925,0.0,0.0,4489.082600000001
2012-03-01,Monthly,,3000.112,0.0,0.0,4499.90585,0.0,,7500.01785,0.0,0.0,0.0,1892.2291000000002,0.0,0.0,5607.78875
2012-04-01,Monthly,,9999.9609,0.0,0.0,0.0,0.0,,9999.9609,0.0,0.0,5000.0,8.909899999999652,0.0,0.0,4991.051
2012-05-01,Monthly,,3045.77922,0.0,0.0,4499.8362,0.0,,7545.61542,0.0,0.0,0.0,4556.042,0.0,0.0,2989.5734199999997
2012-06-01,Monthly,,3027.97203263,0.0,0.0,6577.76958739,0.0,,9605.74162002,12563.197,0.0,0.0,0.0,0.0,0.0,-2957.4553799799996
2012-07-01,Monthly,,6163.52270471,0.0,0.0,3556.29569158,0.0,2600.0,12319.81839629,0.0,0.0,0.0,0.0,0.0,0.0,12319.81839629
2012-08-01,Monthly,,4046.75479078,0.0,0.0,3500.02368,0.0,0.0,7546.77847078,14000.0,0.0,0.0,0.0,0.0,0.0,-6453.22152922
2012-09-01,Monthly,,3999.93308,0.0,0.0,4052.37372651,0.0,0.0,8052.30680651,0.0,0.0,3500.0,0.0,0.0,0.0,4552.30680651
2012-10-01,Monthly,,5601.7554084799995,0.0,0.0,2505.537158,0.0,1900.0,10007.292566479999,0.0,0.0,0.0,0.0,0.0,0.0,10007.292566479999
2012-11-01,Monthly,,2512.00781212,0.0,0.0,3499.879,0.0,0.0,6011.886812119999,1000.0,0.0,0.0,0.0,0.0,0.0,5011.886812119999
2012-12-01,Monthly,,3529.36476112,0.0,0.0,2044.09058421,0.0,0.0,5573.45534533,3000.0,0.0,0.0,0.0,0.0,0.0,2573.4553453299995
2013-01-01,Annual,,51423.95788525001,0.0,0.0,41026.948330160005,0.0,4400.0,96850.90621541001,38575.0,0.0,12000.0,2398.8015,0.0,0.0,43877.10471541001
2013-01-01,Monthly,,4499.9444,0.0,0.0,3538.80034554,0.0,0.0,8038.74474554,0.0,0.0,0.0,0.0,0.0,0.0,8038.74474554
2013-02-01,Monthly,,0.0,0.0,0.0,6511.621646,0.0,0.0,6511.621646,11218.65,0.0,0.0,0.0,0.0,0.0,-4707.028354
2013-03-01,Monthly,,8999.771799999999,0.0,0.0,0.0,0.0,1700.0,10699.771799999999,0.0,0.0,6000.0,0.0,0.0,0.0,4699.771799999999
2013-04-01,Monthly,,6017.51648772,0.0,0.0,3999.85525,0.0,0.0,10017.371737720001,0.0,0.0,0.0,18.083700000000135,0.0,0.0,9999.288037720002
2013-05-01,Monthly,,3562.5932599700045,0.0,0.0,4000.059,0.0,0.0,7562.652259970005,12000.0,0.0,0.0,0.0,0.0,0.0,-4437.347740029995
2013-06-01,Monthly,,3000.1568,0.0,0.0,3976.36590862,0.0,0.0,6976.52270862,0.0,0.0,0.0,2380.7178,0.0,0.0,4595.804908620001
2013-07-01,Monthly,,7978.583497950001,0.0,0.0,3999.9771,0.0,0.0,11978.560597950001,9244.0,0.0,3000.0,0.0,0.0,0.0,-265.43940204999853
2013-08-01,Monthly,,0.0,0.0,0.0,2499.9638,0.0,2700.0,5199.9637999999995,0.0,0.0,0.0,0.0,0.0,0.0,5199.9637999999995
2013-09-01,Monthly,,5965.5939504800035,0.0,0.0,3500.0982,0.0,0.0,9465.692150480003,0.0,0.0,3000.0,0.0,0.0,0.0,6465.692150480003
2013-10-01,Monthly,,2933.521816,0.0,0.0,2999.96963,0.0,0.0,5933.491446,6112.35,0.0,0.0,0.0,0.0,0.0,-178.85855400000037
2013-11-01,Monthly,,4930.598831000001,0.0,0.0,4000.1889,0.0,0.0,8930.787731,0.0,0.0,0.0,0.0,0.0,0.0,8930.787731
2013-12-01,Monthly,,3535.677042129999,0.0,0.0,2000.04855,0.0,0.0,5535.725592129998,0.0,0.0,0.0,0.0,0.0,0.0,5535.725592129998
2014-01-01,Annual,,51416.80175062,0.0,0.0,33919.441773620005,0.0,11500.0,96836.24352424001,26442.680999999997,0.0,20500.0,0.0,0.0,0.0,49893.56252424001
2014-01-01,Monthly,,3999.96985,0.0,0.0,3463.572655,0.0,0.0,7463.542504999999,0.0,0.0,0.0,0.0,0.0,0.0,7463.542504999999
2014-02-01,Monthly,,2493.27218568,0.0,0.0,2976.2678169000005,0.0,4000.0,9469.54000258,0.0,0.0,3500.0,0.0,0.0,0.0,5969.540002580001
2014-03-01,Monthly,,8000.0639,0.0,0.0,2579.046323,0.0,0.0,10579.110223,0.0,0.0,0.0,0.0,0.0,0.0,10579.110223
2014-04-01,Monthly,,4000.0187,0.0,0.0,1589.4764570700004,0.0,2600.0,8189.495157070001,16042.680999999997,0.0,0.0,0.0,0.0,0.0,-7853.1858429299955
2014-05-01,Monthly,,4895.54509248,0.0,0.0,3999.956,0.0,0.0,8895.50109248,0.0,0.0,0.0,0.0,0.0,0.0,8895.50109248
2014-06-01,Monthly,,3019.889344,0.0,0.0,4460.33175202,0.0,0.0,7480.22109602,0.0,0.0,0.0,0.0,0.0,0.0,7480.22109602
2014-07-01,Monthly,,3014.673312669999,0.0,0.0,1596.46677,0.0,0.0,4611.140082669999,0.0,0.0,4500.0,0.0,0.0,0.0,111.14008266999917
2014-08-01,Monthly,,3606.000024,0.0,0.0,3108.063878,0.0,1500.0,8214.063902,8400.0,0.0,0.0,0.0,0.0,0.0,-185.93609800000013
2014-09-01,Monthly,,5658.01862929,0.0,0.0,3517.329,0.0,0.0,9175.34762929,0.0,0.0,7000.0,0.0,0.0,0.0,2175.3476292899995
2014-10-01,Monthly,,2604.68783,0.0,0.0,3557.410475,0.0,3400.0,9562.098305,2000.0,0.0,0.0,0.0,0.0,0.0,7562.0983049999995
2014-11-01,Monthly,,7139.51407823,0.0,0.0,0.0,0.0,0.0,7139.51407823,0.0,0.0,0.0,0.0,0.0,0.0,7139.51407823
2014-12-01,Monthly,,2985.14880427,0.0,0.0,3071.52064663,0.0,0.0,6056.6694509,0.0,0.0,5500.0,0.0,0.0,0.0,556.6694508999999
2015-01-01,Annual,,51332.48836574,0.0,0.0,41056.197532590006,0.0,8000.0,100388.68589833,41069.44,0.0,12500.0,0.0,0.0,0.0,46819.24589833
2015-01-01,Monthly,,5479.49463881,0.0,0.0,4000.1111,0.0,0.0,9479.60573881,0.0,0.0,0.0,0.0,0.0,0.0,9479.60573881
2015-02-01,Monthly,,0.0,0.0,0.0,4000.0564,0.0,4000.0,8000.0563999999995,11796.74,0.0,0.0,0.0,0.0,0.0,-3796.6836000000003
2015-03-01,Monthly,,7999.99295,0.0,0.0,1499.9685,0.0,0.0,9499.961449999999,0.0,0.0,2000.0,0.0,0.0,0.0,7499.961449999999
2015-04-01,Monthly,,4000.0101,0.0,0.0,3999.8766,0.0,3500.0,11499.8867,0.0,0.0,0.0,0.0,0.0,0.0,11499.8867
2015-05-01,Monthly,,2000.09175,0.0,0.0,7098.3900441000005,0.0,0.0,9098.4817941,0.0,0.0,0.0,0.0,0.0,0.0,9098.4817941
2015-06-01,Monthly,,6490.92107289,0.0,0.0,3046.41405319,0.0,0.0,9537.33512608,0.0,0.0,0.0,0.0,0.0,0.0,9537.33512608
2015-07-01,Monthly,,2093.40244582,0.0,0.0,3510.16336652,0.0,0.0,5603.565812340001,0.0,0.0,7000.0,0.0,0.0,0.0,-1396.4341876599992
2015-08-01,Monthly,,6436.47459254,0.0,0.0,0.0,0.0,500.0,6936.47459254,10000.0,0.0,0.0,0.0,0.0,0.0,-3063.5254074599998
2015-09-01,Monthly,,5980.38371466,0.0,0.0,3018.4701,0.0,0.0,8998.85381466,11035.0,0.0,3500.0,0.0,0.0,0.0,-5536.14618534
2015-10-01,Monthly,,3448.337426,0.0,0.0,4490.19789316,0.0,0.0,7938.53531916,8237.7,0.0,0.0,0.0,0.0,0.0,-299.164680840001
2015-11-01,Monthly,,3421.17295946,0.0,0.0,3497.75597255,0.0,0.0,6918.92893201,0.0,0.0,0.0,0.0,0.0,0.0,6918.92893201
2015-12-01,Monthly,,3982.20671556,0.0,0.0,2894.79350307,0.0,0.0,6877.00021863,0.0,0.0,0.0,0.0,0.0,0.0,6877.00021863
2016-01-01,Annual,,44124.16419991001,0.0,0.0,43236.31002902001,0.0,0.0,87360.47422893002,26141.153,0.0,22000.0,0.0,0.0,0.0,39219.32122893002
2016-01-01,Monthly,,3081.35578838,0.0,0.0,6059.43704167,0.0,0.0,9140.79283005,0.0,0.0,0.0,0.0,0.0,0.0,9140.79283005
2016-02-01,Monthly,,3999.93305,0.0,0.0,3500.02665,0.0,0.0,7499.959699999999,0.0,0.0,7000.0,0.0,0.0,0.0,499.95969999999943
2016-03-01,Monthly,,5035.0737,0.0,0.0,4000.04608,0.0,0.0,9035.11978,0.0,0.0,0.0,0.0,0.0,0.0,9035.11978
2016-04-01,Monthly,,5565.95165748,0.0,0.0,3638.96366531,0.0,0.0,9204.91532279,0.0,0.0,0.0,0.0,0.0,0.0,9204.91532279
2016-05-01,Monthly,,7999.896060000001,0.0,0.0,2464.98912466,0.0,0.0,10464.885184660001,2172.0,0.0,0.0,0.0,0.0,0.0,8292.885184660001
2016-06-01,Monthly,,2584.96918573,0.0,0.0,3535.65894127,0.0,0.0,6120.628127,0.0,0.0,0.0,0.0,0.0,0.0,6120.628127
2016-07-01,Monthly,,2610.49642,0.0,0.0,3608.32306542,0.0,0.0,6218.81948542,11210.428,0.0,4000.0,0.0,0.0,0.0,-8991.608514579999
2016-08-01,Monthly,,6228.215488350001,0.0,0.0,3074.65566219,0.0,0.0,9302.87115054,0.0,0.0,0.0,0.0,0.0,0.0,9302.87115054
2016-09-01,Monthly,,3083.5840803,0.0,0.0,2185.44209037,0.0,0.0,5269.02617067,12758.724999999999,0.0,0.0,0.0,0.0,0.0,-7489.698829329998
2016-10-01,Monthly,,2025.10536967,0.0,0.0,6567.99230399,0.0,0.0,8593.09767366,0.0,0.0,0.0,0.0,0.0,0.0,8593.09767366
2016-11-01,Monthly,,1909.5834,0.0,0.0,3097.87103714,0.0,0.0,5007.454437140001,0.0,0.0,11000.0,0.0,0.0,0.0,-5992.545562859999
2016-12-01,Monthly,,0.0,0.0,0.0,1502.904367,0.0,0.0,1502.904367,0.0,0.0,0.0,0.0,0.0,0.0,1502.904367
2017-01-01,Annual,,53697.61715607,0.0,0.0,53706.9334373,0.0,0.0,107404.55059337,46750.0,0.0,20000.0,0.0,0.0,0.0,40654.550593370004
2017-01-01,Monthly,,3776.47012603,0.0,0.0,7478.52823973,0.0,0.0,11254.998365759999,0.0,0.0,0.0,0.0,0.0,0.0,11254.998365759999
2017-02-01,Monthly,,3062.52068813,0.0,0.0,4000.025,0.0,0.0,7062.54568813,8750.0,0.0,0.0,0.0,0.0,0.0,-1687.4543118700003
2017-03-01,Monthly,,8000.0844099999995,0.0,0.0,3969.98477037,0.0,0.0,11970.06918037,10500.0,0.0,0.0,0.0,0.0,0.0,1470.0691803699992
2017-04-01,Monthly,,5817.05236797,0.0,0.0,3999.9783,0.0,0.0,9817.03066797,2719.0,0.0,0.0,0.0,0.0,0.0,7098.030667970001
2017-05-01,Monthly,,4000.0955,0.0,0.0,6557.41768453,0.0,0.0,10557.51318453,0.0,0.0,0.0,0.0,0.0,0.0,10557.51318453
2017-06-01,Monthly,,2585.82065683,0.0,0.0,4109.84091,0.0,0.0,6695.66156683,0.0,0.0,3000.0,0.0,0.0,0.0,3695.66156683
2017-07-01,Monthly,,8061.9828599699995,0.0,0.0,2008.8807827,0.0,0.0,10070.86364267,0.0,0.0,0.0,0.0,0.0,0.0,10070.86364267
2017-08-01,Monthly,,3499.9545,0.0,0.0,6520.4878199800005,0.0,0.0,10020.44231998,0.0,0.0,9500.0,0.0,0.0,0.0,520.4423199800003
2017-09-01,Monthly,,4064.92275,0.0,0.0,4012.14562,0.0,0.0,8077.06837,12600.0,0.0,0.0,0.0,0.0,0.0,-4522.93163
2017-10-01,Monthly,,5478.86652126,0.0,0.0,2507.8261555,0.0,0.0,7986.69267676,12181.0,0.0,0.0,0.0,0.0,0.0,-4194.30732324
2017-11-01,Monthly,,2853.0932728400003,0.0,0.0,6041.714853449999,0.0,0.0,8894.80812629,0.0,0.0,7500.0,0.0,0.0,0.0,1394.8081262899996
2017-12-01,Monthly,,2496.75350162,0.0,0.0,2500.1032999999998,0.0,0.0,4996.85680162,0.0,0.0,0.0,0.0,0.0,0.0,4996.85680162
2018-01-01,Annual,,49052.57074155,0.0,0.0,64214.96617122999,0.0,0.0,113267.53691278002,33326.557,0.0,27500.0,0.0,0.0,0.0,52440.97991278001
2018-01-01,Monthly,,6425.4249164600005,0.0,0.0,4059.54119223,0.0,0.0,10484.966108690001,2000.0,0.0,0.0,0.0,0.0,0.0,8484.966108690001
2018-02-01,Monthly,,3995.45981443,0.0,0.0,4000.05164,0.0,0.0,7995.5114544299995,8379.18,0.0,0.0,0.0,0.0,0.0,-383.6685455700008
2018-03-01,Monthly,,7053.0933978699995,0.0,0.0,6095.47279439,0.0,0.0,13148.56619226,8091.557000000001,0.0,0.0,0.0,0.0,0.0,5057.009192259999
2018-04-01,Monthly,,3999.91351,0.0,0.0,6506.8558104700005,0.0,0.0,10506.76932047,0.0,0.0,0.0,0.0,0.0,0.0,10506.76932047
2018-05-01,Monthly,,6423.66961898,0.0,0.0,7019.20207487,0.0,0.0,13442.87169385,0.0,0.0,7500.0,0.0,0.0,0.0,5942.87169385
2018-06-01,Monthly,,2499.93125,0.0,0.0,3486.20373096,0.0,0.0,5986.13498096,0.0,0.0,0.0,0.0,0.0,0.0,5986.13498096
2018-07-01,Monthly,,5026.1548,0.0,0.0,4078.89348054,0.0,0.0,9105.04828054,0.0,0.0,0.0,0.0,0.0,0.0,9105.04828054
2018-08-01,Monthly,,3085.09424119,0.0,0.0,6078.24523831,0.0,0.0,9163.3394795,0.0,0.0,8500.0,0.0,0.0,0.0,663.3394795000004
2018-09-01,Monthly,,2943.05371337,0.0,0.0,5010.573056499999,0.0,0.0,7953.626769869999,11855.82,0.0,0.0,0.0,0.0,0.0,-3902.1932301300003
2018-10-01,Monthly,,3102.43492917,0.0,0.0,4018.128,0.0,0.0,7120.562929170001,3000.0,0.0,7500.0,0.0,0.0,0.0,-3379.4370708299994
2018-11-01,Monthly,,4498.34055008,0.0,0.0,5516.148999999999,0.0,0.0,10014.48955008,0.0,0.0,4000.0,0.0,0.0,0.0,6014.489550079999
2018-12-01,Monthly,,0.0,0.0,0.0,8345.65015296,0.0,0.0,8345.65015296,0.0,0.0,0.0,0.0,0.0,0.0,8345.65015296
2019-01-01,Annual,,58894.28821531,0.0,0.0,59708.927319990005,0.0,0.0,118603.21553530001,43412.445999999996,0.0,24000.0,0.0,1600.0,0.0,49590.7695353
2019-01-01,Monthly,,4000.02442,0.0,0.0,9068.433786829999,0.0,0.0,13068.458206829999,0.0,0.0,0.0,0.0,0.0,0.0,13068.458206829999
2019-02-01,Monthly,,4999.99,0.0,0.0,3094.13093283,0.0,0.0,8094.120932829999,0.0,0.0,0.0,0.0,500.0,0.0,7594.120932829999
2019-03-01,Monthly,,7217.535658610001,0.0,0.0,8500.05235,0.0,0.0,15717.58800861,7177.9,0.0,0.0,0.0,0.0,0.0,8539.68800861
2019-04-01,Monthly,,7267.92820075,0.0,0.0,3499.9972,0.0,0.0,10767.925400749999,0.0,0.0,10000.0,0.0,0.0,0.0,767.9254007499985
2019-05-01,Monthly,,4058.29777327,0.0,0.0,7999.7839,0.0,0.0,12058.08167327,0.0,0.0,0.0,0.0,0.0,0.0,12058.08167327
2019-06-01,Monthly,,3999.9859,0.0,0.0,4132.8910326099995,0.0,0.0,8132.876932609999,0.0,0.0,0.0,0.0,0.0,0.0,8132.876932609999
2019-07-01,Monthly,,7253.29883,0.0,0.0,3558.4209185,0.0,0.0,10811.7197485,7315.546,0.0,0.0,0.0,1100.0,0.0,2396.1737484999994
2019-08-01,Monthly,,4485.79661898,0.0,0.0,6299.53176788,0.0,0.0,10785.328386860001,0.0,0.0,6000.0,0.0,0.0,0.0,4785.328386860001
2019-09-01,Monthly,,3114.44240217,0.0,0.0,2640.2419,0.0,0.0,5754.684302170001,0.0,0.0,8000.0,0.0,0.0,0.0,-2245.3156978299994
2019-10-01,Monthly,,6699.10647791,0.0,0.0,2681.37038672,0.0,0.0,9380.47686463,11800.0,0.0,0.0,0.0,0.0,0.0,-2419.52313537
2019-11-01,Monthly,,2699.8933,0.0,0.0,8234.07314462,0.0,0.0,10933.96644462,17119.0,0.0,0.0,0.0,0.0,0.0,-6185.03355538
2019-12-01,Monthly,,3097.98863362,0.0,0.0,0.0,0.0,0.0,3097.98863362,0.0,0.0,0.0,0.0,0.0,0.0,3097.98863362
2020-01-01,Annual,,76704.91688355,0.0,0.0,80600.50625663,0.0,0.0,157305.42314018,30715.195999999996,0.0,40000.0,0.0,2700.0,0.0,83890.22714018
2020-01-01,Monthly,,6656.6280651100005,0.0,0.0,3688.99941302,0.0,0.0,10345.62747813,0.0,0.0,0.0,0.0,0.0,0.0,10345.62747813
2020-02-01,Monthly,,4406.74916738,0.0,0.0,8598.71741258,0.0,0.0,13005.466579959999,0.0,0.0,0.0,0.0,0.0,0.0,13005.466579959999
2020-03-01,Monthly,,8450.10042282,0.0,0.0,9309.63396897,0.0,0.0,17759.73439179,11000.0,0.0,0.0,0.0,0.0,0.0,6759.73439179
2020-04-01,Monthly,,9271.14923041,0.0,0.0,5000.028200000001,0.0,0.0,14271.17743041,0.0,0.0,10500.0,0.0,0.0,0.0,3771.17743041
2020-05-01,Monthly,,4941.60808081,0.0,0.0,5422.24100492,0.0,0.0,10363.849085729998,0.0,0.0,11000.0,0.0,0.0,0.0,-636.1509142700015
2020-06-01,Monthly,,5499.900799999999,0.0,0.0,10496.511458,0.0,0.0,15996.412258,0.0,0.0,5500.0,0.0,0.0,0.0,10496.412258
2020-07-01,Monthly,,10743.78295723,0.0,0.0,5400.26684098,0.0,0.0,16144.049798209999,0.0,0.0,0.0,0.0,0.0,0.0,16144.049798209999
2020-08-01,Monthly,,5834.19715352,0.0,0.0,9886.75667022,0.0,0.0,15720.953823740001,7973.062,0.0,10000.0,0.0,2700.0,0.0,-4952.108176259999
2020-09-01,Monthly,,9167.51885928,0.0,0.0,3779.51422627,0.0,0.0,12947.03308555,0.0,0.0,0.0,0.0,0.0,0.0,12947.03308555
2020-10-01,Monthly,,5000.16455,0.0,0.0,10090.03688171,0.0,0.0,15090.20143171,11742.134,0.0,0.0,0.0,0.0,0.0,3348.06743171
2020-11-01,Monthly,,6733.11759699,0.0,0.0,4244.81424149,0.0,0.0,10977.931838479999,0.0,0.0,3000.0,0.0,0.0,0.0,7977.931838479999
2020-12-01,Monthly,,0.0,0.0,0.0,4682.98593847,0.0,0.0,4682.98593847,0.0,0.0,0.0,0.0,0.0,0.0,4682.98593847
2021-01-01,Annual,,84349.10353679002,0.0,0.0,78886.92217859002,0.0,0.0,163236.02571538003,38700.0,0.0,29000.0,0.0,6000.0,0.0,89536.02571538
2021-01-01,Monthly,,7811.24461957,0.0,0.0,4499.95997,0.0,0.0,12311.20458957,0.0,0.0,0.0,0.0,0.0,0.0,12311.20458957
2021-02-01,Monthly,,3961.4772869999997,0.0,0.0,8556.982689,0.0,0.0,12518.459976,3500.0,0.0,0.0,0.0,0.0,0.0,9018.459976
2021-03-01,Monthly,,8610.0321,0.0,0.0,8026.5095,0.0,0.0,16636.5416,0.0,0.0,9500.0,0.0,0.0,0.0,7136.5416000000005
2021-04-01,Monthly,,9481.869999999999,0.0,0.0,4361.88,0.0,0.0,13843.75,0.0,0.0,12500.0,0.0,0.0,0.0,1343.75
2021-05-01,Monthly,,4629.49,0.0,0.0,8797.16,0.0,0.0,13426.65,0.0,0.0,0.0,0.0,0.0,0.0,13426.65
2021-06-01,Monthly,,8641.62,0.0,0.0,4718.28,0.0,0.0,13359.900000000001,0.0,0.0,0.0,0.0,0.0,0.0,13359.900000000001
2021-07-01,Monthly,,5346.916,0.0,0.0,9934.474,0.0,0.0,15281.39,13500.0,0.0,0.0,0.0,0.0,0.0,1781.3899999999994
2021-08-01,Monthly,,9123.490000000002,0.0,0.0,4905.54,0.0,0.0,14029.030000000002,0.0,0.0,7000.0,0.0,0.0,0.0,7029.0300000000025
2021-09-01,Monthly,,5328.55030195,0.0,0.0,8744.798373450001,0.0,0.0,14073.3486754,11700.0,0.0,0.0,0.0,0.0,0.0,2373.3486754000005
2021-10-01,Monthly,,9353.089096830001,0.0,0.0,8011.29845121,0.0,0.0,17364.387548040002,0.0,0.0,0.0,0.0,6000.0,0.0,11364.387548040002
2021-11-01,Monthly,,7496.24468615,0.0,0.0,4625.3527613,0.0,0.0,12121.59744745,10000.0,0.0,0.0,0.0,0.0,0.0,2121.59744745
2021-12-01,Monthly,,4565.07944529,0.0,0.0,3704.68643363,0.0,0.0,8269.76587892,0.0,0.0,0.0,0.0,0.0,0.0,8269.76587892
2022-01-01,Annual,,86827.86639116,0.0,0.0,85288.95383381,0.0,0.0,172116.82022497,29039.801,0.0,36300.0,0.0,9000.0,0.0,97777.01922497
2022-01-01,Monthly,,9661.164142,0.0,0.0,2773.64880778,0.0,0.0,12434.81294978,0.0,0.0,0.0,0.0,0.0,0.0,12434.81294978
2022-02-01,Monthly,,4842.2411027,0.0,0.0,9805.526279819998,0.0,0.0,14647.767382519998,0.0,0.0,0.0,0.0,0.0,0.0,14647.767382519998
2022-03-01,Monthly,,8902.11414578,0.0,0.0,5056.353349999999,0.0,0.0,13958.46749578,10678.801,0.0,6800.0,0.0,0.0,0.0,-3520.3335042199997
2022-04-01,Monthly,,10000.1656,0.0,0.0,9170.823558,0.0,0.0,19170.989158,0.0,0.0,11000.0,0.0,0.0,0.0,8170.989158
2022-05-01,Monthly,,4296.58129186,0.0,0.0,8096.08042045,0.0,0.0,12392.66171231,0.0,0.0,0.0,0.0,0.0,0.0,12392.66171231
2022-06-01,Monthly,,10244.705304539999,0.0,0.0,4380.53796702,0.0,0.0,14625.243271559999,0.0,0.0,0.0,0.0,0.0,0.0,14625.243271559999
2022-07-01,Monthly,,5063.830850079999,0.0,0.0,10629.55466802,0.0,0.0,15693.3855181,0.0,0.0,10000.0,0.0,9000.0,0.0,-3306.6144819
2022-08-01,Monthly,,10252.26286755,0.0,0.0,5552.05220768,0.0,0.0,15804.315075229999,8641.0,0.0,0.0,0.0,0.0,0.0,7163.315075229999
2022-09-01,Monthly,,5167.34815151,0.0,0.0,9658.37352093,0.0,0.0,14825.721672439999,9720.0,0.0,0.0,0.0,0.0,0.0,5105.721672439999
2022-10-01,Monthly,,8992.6684399,0.0,0.0,5915.52566123,0.0,0.0,14908.19410113,0.0,0.0,0.0,0.0,0.0,0.0,14908.19410113
2022-11-01,Monthly,,5011.75179479,0.0,0.0,10204.06687751,0.0,0.0,15215.8186723,0.0,0.0,8500.0,0.0,0.0,0.0,6715.8186723
2022-12-01,Monthly,,4393.03470045,0.0,0.0,4046.41051537,0.0,0.0,8439.44521582,0.0,0.0,0.0,0.0,0.0,0.0,8439.44521582
2023-01-01,Annual,,92932.7669189,0.0,0.0,98265.50045793,0.0,0.0,191198.26737683002,38320.0,0.0,39000.0,0.0,3600.0,0.0,110278.26737683
2023-01-01,Monthly,,5766.888800000001,0.0,0.0,9569.3882964,0.0,0.0,15336.277096400001,0.0,0.0,0.0,0.0,0.0,0.0,15336.277096400001
2023-02-01,Monthly,,10934.78011357,0.0,0.0,10756.1709037,0.0,0.0,21690.95101727,0.0,0.0,0.0,0.0,0.0,0.0,21690.95101727
2023-03-01,Monthly,,9353.94927222,0.0,0.0,5244.26132989,0.0,0.0,14598.210602109999,19420.0,0.0,0.0,0.0,1700.0,0.0,-6521.789397890001
2023-04-01,Monthly,,5000.06186,0.0,0.0,10091.28683433,0.0,0.0,15091.34869433,8900.0,0.0,0.0,0.0,1900.0,0.0,4291.3486943299995
2023-05-01,Monthly,,10152.74551324,0.0,0.0,5579.58144539,0.0,0.0,15732.32695863,0.0,0.0,13000.0,0.0,0.0,0.0,2732.3269586299994
2023-06-01,Monthly,,5723.77702614,0.0,0.0,10185.83198145,0.0,0.0,15909.60900759,0.0,0.0,0.0,0.0,0.0,0.0,15909.60900759
2023-07-01,Monthly,,10470.728351689999,0.0,0.0,5207.36916991,0.0,0.0,15678.097521599999,0.0,0.0,10500.0,0.0,0.0,0.0,5178.097521599999
2023-08-01,Monthly,,9341.21855416,0.0,0.0,10528.89725376,0.0,0.0,19870.11580792,10000.0,0.0,0.0,0.0,0.0,0.0,9870.11580792
2023-09-01,Monthly,,5076.59772314,0.0,0.0,9634.87469688,0.0,0.0,14711.47242002,0.0,0.0,0.0,0.0,0.0,0.0,14711.47242002
2023-10-01,Monthly,,10779.26670891,0.0,0.0,5746.88644731,0.0,0.0,16526.15315622,0.0,0.0,4000.0,0.0,0.0,0.0,12526.15315622
2023-11-01,Monthly,,0.0,0.0,0.0,15720.952098910002,0.0,0.0,15720.952098910002,0.0,0.0,11500.0,0.0,0.0,0.0,4220.952098910002
2023-12-01,Monthly,,10332.75299583,0.0,0.0,0.0,0.0,0.0,10332.75299583,0.0,0.0,0.0,0.0,0.0,0.0,10332.75299583
2024-01-01,Annual,,87854.90833402,0.0,0.0,89433.99473171,0.0,0.0,177288.90306573,43520.0,0.0,44000.0,0.0,5500.0,0.0,84268.90306573
2024-01-01,Monthly,,5145.900312,0.0,0.0,10432.019473339999,0.0,0.0,15577.919785339998,0.0,0.0,0.0,0.0,0.0,0.0,15577.919785339998
2024-02-01,Monthly,,9725.06561921,0.0,0.0,5051.480453980001,0.0,0.0,14776.54607319,0.0,0.0,0.0,0.0,5500.0,0.0,9276.54607319
2024-03-01,Monthly,,5396.78979999,0.0,0.0,10226.31706917,0.0,0.0,15623.10686916,0.0,0.0,0.0,0.0,0.0,0.0,15623.10686916
2024-04-01,Monthly,,10073.59367691,0.0,0.0,9571.60478405,0.0,0.0,19645.19846096,0.0,0.0,0.0,0.0,0.0,0.0,19645.19846096
2024-05-01,Monthly,,9650.81377804,0.0,0.0,5176.80333502,0.0,0.0,14827.61711306,0.0,0.0,12500.0,0.0,0.0,0.0,2327.6171130599996
2024-06-01,Monthly,,5000.62550421,0.0,0.0,10154.96157883,0.0,0.0,15155.58708304,21500.0,0.0,0.0,0.0,0.0,0.0,-6344.41291696
2024-07-01,Monthly,,10181.669598640001,0.0,0.0,5152.7260213,0.0,0.0,15334.395619940002,11020.0,0.0,0.0,0.0,0.0,0.0,4314.395619940002
2024-08-01,Monthly,,10753.91596407,0.0,0.0,9221.49177387,0.0,0.0,19975.40773794,0.0,0.0,12000.0,0.0,0.0,0.0,7975.4077379400005
2024-09-01,Monthly,,5228.33786888,0.0,0.0,10134.430246939999,0.0,0.0,15362.76811582,11000.0,0.0,0.0,0.0,0.0,0.0,4362.768115819999
2024-10-01,Monthly,,9636.25241394,0.0,0.0,9655.14078133,0.0,0.0,19291.39319527,0.0,0.0,19500.0,0.0,0.0,0.0,-208.60680472999957
2024-11-01,Monthly,,5020.97077207,0.0,0.0,4657.01921388,0.0,0.0,9677.98998595,0.0,0.0,0.0,0.0,0.0,0.0,9677.98998595
2024-12-01,Monthly,,2040.97302606,0.0,0.0,0.0,0.0,0.0,2040.97302606,0.0,0.0,0.0,0.0,0.0,0.0,2040.97302606
2025-01-01,Annual,,83900.13456322,0.0,0.0,87504.21709185,0.0,0.0,171404.89128244,46477.2,0.0,37000.0,0.0,0.0,0.0,87927.69128244
2025-01-01,Monthly,,5015.90290672,0.0,0.0,9602.18926183,0.0,0.0,14618.09216855,0.0,0.0,0.0,0.0,0.0,0.0,14618.09216855
2025-02-01,Monthly,,9215.81193115,0.0,0.0,10572.03661627,0.0,0.0,19787.84854742,0.0,0.0,0.0,0.0,0.0,0.0,19787.84854742
2025-03-01,Monthly,,9147.26278677,0.0,0.0,5116.7368349,0.0,0.0,14263.999621669998,16720.0,0.0,0.0,0.0,0.0,0.0,-2456.0003783300017
2025-04-01,Monthly,,5092.90105441,0.0,0.0,9105.34545282,0.0,0.0,14198.24650723,0.0,0.0,0.0,0.0,0.0,0.0,14198.24650723
2025-05-01,Monthly,,5000.10959,0.0,0.0,5000.06314,0.0,0.0,10000.17273,0.0,0.0,0.0,0.0,0.0,0.0,10000.17273
2025-06-01,Monthly,,9127.74503927,0.0,0.0,5167.28825879,0.0,0.0,14295.03329806,0.0,0.0,0.0,0.0,0.0,0.0,14295.03329806
2025-07-01,Monthly,,4999.9092,0.0,0.0,10267.0,0.0,0.0,15267.44882737,3000.0,0.0,0.0,0.0,0.0,0.0,12267.44882737
2025-08-01,Monthly,,9767.14406689,0.0,0.0,9182.88705888,0.0,0.0,18950.03112577,0.0,0.0,12500.0,0.0,0.0,0.0,6450.031125770001
2025-09-01,Monthly,,9844.58541413,0.0,0.0,10331.58979024,0.0,0.0,20176.17520437,26757.2,0.0,0.0,0.0,0.0,0.0,-6581.024795630001
2025-10-01,Monthly,,9584.84493988,0.0,0.0,5116.4064567,0.0,0.0,14701.251396579999,0.0,0.0,24500.0,0.0,0.0,0.0,-9798.748603420001
2025-11-01,Monthly,,4079.40147353,0.0,0.0,8042.67422142,0.0,0.0,12122.075694950001,0.0,0.0,0.0,0.0,0.0,0.0,12122.075694950001
2025-12-01,Monthly,,3024.51616047,0.0,0.0,0.0,0.0,0.0,3024.51616047,0.0,0.0,0.0,0.0,0.0,0.0,3024.51616047
2026-01-01,Monthly,,5000.14315,0.0,0.0,10143.771627310001,0.0,0.0,15143.914777310001,0.0,0.0,0.0,0.0,0.0,0.0,15143.914777310001
2026-02-01,Monthly,,10224.31372935,0.0,0.0,4938.05855715,0.0,0.0,15162.3722865,0.0,0.0,0.0,0.0,0.0,0.0,15162.3722865
2026-03-01,Monthly,,5000.0583,0.0,0.0,10050.30816554,0.0,0.0,15050.366465539999,0.0,0.0,25500.0,0.0,0.0,0.0,-10449.633534460001
2026-04-01,Monthly,,9886.120210789999,0.0,0.0,5000.0467,0.0,0.0,14886.166910789998,8434.33,0.0,0.0,0.0,0.0,0.0,6451.836910789998
