date,frequency,interest_rates_banking_institutions,fixed_rates_period_in_months,fixed_rates_period_in_months_1,commercial_banks_fixed_rates_period_in_months,commercial_banks_fixed_deposit_rates,commercial_banks_fixed_deposit_rates_1,weighted_average_fixed_rates_period_in_months,weighted_average_fixed_rates_period_in_months_1,commercial_banks_weighted_average_fixed_rates_period_in_months,commercial_banks_weighted_avg_fixed_deposit_rates,commercial_banks_weighted_avg_fixed_deposit_rates_1,savings_rate,weighted_average_savings_rate,base_rate2_br,weighted_average_br,base_lending_rate_blr,weighted_average_blr,average_lending_rate_alr_on_outstanding_loans,weighted_alr_on_outstanding_loans,investment_banks_fixed_rates_period_in_months,investment_banks_fixed_deposit_rates,investment_banks_fixed_deposit_rates_1,investment_banks_fixed_deposit_rates_1_1,investment_banks_fixed_deposit_rates_2,average_lending_rate_on_outstanding_loans
1980-01-01,Annual,,6.125,6.229166666666667,6.541666666666667,6.791666666666667,7.5,,,,,,5.333333333333333,,,,7.75,,10.13,,0.0,0.0,0.0,0.0,0.0,0.0
1981-01-01,Annual,,9.458333333333334,9.6775,9.666666666666666,9.729166666666666,9.9375,,,,,,6.333333333333333,,,,8.5,,11.89,,0.0,0.0,0.0,0.0,0.0,0.0
1982-01-01,Annual,,8.916666666666666,9.75,9.9375,10.031666666666666,10.48,,,,,,6.583333333333333,,,,8.5,,12.395,,0.0,0.0,0.0,0.0,0.0,0.0
1983-01-01,Annual,,7.5,8.020833333333334,8.291666666666666,8.375,8.75,,,,,,6.25,,,,11.020833333333334,,11.775,,0.0,0.0,0.0,0.0,0.0,0.0
1984-01-01,Annual,,9.166666666666666,9.5,9.504166666666666,9.531666666666666,9.615,,,,,,6.5,,,,11.354166666666666,,12.21,,0.0,0.0,0.0,0.0,0.0,11.775
1985-01-01,Annual,,8.448333333333332,8.8125,9.041666666666666,9.25,9.291666666666666,,,,,,6.666666666666667,,,,11.541666666666666,,12.5525,,0.0,0.0,0.0,0.0,0.0,11.925
1986-01-01,Annual,,7.041666666666667,7.083333333333333,7.166666666666667,7.416666666666667,7.416666666666667,,,,,,6.0,,,,10.6875,,12.229999999999999,,0.0,0.0,0.0,0.0,0.0,12.199999999999998
1987-01-01,Annual,,2.5625,3.0,3.9691666666666667,4.3125,4.5,,,,,,4.041666666666667,,,,8.1875,,10.3625,,0.0,0.0,0.0,0.0,0.0,6.766666666666667
1988-01-01,Annual,,2.7191666666666663,3.2916666666666665,3.573333333333333,3.8333333333333335,4.24,,,,,,3.5,,,,7.25,,9.3,,0.0,0.0,0.0,0.0,0.0,6.558333333333333
1989-01-01,Annual,,4.474166666666668,4.5616666666666665,4.773333333333333,4.979166666666667,5.202500000000001,,,,,,3.4666666666666672,,,,6.995833333333333,,8.895833333333334,,4.8740000000000006,5.040000000000001,5.2299999999999995,5.450000000000001,5.738,7.878333333333333
1990-01-01,Annual,,5.553333333333334,5.720833333333332,5.996666666666667,6.005,6.214166666666666,,,,,,3.424166666666667,,,,7.156666666666666,,8.785833333333334,,6.1925,6.32,6.472499999999999,6.510833333333333,6.385000000000001,8.641666666666666
1991-01-01,Annual,,6.941666666666667,7.110833333333335,7.267499999999999,7.3450000000000015,7.483333333333333,,,,,,3.299166666666667,,,,8.024166666666666,,9.347500000000002,,7.255833333333334,7.403333333333333,7.548333333333333,7.675000000000002,7.636666666666667,10.039166666666668
1992-01-01,Annual,,7.8450000000000015,7.934999999999999,7.969166666666667,7.983333333333333,8.031666666666666,,,,,,3.349166666666667,,,,9.214999999999998,,10.161666666666667,,8.030833333333334,8.048333333333334,8.108333333333333,8.166666666666666,8.242500000000001,10.767499999999998
1993-01-01,Annual,,7.0133333333333345,7.025833333333334,6.981666666666665,6.959166666666667,6.954166666666668,,,,,,4.2075000000000005,,,,8.852500000000001,,10.030833333333332,,7.161666666666668,7.151666666666667,7.2200000000000015,7.365833333333334,7.5391666666666675,10.136666666666667
1994-01-01,Annual,,4.741666666666666,4.892499999999999,5.090833333333333,5.238333333333334,5.463333333333334,,,,,,3.6683333333333334,,,,7.290833333333334,,8.764166666666664,,4.883333333333333,4.939166666666666,5.1691666666666665,5.529166666666666,6.4958333333333345,8.159166666666668
1995-01-01,Annual,,5.786666666666666,5.933333333333334,6.142500000000001,6.2825,6.502499999999999,,,,,,3.611666666666667,,,,7.440833333333333,,8.729999999999999,,5.8975,5.966666666666666,6.064166666666668,6.091666666666666,6.185,8.8725
1996-01-01,Annual,,7.0200000000000005,7.085,7.1191666666666675,7.139999999999998,7.180000000000001,,,,,,3.871666666666666,,,,8.8925,,9.943333333333333,,7.167500000000001,7.201666666666665,7.199166666666668,7.2058333333333335,7.241818181818183,10.6775
1997-01-01,Annual,,7.73,7.776666666666667,7.7966666666666695,7.805833333333333,7.827500000000001,,,,,,4.176666666666667,,,,9.531666666666668,,10.627500000000001,,8.176666666666668,8.160833333333333,8.092500000000001,7.754999999999999,8.097500000000002,11.806666666666665
1998-01-01,Annual,,8.399999999999999,8.513333333333334,8.540000000000001,8.526666666666667,8.563333333333334,,,,,,4.259166666666666,,,,10.612499999999999,,12.156666666666666,,9.5825,9.685,9.590833333333334,10.268333333333336,11.387500000000001,14.613333333333332
1999-01-01,Annual,,4.095833333333334,4.1241666666666665,4.156666666666666,4.211666666666668,4.286666666666667,,,,,,3.1041666666666665,,,,7.285833333333335,,8.561666666666666,8.68473493576078,4.0425,4.1475,4.3075,5.2458333333333345,4.513333333333333,8.823333333333332
2000-01-01,Annual,,3.311666666666667,3.3608333333333333,0.0,0.0,0.0,,,,,,2.7375000000000003,,,,6.771666666666667,,7.6741666666666655,7.716468582007233,3.036666666666667,3.1225,0.0,0.0,0.0,7.29
2001-01-01,Annual,,3.3541666666666674,3.3675,3.23,3.3449999999999998,4.0,,,,,,2.5574999999999997,,,,6.6575,,7.125,7.115660357989236,2.999166666666667,3.0724999999999993,3.1499999999999995,3.2525,3.5925000000000002,7.005
2002-01-01,Annual,,3.1999999999999997,3.2100000000000004,3.2241666666666666,3.311666666666666,4.0,,,,,,2.256666666666667,,,,6.390000000000001,,6.605833333333333,6.816018804582765,2.8016666666666663,2.853333333333333,3.0049999999999994,3.126666666666667,3.2066666666666666,6.881666666666665
2003-01-01,Annual,,3.0666666666666664,3.0700000000000003,3.0766666666666667,3.121666666666666,3.7991666666666677,,,,,,1.9508333333333334,,,,6.13,,6.299166666666667,6.559191788251773,2.8241666666666667,2.8683333333333327,2.871666666666666,2.933333333333333,2.9408333333333334,6.7575
2004-01-01,Annual,,3.0,3.0,3.0016666666666665,3.0108333333333337,3.7000000000000006,,,,,,1.7116666666666667,,,,5.986666666666668,,6.047499999999999,6.33413878782613,2.7575000000000003,2.7933333333333334,2.8008333333333333,2.8608333333333333,3.016666666666667,6.5633333333333335
2005-01-01,Annual,,3.000833333333333,3.001666666666667,3.0033333333333334,3.0066666666666664,3.7000000000000006,,,,,,1.4691666666666665,,,,5.998333333333335,,5.95,6.272763823214366,2.7383333333333333,2.7624999999999997,2.7875,2.7825000000000006,2.9491666666666663,6.382499999999999
2006-01-01,Annual,,3.0883333333333334,3.1491666666666673,3.263333333333333,3.3691666666666666,3.7433333333333336,,,,,,1.4575000000000002,,,,6.613333333333333,,6.4958333333333345,6.71778574054154,3.351666666666667,3.4275,3.2683333333333326,3.3099999999999996,3.749166666666667,7.022500000000001
2007-01-01,Annual,,3.0908333333333324,3.165833333333333,3.310833333333333,3.4083333333333337,3.7058333333333344,,,,,,1.4383333333333332,,,,6.72,,6.405833333333334,6.723333333333333,3.483333333333334,3.5025,3.4616666666666664,3.6008333333333336,3.6225000000000005,6.848333333333333
2008-01-01,Annual,,3.07,3.125833333333334,3.2566666666666677,3.3341666666666665,3.6750000000000003,,,,,,1.4166666666666667,,,,6.695,,6.080000000000001,6.509166666666666,3.4491666666666667,3.5008333333333326,3.5041666666666664,3.5749999999999997,3.630833333333334,7.2225
2009-01-01,Annual,,2.0574999999999997,2.0816666666666674,2.0916666666666663,2.101666666666667,2.555833333333333,,,,,,0.9324999999999998,,,,5.6225,,5.084166666666666,5.511666666666668,2.129166666666667,2.265,2.4525,2.43,2.8766666666666665,7.039999999999999
2010-01-01,Annual,,2.4758333333333336,2.5025,2.5491666666666664,2.57,2.8091666666666666,,,,,,0.9424999999999999,,,,6.016666666666667,,5.0,5.545000000000002,2.54,2.705833333333333,2.8516666666666666,3.029166666666667,2.8866666666666667,7.2124999999999995
2011-01-01,Annual,,2.870833333333333,2.910833333333334,2.9758333333333336,3.0025,3.143333333333333,,,,,,1.0775000000000001,,,,6.449166666666668,,4.915,5.6675,2.999166666666667,3.249166666666667,3.348333333333333,3.4741666666666657,3.4616666666666673,7.074166666666667
2012-01-01,Annual,,2.9266666666666676,2.9808333333333334,3.0391666666666666,3.0649999999999995,3.1808333333333327,,,,,,1.038333333333333,,,,6.53,,4.785833333333334,5.588333333333334,3.0033333333333325,3.049166666666667,3.31,3.460833333333333,3.4424999999999994,6.985833333333333
2013-01-01,Annual,,2.91,2.9699999999999993,3.02,3.049166666666667,3.149999999999999,,,,,,1.0099999999999998,,,,6.53,,4.6498,5.432027416019068,3.0003083333333334,3.0878083333333333,3.181533333333333,3.355641666666667,3.375625,6.599841666666666
2014-01-01,Annual,,2.993314814814815,3.048107787274455,3.0991121320037993,3.1317566951566946,3.225395299145299,,,,,,1.0325868906455862,,,,6.659134615384612,,4.587026543209877,5.438913407769996,3.224982523148148,3.335958217592593,3.466299900793651,3.4935720634920635,3.488611666666666,6.490366136363636
2015-01-01,Annual,,3.0833333333333335,3.1344871794871803,3.1853858974358977,3.2258554487179496,3.3116987179487176,,,,,,1.0582742424242426,,,,6.78653846153846,,4.565377469135803,5.424220404082328,3.373478125,3.5100866071428567,3.6294218750000002,3.763286111111111,3.7665833333333336,6.8791400000000005
2016-01-01,Annual,,2.9749273399758454,3.028035630341881,3.084568196581196,3.1255072991453,3.1805549145299143,,,,,,1.0010679004329004,,,,6.728930769230767,,4.531061419753087,5.313293371579893,3.3176802083333334,3.452957589285715,3.3819739583333335,3.430509087301587,3.5473055555555555,6.628584537037036
2017-01-01,Annual,,2.874643402777778,2.924518666666667,2.9872666666666663,3.0238,3.0907,,,,,,0.9616861111111109,,,,6.665833333333334,,4.608078086419753,5.209783427007398,3.2709833333333336,3.4231874999999996,3.6405806547619046,3.552103611111111,3.7048611111111107,6.466489814814815
2018-01-01,Annual,,3.071989205917875,3.1434437222222225,3.2081722222222218,3.244705555555555,3.3133944444444445,,,,,,1.0434166666666667,,,,6.88578611111111,,4.928651602564102,5.412665226873152,3.342989930555556,3.5462166666666666,3.69667123015873,3.6672513888888894,3.826547222222221,6.484987037037036
2019-01-01,Annual,,2.9211206521739133,2.9833906249999997,3.0518402777777762,3.1006582125603868,3.170818236714977,,,,,,1.0133190476190477,,,,6.778611111111114,,4.809198717948718,5.201508592629394,3.1821183035714284,3.4128385416666673,3.59067619047619,3.64125,3.7443408333333337,6.486749629629628
2020-01-01,Annual,,1.883302536231884,1.9548927083333332,2.0107638888888886,2.067152777777778,2.1310763888888897,,,,,,0.6146432539682541,,,,5.833541666666668,,3.88529358974359,4.285336791765214,2.3079249999999996,2.4310625,2.5499346726190484,2.9349305555555563,3.0638293650793647,6.085259999999999
2021-01-01,Annual,,1.4807119565217388,1.5614961805555554,1.6393402777777781,1.6681944444444443,1.7162499999999998,,,,,,0.5367369047619047,,,,5.489583333333335,,3.370342307692308,3.8418285843177915,1.9678031249999999,2.105807291666667,2.1883900297619046,2.5094444444444446,2.4408807539682535,5.6435725
2022-01-01,Annual,,1.8414221014492755,1.9490500000000004,2.0306152777777773,2.0747069444444444,2.109233333333333,2.133188203571922,2.30968855495717,2.4295735618202206,2.4366298121842793,2.482741992932202,0.6798553373015874,0.39725949683719614,3.2127777777777777,2.840305013337168,5.882789855072464,6.254227248923989,3.9080266666666663,4.186663577540706,2.3306875,2.6109739583333336,2.5739770833333333,2.9547847222222217,2.8358531746031748,5.848453333333333
2023-01-01,Annual,,2.579061956521738,2.650416666666667,2.714965277777777,2.771805555555556,2.8056597222222224,2.468751515266623,2.5915368301885624,2.685367340025525,2.7123160113852616,2.748039518701848,0.9139983333333334,0.4259848944541809,3.629444444444445,3.5853594993492277,6.595652173913046,6.670010776412808,5.317375025641026,5.002219271171541,3.151816220238095,3.54427619047619,3.5927069940476195,3.738454861111111,3.6304166666666666,6.800224166666666
2024-01-01,Annual,,2.5572937747035573,2.6471154589371984,2.7318991545893714,2.7754649758454106,2.797159090909091,2.381637400029115,2.5094202830711714,2.5535286800842036,2.570090656357482,2.5948158378536323,0.8989837280701756,0.4316924348623224,3.712777777777779,3.6625975511355033,6.682147562582347,6.752000513114109,5.282681,5.107033788597119,3.2522964285714284,3.604492857142857,3.660686904761905,3.7253158333333345,3.6530549999999997,6.881293518518519
2025-01-01,Annual,,2.2926431818181823,2.421801712779974,2.5317523056653486,2.510847684923772,2.5292929292929296,2.048587047248182,2.2174787267680336,2.3055064319499867,2.3142457642347276,2.333313640176973,0.8180999269005848,0.38814287525193764,3.587777777777779,3.5290140161359127,6.554834054834057,6.624592318130834,4.824728819444444,4.881222209162473,3.14960119047619,3.5152226190476195,3.6306380952380954,3.7068983333333336,3.548379166666667,6.634480555555555
