date,frequency,demand_deposits,fixed_investment_deposits,saving_deposits,nids_issued,foreign_currency_deposit,tawarruq_fixed_deposits,others_deposit_accepted,total_deposits,repurchase_agreements,total_deposits_repos
2007-01-01,Monthly,117922.875,409443.177,76859.224,108327.493,21393.523,0.0,21330.008,755276.3,73608.733,828885.033
2007-02-01,Monthly,120631.794,415752.173,78747.754,102846.5967,20212.448,0.0,24553.86773,762744.63343,75282.33207,838026.9655
2007-03-01,Monthly,116666.782,417599.279,78693.6,98823.47317,20785.139,0.0,27459.138,760027.41117,81797.643,841825.05417
2007-04-01,Monthly,119560.12,421295.294,79523.735,97349.01372,21775.194,0.0,38101.437,777604.79372,68515.12,846119.91372
2007-05-01,Monthly,121832.554,427992.972,79407.111,100135.986,19853.081,0.0,39822.134,789043.838,64071.918,853115.756
2007-06-01,Monthly,124423.984,426702.124,80435.591,83428.935,21945.185,0.0,68074.027,805009.846,34765.08,839774.926
2007-07-01,Monthly,126090.598,431896.508,81318.001,64104.328,21364.64,0.0,106112.835,830886.91,3266.951,834153.861
2007-08-01,Monthly,126782.31,429442.39,81546.42,56086.037,21767.119,0.0,112753.202,828377.478,772.189,829149.667
2007-09-01,Monthly,127988.339,424992.288,81809.676,53872.925,21270.252,0.0,122347.925,832281.405,1727.932,834009.337
2007-10-01,Monthly,132859.68,422351.498,82627.124,56084.246,22398.9,0.0,122500.668,838822.116,3133.139,841955.255
2007-11-01,Monthly,130351.941,419083.144,82846.63,52076.92,23824.969,0.0,127335.761,835519.365,3209.72,838729.085
2007-12-01,Monthly,140949.144,418351.478,84432.763,63038.9,22757.004,0.0,135418.129,864947.418,3875.089,868822.507
2008-01-01,Monthly,144681.616,417315.458,86071.033,57755.019,25893.245,3296.663,156381.671,891394.705,3165.581,894560.286
2008-02-01,Monthly,142499.906,416041.952,88106.407,54342.94,27259.913,3299.619,164446.817,895997.554,5796.932,901794.486
2008-03-01,Monthly,142810.112,423671.895,86978.857,54270.968,26573.695,4860.427,169035.166,908201.12,4688.063,912889.183
2008-04-01,Monthly,140479.465,426248.074,87600.55,53707.764,27083.567,5349.958,177706.114,918175.492,9036.443,927211.935
2008-05-01,Monthly,141117.672,426122.911,87562.968,54788.432,30234.81,5342.532,178157.364,923326.689,4016.482,927343.171
2008-06-01,Monthly,146097.688,428942.914,88421.257,59457.764,32431.209,6150.673,164531.551,926033.056,4261.899,930294.955
2008-07-01,Monthly,144099.504,427461.298,89422.593,58069.304,32799.117,6351.6,177880.189,936083.605,4120.136,940203.741
2008-08-01,Monthly,145493.913,428406.94,89385.791,56817.252,34732.661,6873.354,168480.511,930190.422,2861.303,933051.725
2008-09-01,Monthly,144679.87,428797.48,90836.168,62030.207,36539.009,6865.318,168781.576,938529.628,3639.819,942169.447
2008-10-01,Monthly,139589.974,435899.267,89926.771,61176.623,37180.973,6815.652,161919.219,932508.479,979.184,933487.663
2008-11-01,Monthly,143629.385,438616.703,89562.702,64099.997,37364.002,6366.811,163279.525,942919.125,171.109,943090.234
2008-12-01,Monthly,149509.05,444189.933,92217.729,70956.313,36301.957,7189.927,171727.539,972092.448,158.702,972251.15
2009-01-01,Monthly,145782.385,453757.152,92953.442,67278.39,38828.258,6474.249,171540.962,976614.838,200.14,976814.978
2009-02-01,Monthly,148499.412,457666.146,95359.622,60193.788,39268.871,5957.981,169414.484,976360.304,169.797,976530.101
2009-03-01,Monthly,146910.451,458616.613,95984.098,66488.594,38669.071,7048.263,171408.898,985125.988,729.31,985855.298
2009-04-01,Monthly,150221.43,453482.519,98575.476,65986.989,41832.55,5981.032,168480.351,984560.347,191.057,984751.404
2009-05-01,Monthly,153035.746,456946.969,96398.932,63772.094,42580.637,6111.054,160512.195,979357.627,147.174,979504.801
2009-06-01,Monthly,154730.661,465657.962,97903.017,71555.797,38331.182,6142.594,163213.879,997535.092,120.887,997655.979
2009-07-01,Monthly,153143.218,465063.748,99230.732,61024.82,38993.912,6258.018,174663.076,998377.524,137.878,998515.402
2009-08-01,Monthly,155356.897,464453.198,98580.204,58675.24,46147.209,6358.563,178994.634,1008565.945,1.92,1008567.865
2009-09-01,Monthly,157999.843,464528.905,99266.672,65434.573,45933.25,6903.057,177883.894,1017950.194,556.527,1018506.721
2009-10-01,Monthly,155842.417,465090.647,98908.594,58350.515,45895.574,7821.735,185527.794,1017437.276,208.719,1017645.995
2009-11-01,Monthly,165852.894,469933.667,99585.616,59405.883,48286.75,8494.803,190928.041,1042487.654,577.085,1043064.739
2009-12-01,Monthly,165891.006,473667.518,102268.014,62972.659,50338.323,8387.202,198338.578,1061863.3,1056.596,1062919.896
2010-01-01,Monthly,167582.295,475941.169,102914.417,54723.583,50491.05,8013.977,196988.677,1056655.168,1885.506,1058540.674
2010-02-01,Monthly,168488.95,477231.84,102575.488,47194.982,50487.574,8547.595,192933.495,1047459.924,1245.811,1048705.735
2010-03-01,Monthly,163514.513,479122.416,103265.883,52899.804,54795.656,7837.803,205408.365,1066844.44,1889.332,1068733.772
2010-04-01,Monthly,161660.075,481149.151,102992.825,52338.007,48590.78,8123.075,207133.067,1061986.98,2808.726,1064795.706
2010-05-01,Monthly,169605.875,473853.601,99489.144,47261.787,50820.477,14248.199,207683.544,1062962.627,1714.013,1064676.64
2010-06-01,Monthly,172464.512,478622.128,99186.773,55248.858,53624.376,14706.707,208480.813,1082334.167,1550.338,1083884.505
2010-07-01,Monthly,167217.689,481884.762,99545.479,53349.128,55923.493,15678.305,207904.571,1081503.427,1059.586,1082563.013
2010-08-01,Monthly,177780.189,484666.484,100680.539,50436.731,59246.477,15115.187,203308.537,1091234.144,1703.413,1092937.557
2010-09-01,Monthly,175181.76,492144.878,101937.208,52522.096,52403.462,16128.819,212424.203,1102742.426,3486.501,1106228.927
2010-10-01,Monthly,173492.87,494901.003,102118.497,51039.472,51853.969,18253.551,214970.409,1106629.771,3808.675,1110438.446
2010-11-01,Monthly,181641.245,500848.249,102640.828,47606.255,51425.551,19568.483,222131.294,1125861.905,2635.712,1128497.617
2010-12-01,Monthly,184638.26,502599.108,104942.723,51625.833,53506.055,19022.175,219877.753,1136211.907,1711.212,1137923.119
2011-01-01,Monthly,194434.754,505290.131,107320.081,49156.117,56059.587,18784.579,219397.177,1150442.426,2669.791,1153112.217
2011-02-01,Monthly,195871.384,505443.729,107406.23,48892.552,55420.987,20821.394,213183.252,1147039.528,3759.758,1150799.286
2011-03-01,Monthly,188744.801,516231.646,107784.287,56831.036,56481.221,23178.6,218460.141,1167711.732,2886.644,1170598.376
2011-04-01,Monthly,189563.746,513182.735,109123.967,53799.329,52751.946,25010.836,230468.579,1173901.138,6811.06,1180712.198
2011-05-01,Monthly,192507.533,516547.907,108470.761,48727.606,58198.784,27481.98,232881.798,1184816.369,3734.796,1188551.165
2011-06-01,Monthly,197414.114,530176.451,109596.979,50537.807,57482.906,28540.073,232593.567,1206341.897,1673.299,1208015.196
2011-07-01,Monthly,191992.86,533886.858,108830.755,51525.657,54962.304,29018.034,232915.664,1203132.132,1760.305,1204892.437
2011-08-01,Monthly,198616.607,535170.6,111278.893,54656.707,56404.275,29457.634,225208.865,1210793.581,1170.77,1211964.351
2011-09-01,Monthly,198410.182,544610.26,111078.409,61583.266,62136.221,29710.485,235893.915,1243422.738,362.63,1243785.368
2011-10-01,Monthly,205859.959,538323.343,112093.985,56076.892,59368.602,30433.192,234673.47,1236829.443,1318.292,1238147.735
2011-11-01,Monthly,206496.796,547945.98,112567.633,53398.185,67184.286,31721.397,238338.72,1257652.997,1290.455,1258943.452
2011-12-01,Monthly,214197.767,560242.801,115670.632,59401.448,64612.459,34381.023,248038.516,1296544.646,2367.927,1298912.573
2012-01-01,Monthly,216824.552,558283.922,115777.717,58207.326,71999.293,34740.862,259021.703,1314855.375,1924.445,1316779.82
2012-02-01,Monthly,217012.462,570560.996,115772.108,55822.175,76875.415,35230.437,248164.189,1319437.782,2728.49,1322166.272
2012-03-01,Monthly,215626.542,574724.787,117264.701,65571.846,74903.011,33835.07,248871.185,1330797.142,1946.253,1332743.395
2012-04-01,Monthly,218070.023,581050.417,118337.346,54136.971,75231.979,40218.893,254182.145,1341227.774,1989.365,1343217.139
2012-05-01,Monthly,216369.06,583985.049,120874.29,53695.587,75837.955,37850.578,253502.372,1342114.891,1997.065,1344111.956
2012-06-01,Monthly,219156.408,584244.27,121830.177,62525.344,77878.383,36702.651,254859.12,1357196.353,2024.64,1359220.993
2012-07-01,Monthly,225203.33992,582409.83294,120508.99295,62101.113,78725.933,35953.073,259448.524,1364350.80881,2400.043,1366750.85181
2012-08-01,Monthly,225120.03,585996.966,120678.825,62607.984,83617.103,38876.847,254034.955,1370932.71,4002.737,1374935.447
2012-09-01,Monthly,226607.408,585260.968,120115.041,62553.388,82861.649,39557.262,265585.031,1382540.747,4773.163,1387313.91
2012-10-01,Monthly,227349.369,596116.686,120569.521,55713.555,84001.533,43569.34,261282.934,1388602.938,4374.477,1392977.415
2012-11-01,Monthly,227725.778,608568.678,121223.009,54909.132,85385.987,49480.716,250413.82,1397707.12,3500.395,1401207.515
2012-12-01,Monthly,241905.844,606844.964,123740.288,58363.444,79020.308,50486.48,243207.129,1403568.457,4746.731,1408315.188
2013-01-01,Monthly,246467.372782,628488.606245,126010.998517,51460.418674,74064.567147,47884.920408,239889.592044,1414266.475817,9402.824804,1423669.300621
2013-02-01,Monthly,243828.095657,628046.374822,128800.088324,52210.400737,73619.259039,46627.640583,245587.262093,1418719.121255,8084.935858,1426804.057113
2013-03-01,Monthly,234529.744744,608044.792085,125690.276754,56508.252556,71055.756053,48641.502528,246877.324759,1391347.649479,7909.870676,1399257.520155
2013-04-01,Monthly,239460.673801,651827.324812,129863.291374,50854.872081,72824.80851,48808.017416,247715.062031,1441354.050025,7580.376815,1448934.42684
2013-05-01,Monthly,242210.810118,658615.60006,128664.163446,53958.151551,76964.045836,47729.860075,248363.491762,1456506.122848,9932.698721,1466438.821569
2013-06-01,Monthly,245191.046778,659153.397325,130169.157975,57974.311931,75482.859191,52223.539828,237622.594329,1457816.907357,11060.163345,1468877.070702
2013-07-01,Monthly,251164.02124,657836.221736,132470.528595,55813.471721,72850.466371,55297.336606,238209.232481,1463641.27875,13117.873553,1476759.152303
2013-08-01,Monthly,247374.412555,662703.416017,132702.071925,56436.624148,75192.719617,56790.6686,240272.100317,1471472.013179,12141.115137,1483613.128316
2013-09-01,Monthly,255162.530162,664143.157298,132929.681704,61452.65567,70973.680653,61823.169144,231953.075395,1478437.950026,14288.195574,1492726.1456
2013-10-01,Monthly,254996.532958,670862.29477,129852.771219,58062.546805,72531.683149,65560.676439,232243.619747,1484110.125087,16321.787104,1500431.912191
2013-11-01,Monthly,256958.06084,663590.64849,129892.996279,58735.671356,72702.830931,68981.546652,235866.221986,1486727.976534,10026.470601,1496754.447135
2013-12-01,Monthly,272922.910323,667018.453794,131765.243814,61214.317184,75242.277877,70839.308937,233709.551707,1512712.063636,12536.649188,1525248.712824
2014-01-01,Monthly,269065.007615,665845.619643,135785.327774,59668.020448,75815.951034,70846.275551,236781.337501,1513807.539566,11761.434939,1525568.974505
2014-02-01,Monthly,269605.596342,663867.151302,137590.258962,59201.989805,80104.971892,71639.269572,233434.29305,1515443.530925,11140.179468,1526583.710393
2014-03-01,Monthly,269326.102662,675195.888709,136955.971712,59326.027141,81839.763254,71898.812975,239341.196658,1533883.763111,12413.773099,1546297.53621
2014-04-01,Monthly,268456.328615,676173.984096,137092.976831,54500.564987,80434.251785,77200.631874,243318.62997,1537177.368158,14815.970934,1551993.339092
2014-05-01,Monthly,265184.467014,671561.358671,135260.36556,60389.38662,88428.709548,81093.642804,244543.958423,1546461.88864,10797.241696,1557259.130336
2014-06-01,Monthly,272251.907283,666151.43909,136128.235899,59272.761104,89382.870363,82913.01506,251254.096997,1557354.325796,9754.551868,1567108.877664
2014-07-01,Monthly,271988.100253,660971.693041,136394.755469,60662.246694,93428.740289,88585.089048,251688.715226,1563719.34002,10932.121514,1574651.461534
2014-08-01,Monthly,265502.148886,663376.210496,134136.58483,63197.647888,88110.524929,93797.441634,253146.071047,1561266.62971,8042.601676,1569309.231386
2014-09-01,Monthly,273042.558996,651983.549191,134290.674805,69966.570671,87764.372299,102019.016706,255440.247504,1574506.990172,8956.103151,1583463.093323
2014-10-01,Monthly,269809.658358,658124.430012,132410.24655,71762.948914,85886.416359,110596.134548,264261.530676,1592851.365417,8276.363854,1601127.729271
2014-11-01,Monthly,271268.672691,646457.82152,131721.434169,75925.384776,85614.772583,132126.670113,263888.846498,1607003.60235,9712.041199,1616715.643549
2014-12-01,Monthly,285831.984183,638102.759346,134931.368262,78089.173044,92814.567694,141678.098529,262331.331157,1633779.282215,12128.056396,1645907.338611
2015-01-01,Monthly,283863.023062,636483.431602,137074.414281,79706.4957,95039.557742,149396.597426,257004.018118,1638567.537931,9254.943139,1647822.48107
2015-02-01,Monthly,286870.967796,637716.425212,139031.280948,79538.40116,98382.76356,155474.381259,247088.047894,1644102.267829,9760.215727,1653862.483556
2015-03-01,Monthly,296746.734004,627986.036967,138643.702239,79040.794246,108107.839287,174929.138902,247320.16661,1672774.412255,14145.080866,1686919.493121
2015-04-01,Monthly,287768.435731,626973.111335,139692.922353,75845.081337,108460.754269,183128.548811,245660.812945,1667529.666781,13740.357737,1681270.024518
2015-05-01,Monthly,288572.533821,629845.322484,133983.988055,72174.185688,111942.208371,188724.909452,240800.994085,1666044.141956,15590.215208,1681634.357164
2015-06-01,Monthly,297940.107731,607575.655161,136936.81588,69167.413588,108707.651764,207529.425479,243031.540163,1670888.609766,15844.003766,1686732.613532
2015-07-01,Monthly,283241.087958,572306.297425,134986.290003,64490.526573,114734.197201,219429.260911,242097.97522,1631285.635291,17151.991756,1648437.627047
2015-08-01,Monthly,288206.322202,567193.05833,134708.04099,64371.315923,121438.074669,224513.043592,235029.722351,1635459.578057,17295.64955,1652755.227607
2015-09-01,Monthly,293614.762817,564024.679671,136575.553946,59589.203943,129843.551424,228981.866893,239745.415204,1652375.033898,23203.660616,1675578.694514
2015-10-01,Monthly,285576.459127,557595.299827,135331.498382,60760.324474,132497.180816,230714.605265,236071.925892,1638547.293783,23299.313785,1661846.607568
2015-11-01,Monthly,285578.658999,550467.412844,134484.40465,60470.342532,139854.664817,232417.04767,240471.487344,1643744.018856,26261.305673,1670005.324529
2015-12-01,Monthly,291808.816685,552294.043457,135590.665853,68245.774093,142219.361592,237134.372412,231856.410302,1659149.444394,23384.610956,1682534.05535
2016-01-01,Monthly,293056.143735,554205.976685,136539.890149,63544.069941,133931.570675,226492.255938,240046.248565,1647816.155688,22254.08527,1670070.240958
2016-02-01,Monthly,297694.274115,558182.044295,139022.148403,61153.9545,138704.221896,230874.147118,238632.306742,1664263.097069,17763.513242,1682026.610311
2016-03-01,Monthly,284711.821211,561896.424069,138981.586273,57880.170386,134710.615059,234830.528374,250488.445429,1663499.590801,15837.584237,1679337.175038
2016-04-01,Monthly,278460.813652,570383.633505,139180.576636,52767.676152,132758.808815,235690.161818,245720.13768,1654961.808258,16060.220358,1671022.028616
2016-05-01,Monthly,285634.300827,575662.682492,138521.413335,52387.777512,138354.924468,233993.883329,242474.279674,1667029.261637,16109.636888,1683138.898525
2016-06-01,Monthly,290962.030426,572903.815824,142166.97138,51889.000857,134799.226294,230432.897236,244315.845126,1667469.787143,19765.297218,1687235.084361
2016-07-01,Monthly,283038.848894,573988.633713,140105.756047,51586.064212,129155.012173,234847.257271,237462.468964,1650184.041274,16355.495366,1666539.53664
2016-08-01,Monthly,284574.19811,573631.794556,140991.108456,50027.478142,127897.677133,237010.152998,238031.730527,1652164.139922,14277.237805,1666441.377727
2016-09-01,Monthly,285366.984644,572707.571246,143722.598424,52074.744614,125953.618875,247411.899113,247116.42301,1674353.839926,14548.549071,1688902.388997
2016-10-01,Monthly,289934.437303,568520.422562,142724.756418,48252.316813,136897.359774,244617.717691,253694.651765,1684641.662326,11085.559961,1695727.222287
2016-11-01,Monthly,294657.208352,564664.059118,144270.739792,47594.559087,138353.199417,246631.442262,248465.39363,1684636.601658,14108.154657,1698744.756315
2016-12-01,Monthly,303737.262159,557984.695926,145128.765913,57581.48419,138764.558463,253928.746371,238341.622695,1695467.135717,15628.631471,1711095.767188
2017-01-01,Monthly,305442.330467,554350.869646,149212.683249,54532.57786,146225.131507,247879.32653,245055.257537,1702698.176796,15000.451079,1717698.627875
2017-02-01,Monthly,311249.217414,547242.705129,150940.5995,49830.298032,143552.506638,253686.595374,253976.526085,1710478.448172,12889.331467,1723367.779639
2017-03-01,Monthly,307028.760219,555427.767032,151903.484781,51180.726241,143033.830799,255865.295813,258418.57024,1722858.435125,14604.353432,1737462.788557
2017-04-01,Monthly,308100.286955,557307.395163,150238.11863,48524.886896,145522.536571,263833.405876,246760.366204,1720286.996295,12074.599788,1732361.596083
2017-05-01,Monthly,311951.498645,561868.549148,150063.465232,45587.619367,145712.832391,265579.288024,250613.791817,1731377.044624,10423.796669,1741800.841293
2017-06-01,Monthly,315300.933142,562565.885133,151814.802051,47726.797244,139089.617042,272550.213912,238612.370256,1727660.61878,12159.340229,1739819.959009
2017-07-01,Monthly,314206.633159,564654.388758,150073.004528,44467.390634,136185.234286,277456.27084,237140.398275,1724183.32048,17386.878054,1741570.198534
2017-08-01,Monthly,314939.605259,567762.919659,151099.30281,46489.112888,134806.770491,281588.994498,242220.417675,1738907.12328,14934.808292,1753841.931572
2017-09-01,Monthly,316197.278525,569189.494379,150861.238741,47663.610786,138591.057227,290949.908944,240871.083543,1754323.672145,15174.683357,1769498.355502
2017-10-01,Monthly,323295.747383,569484.868229,150260.729983,53051.806531,138152.317309,292397.203513,235225.044087,1761867.717035,18774.668822,1780642.385857
2017-11-01,Monthly,322585.305518,571461.965478,150986.509806,53879.040093,136207.255108,295296.341249,235872.101718,1766288.51897,18227.841976,1784516.360946
2017-12-01,Monthly,340703.037667,570484.681988,150505.206681,52485.846175,129459.503889,293009.408157,226775.156251,1763422.840808,18277.081847,1781699.922655
2018-01-01,Monthly,341115.115165,578792.391796,152265.65229,44144.730351,129309.609239,297535.060414,230951.352319,1774113.911574,18229.24105,1792343.152624
2018-02-01,Monthly,336065.23263,579632.741262,155151.388692,39461.612882,128224.217669,302239.608906,236272.283842,1777047.085883,17342.017662,1794389.103545
2018-03-01,Monthly,332354.368498,582368.037689,155307.073191,39818.892377,134254.827626,312123.39907,252244.73293,1808471.331381,20742.304327,1829213.635708
2018-04-01,Monthly,330216.435844,584939.977032,155893.039698,41719.278669,133886.520037,342358.713599,255086.024361,1844099.98924,15460.518784,1859560.508024
2018-05-01,Monthly,329725.11688,580328.870821,156028.927625,42689.52964,138189.850134,344216.586152,253715.828833,1844894.710085,13086.92183,1857981.631915
2018-06-01,Monthly,328801.666407,582790.272491,156474.476508,44268.818248,137737.164046,345812.954623,254112.659983,1849998.012306,15197.104233,1865195.116539
2018-07-01,Monthly,326303.068574,585562.712761,155692.961672,41323.905437,133670.847757,351949.089104,260962.082091,1855464.667396,18180.405556,1873645.072952
2018-08-01,Monthly,325980.089416,587887.685435,155899.036718,43095.926076,130802.466419,363291.098137,258719.85003,1865676.152231,21259.415036,1886935.567267
2018-09-01,Monthly,327063.908465,593937.651637,155976.436252,43065.515777,136989.019584,362977.541662,253112.749964,1873122.823341,21608.343836,1894731.167177
2018-10-01,Monthly,329227.690002,598034.096933,156551.687175,42082.454246,142464.150225,362482.313451,259229.147662,1890071.539694,26195.371241,1916266.910935
2018-11-01,Monthly,331670.370033,600259.1986,157152.818854,45047.52329,144381.266284,363182.526404,261391.28654,1903084.990005,26665.235632,1929750.225637
2018-12-01,Monthly,339880.916521,602608.572674,157386.533962,45704.623249,142418.571579,372520.41345,251651.864731,1912171.496166,32725.440449,1944896.936615
2019-01-01,Monthly,335551.579827,601550.474197,162067.753764,46165.668102,138751.510406,377879.900761,244252.106104,1906218.993161,25386.274027,1931605.267188
2019-02-01,Monthly,335942.918282,601295.650617,162468.806906,43459.389967,140561.489773,385315.066525,245219.905452,1914263.227522,23642.348556,1937905.576078
2019-03-01,Monthly,339025.709762,603794.290693,161720.400345,43725.927319,136887.808708,390782.115582,251489.138805,1927425.391214,30338.589643,1957763.980857
2019-04-01,Monthly,335578.186407,601877.812964,164219.737657,40974.690893,142550.468539,401933.995397,253473.8658,1940608.757657,23883.617976,1964492.375633
2019-05-01,Monthly,341473.139678,599361.958693,166481.726913,39068.056385,146488.341168,397897.518875,252271.110222,1943041.851934,19324.634914,1962366.486848
2019-06-01,Monthly,341703.890104,597095.414086,164853.931364,38562.706526,142528.291937,403202.771712,249562.373092,1937509.378821,22701.143813,1960210.522634
2019-07-01,Monthly,341525.06765,592514.515532,165834.463781,37708.309697,151423.837649,406653.758157,248797.626365,1944457.578831,21196.844778,1965654.423609
2019-08-01,Monthly,339600.321185,594161.772448,167131.998886,39237.838547,146048.009231,412683.867852,249985.97891,1948849.787059,24016.589502,1972866.376561
2019-09-01,Monthly,347120.840622,593396.259899,167115.612869,39752.155128,140483.062313,419751.166864,245102.165145,1952721.26284,22030.209833,1974751.472673
2019-10-01,Monthly,344918.087055,594755.909973,167489.813199,40993.346038,150784.40331,416404.556984,248437.010891,1963783.12745,20372.989823,1984156.117273
2019-11-01,Monthly,347140.265073,592795.567163,168329.389386,40945.550776,152109.61078,409100.187121,245950.464705,1956371.035004,24153.85181,1980524.886814
2019-12-01,Monthly,360385.749252,594564.902991,169974.81439,43539.569764,151965.427192,407733.539575,242409.355578,1970573.358742,29799.945168,2000373.30391
2020-01-01,Monthly,352524.312981,598891.135138,172797.008814,42085.214052,151294.674851,405081.882696,238524.657376,1961198.885908,25738.412216,1986937.298124
2020-02-01,Monthly,351612.052279,598875.363703,175413.361981,39325.655043,151274.845851,409396.827861,237281.915907,1963180.022625,29729.898774,1992909.921399
2020-03-01,Monthly,369909.569583,594999.962282,182362.412691,34892.365502,154731.007475,397019.265645,234246.154218,1968160.737396,41788.126857,2009948.864253
2020-04-01,Monthly,369822.250001,594301.475013,192707.225021,32767.472681,158048.939712,394025.602047,244043.196285,1985716.16076,33823.89533,2019540.05609
2020-05-01,Monthly,380989.112573,596654.036375,196447.03342,32639.01583,162559.695027,387625.157577,239099.482018,1996013.53282,21496.644261,2017510.177081
2020-06-01,Monthly,392342.971221,594422.255488,199549.684445,31225.596844,157635.635463,396045.901476,250041.050715,2021263.095652,24521.870127,2045784.965779
2020-07-01,Monthly,397335.381587,594658.932354,203253.545032,28507.539608,157471.187567,389471.221116,256011.532116,2026709.33938,26968.438333,2053677.777713
2020-08-01,Monthly,406291.781993,593140.313343,202819.489561,27516.584979,165546.045911,392807.343109,245249.692194,2033371.25109,28542.395133,2061913.646223
2020-09-01,Monthly,412683.5227,595013.793659,206825.433431,25357.133522,162269.386283,390538.863389,252499.778264,2045187.911248,31392.163997,2076580.075245
2020-10-01,Monthly,415855.424879,591654.295641,210322.78496,27176.978292,157495.817164,380172.81833,257481.902137,2040160.021403,31244.821344,2071404.842747
2020-11-01,Monthly,422500.107907,585384.819548,211692.110113,28558.945687,158127.17725,382800.748358,249026.427591,2038090.336454,29449.231428,2067539.567882
2020-12-01,Monthly,420464.661008,579212.424664,212340.65829,29564.946817,164820.922569,387316.09322,252827.817057,2046547.523625,42764.243092,2089311.766717
2021-01-01,Monthly,433075.964847,574240.773315,218820.028001,29586.204933,163665.744666,383594.975524,247313.453006,2050297.144292,35036.640238,2085333.78453
2021-02-01,Monthly,434439.218142,571286.776264,223178.04048,32228.948462,169950.253549,386268.802102,243026.047296,2060378.086295,36488.798609,2096866.884904
2021-03-01,Monthly,442570.995658,566336.117996,227865.219953,26926.961257,178967.577792,395734.893288,251571.439769,2089973.205713,39249.155499,2129222.361212
2021-04-01,Monthly,441371.483449,565787.067627,229924.412621,25367.013791,174348.433033,392897.160419,247552.228919,2077247.799859,35662.794606,2112910.594465
2021-05-01,Monthly,443457.779459,570025.077718,230996.838181,25480.632403,179136.856574,388347.697306,248651.451324,2086096.332965,32611.7814,2118708.114365
2021-06-01,Monthly,438883.972366,568989.338283,235592.395093,23584.278062,180422.200828,390070.357478,254642.158472,2092184.700582,33491.585209,2125676.285791
2021-07-01,Monthly,441085.327379,572558.748862,236969.94696,19499.644625,192275.213527,392038.463291,251055.701396,2105483.04604,31355.037133,2136838.083173
2021-08-01,Monthly,442595.984915,573852.55503,237502.985276,18993.026561,194201.349757,384096.961798,253478.71865,2104721.581987,33364.691214,2138086.273201
2021-09-01,Monthly,447683.047026,575708.83775,241620.053887,20417.061464,189641.998831,392744.306416,266171.055932,2133986.361306,39403.338537,2173389.699843
2021-10-01,Monthly,445926.703461,575400.027978,238942.018687,20900.939696,183283.963641,394753.071503,265144.576641,2124351.301607,39205.869417,2163557.171024
2021-11-01,Monthly,463673.996995,572686.89416,240629.069725,24631.216349,187656.372795,399184.224034,266915.564652,2155377.33871,45069.123158,2200446.461868
2021-12-01,Monthly,458470.696621,570528.589295,243373.042629,28156.984309,192710.487196,406924.006045,266256.583313,2166420.389408,55332.852672,2221753.24208
2022-01-01,Monthly,460199.427867,572720.562071,245785.029409,22349.499934,193290.136467,403341.646694,262063.162296,2159749.464738,47353.213103,2207102.677841
2022-02-01,Monthly,469898.172746,572714.543024,243011.745846,19549.910842,208927.384149,403744.950534,265493.186638,2183339.893779,50124.985476,2233464.879255
2022-03-01,Monthly,468502.961898,571251.832616,244994.575907,23670.615423,195397.276363,408470.799848,273945.223108,2186233.285163,53773.415858,2240006.701021
2022-04-01,Monthly,469957.721567,571608.597349,268866.935647,21438.464288,200915.14821,403023.268105,248368.95543,2184179.090596,59185.535563,2243364.626159
2022-05-01,Monthly,475769.952469,573100.975742,253215.85907,20402.298486,205772.822943,407412.233854,255005.740068,2190679.882632,57528.386193,2248208.268825
2022-06-01,Monthly,485881.027646,572937.581113,248130.324068,20293.062213,205390.083504,414862.086936,256341.934313,2203836.099793,62490.6412,2266326.740993
2022-07-01,Monthly,480836.53684,575484.162333,242890.446234,21615.405305,205565.659627,422817.4791,255741.32799,2204951.017429,64512.964325,2269463.981754
2022-08-01,Monthly,482275.697669,572239.401977,238998.758232,22236.634508,213651.736572,433379.4197,270468.274382,2233249.92304,64962.324028,2298212.247068
2022-09-01,Monthly,477225.994335,574148.143557,237316.341344,27229.793897,227833.712499,441882.972209,269894.046649,2255531.00449,77747.135326,2333278.139816
2022-10-01,Monthly,481801.806774,570240.551137,233612.842849,26195.169023,231628.351097,448096.666897,268577.153892,2260152.541669,82038.890541,2342191.43221
2022-11-01,Monthly,481438.937936,569427.514785,231923.159216,23050.620289,221277.580301,453134.262328,270798.440896,2251050.515751,80183.142857,2331233.658608
2022-12-01,Monthly,478819.09383,575414.645139,229455.566603,26777.51296,224176.823098,465094.649899,261014.185997,2260752.477526,92977.521164,2353729.99869
2023-01-01,Monthly,473964.240222,581610.669608,230592.840347,31351.127985,227951.185153,453727.433848,261342.84898,2260540.346143,100510.880074,2361051.226217
2023-02-01,Monthly,482278.567129,584455.363299,229444.45107,34845.217618,242413.56501,462701.41211,257985.666835,2294124.243071,105952.679509,2400076.92258
2023-03-01,Monthly,469716.924447,599541.468175,230935.436672,31541.116551,225887.648455,467188.685395,261815.979371,2286627.259066,110984.621686,2397611.880752
2023-04-01,Monthly,464033.424379,605571.489573,227653.143831,31024.94424,218337.835034,466293.54511,263722.653028,2276637.035195,110284.649508,2386921.684703
2023-05-01,Monthly,466860.214796,609274.33669,226586.974463,28864.02737,223591.949721,471530.745621,261077.023596,2287785.272257,111284.052368,2399069.324625
2023-06-01,Monthly,474785.523313,611604.988402,228275.093691,26130.193397,221985.236668,469792.617046,257850.250465,2290423.902982,109729.726502,2400153.629484
2023-07-01,Monthly,468540.918931,613527.478223,224457.829735,24778.556482,220126.154943,470692.490673,258923.758382,2281047.187369,107907.015285,2388954.202654
2023-08-01,Monthly,480889.917592,610110.660371,223861.54004,24717.467408,228180.899674,467581.543549,254446.555539,2289788.584173,113524.626355,2403313.210528
2023-09-01,Monthly,485328.147068,611011.691607,224337.68854,25303.306797,229389.870988,474090.023207,260294.648207,2309755.376414,123204.55544,2432959.931854
2023-10-01,Monthly,491400.469019,603651.829862,224579.705845,21638.030618,240008.868626,476474.709529,265261.077656,2323014.691155,120218.691171,2443233.382326
2023-11-01,Monthly,496128.040651,600333.724736,225809.052429,20908.415939,241117.122384,479547.040637,266174.392668,2330017.789444,124069.560968,2454087.350412
2023-12-01,Monthly,508156.17226,599873.561819,226052.278609,19195.042354,248607.51835,480826.13297,282822.235309,2365532.941671,120342.320646,2485875.262317
2024-01-01,Monthly,509245.942589,604642.982563,231353.797106,17537.253062,247420.281305,475440.062385,289952.380849,2375592.699859,108497.038878,2484089.738737
2024-02-01,Monthly,509217.177702,612338.274642,235243.428715,17899.412857,245412.081298,479496.751277,285498.130443,2385105.256934,112055.904483,2497161.161417
2024-03-01,Monthly,513883.689081,618795.185395,233316.480185,17491.207498,253082.449252,486885.708974,278247.083189,2401701.803574,116062.433792,2517764.237366
2024-04-01,Monthly,504310.161212,619718.547784,233820.641894,19435.681542,252190.6815,488607.132473,275415.400195,2393498.2466,111815.028296,2505313.274896
2024-05-01,Monthly,510279.916096,623208.789499,234248.50325,21847.845474,250581.648331,485622.356783,275352.578108,2401141.637541,115512.121589,2516653.75913
2024-06-01,Monthly,516170.828706,618868.537085,232568.671726,19085.992541,257576.197254,481948.092215,270767.389042,2396985.708569,119611.922863,2516597.631432
2024-07-01,Monthly,505244.11781,617084.683827,231943.929118,19417.836819,257422.790621,497067.752301,261387.419983,2389568.530479,112782.591951,2502351.12243
2024-08-01,Monthly,506109.429698,612089.829236,232707.289849,19125.440279,246438.86411,501060.629162,264621.042844,2382152.525178,111458.405148,2493610.930326
2024-09-01,Monthly,514833.026586,612244.721041,231538.428218,19661.715826,239021.573824,502912.766996,270127.54771,2390339.780201,121797.90364,2512137.683841
2024-10-01,Monthly,513101.5103,612323.298383,231679.973191,20005.501336,251139.581425,505393.292628,269860.414029,2403503.571292,116245.345251,2519748.916543
2024-11-01,Monthly,526108.899776,612277.862114,233093.430141,22889.199862,254582.440263,507397.044317,267638.88454,2423987.761013,118236.411475,2542224.172488
2024-12-01,Monthly,529960.983469,611303.287435,238501.806593,22012.57869,276465.762617,512064.076143,254354.487112,2444662.982059,116532.828271,2561195.81033
2025-01-01,Monthly,525103.470202,614032.523696,239248.275459,21659.634738,279101.070662,511020.438459,258492.647708,2448658.060924,112635.84178,2561293.902704
2025-02-01,Monthly,534255.824889,614346.561509,240779.619537,24298.21197,279833.796313,513100.394562,257993.951394,2464608.360174,119699.355437,2584307.715611
2025-03-01,Monthly,530136.034935,612239.962382,242253.184878,26812.433539,275350.312095,519123.750319,258013.105683,2463928.783831,129885.882003,2593814.665834
2025-04-01,Monthly,530437.194535,617750.112271,240758.0,23657.331139,287297.633776,517937.220927,257663.545021,2475501.037669,124139.184079,2599640.221748
2025-05-01,Monthly,529345.802575,615636.599983,237155.926811,25459.180446,292501.8679,520748.712706,254128.086832,2474976.177253,110203.667079,2585179.844332
2025-06-01,Monthly,550354.828121,612749.144552,237350.729295,23187.777375,288135.911984,519049.68014,258040.842073,2488868.91354,99799.288124,2588668.201664
2025-07-01,Monthly,547526.764418,619046.38588,238580.949262,21808.511926,292807.012429,520918.462634,264065.236337,2504753.322886,90819.921026,2595573.243912
2025-08-01,Monthly,546250.034947,622793.335825,237795.132888,24430.791662,288234.280079,520157.491571,257133.589967,2496794.656939,92169.437924,2588964.094863
2025-09-01,Monthly,566370.085624,617590.916186,240086.988048,23879.288214,300877.013258,511643.257211,254890.082152,2515337.630693,97791.557979,2613129.188672
2025-10-01,Monthly,558216.840747,622961.753862,239060.452442,23146.671188,288862.761077,522748.802556,265829.041191,2520826.323063,91789.595304,2612615.918367
2025-11-01,Monthly,561469.917202,622773.512985,236372.410048,20895.678825,286504.926173,520747.959503,272466.142824,2521230.54756,89780.460772,2611011.008332
2025-12-01,Monthly,582835.768239,622141.445761,241487.134222,18974.066587,295347.191507,518929.139708,275895.589854,2555610.335878,92921.442453,2648531.778331
2026-01-01,Monthly,582542.849397,622275.606118,243124.061851,20524.820824,284101.548096,514778.898041,278627.757792,2545975.542119,86797.566267,2632773.108386
2026-02-01,Monthly,587290.9815,622426.153414,246544.235505,19317.871231,278923.269514,520550.076456,284475.272875,2559527.860495,91577.139631,2651105.000126
2026-03-01,Monthly,598088.600508,617399.331346,246825.640878,19583.147872,295608.13484,515838.343499,288340.448559,2581683.647502,120085.274133,2701768.921635
2026-04-01,Monthly,577733.782162,619949.543942,250273.367201,22853.305532,305835.669517,512394.302152,293167.760022,2582207.730528,105674.373593,2687882.104121
