date,frequency,ibs_deposits_by_type,rm_special_investment_deposits,fx_special_investment_deposits,rm_general_investment_deposits,fx_general_investment_deposits,rm_demand_deposits,fx_demand_deposits,rm_saving_deposits,fx_saving_deposits,nids_issued,rm_tawarruq_fixed_deposits,fx_tawarruq_fixed_deposits,rm_others_deposit,fx_others_deposit,total_deposits
2007-01-01,Monthly,Bank-bank Islam / Islamic Banks,12129.516,0.0,20386.252,1.27,12203.196,84.612,5002.584,0.0,6466.049,0.0,0.0,1355.033,380.987,58009.499
2007-01-01,Monthly,Bank-bank Perdagangan (SPI) / IBS of Commercial Banks,0.0,0.0,13799.271,0.0,7203.182,0.0,6456.387,0.0,7023.476,0.0,0.0,1158.894,0.0,35641.21
2007-01-01,Monthly,Bank-bank Pelaburan (Saudagar) SPI / IBS of Investment (Merchant) Banks,529.477,0.0,2737.41,0.0,0.0,0.0,0.0,0.0,78.338,0.0,0.0,92.552,0.0,3437.777
2007-01-01,Monthly,Jumlah/ Total,12658.993,0.0,36922.933,1.27,19406.378,84.612,11458.971,0.0,13567.863,0.0,0.0,2606.479,380.987,97088.486
2007-02-01,Monthly,Bank-bank Islam / Islamic Banks,13233.03,0.0,20161.146,1.276,11689.376,80.398,5027.266,0.0,6566.43219,0.0,0.0,2050.948,378.061,59187.93319
2007-02-01,Monthly,Bank-bank Perdagangan (SPI) / IBS of Commercial Banks,0.0,0.0,13877.841,0.0,7348.361,0.0,6658.975,0.0,6513.21,0.0,0.0,1253.688,0.0,35652.075
2007-02-01,Monthly,Bank-bank Pelaburan (Saudagar) SPI / IBS of Investment (Merchant) Banks,567.781,0.0,2824.005,0.0,0.0,0.0,0.0,0.0,78.338,0.0,0.0,128.53,0.0,3598.654
2007-02-01,Monthly,Jumlah/ Total,13800.811,0.0,36862.992,1.276,19037.737,80.398,11686.241,0.0,13157.98019,0.0,0.0,3433.166,378.061,98438.66219
2007-03-01,Monthly,Bank-bank Islam / Islamic Banks,14482.261,0.0,20778.262,1.264,11853.359,99.246,5127.201,0.0,5968.77117,0.0,0.0,2138.522,282.353,60731.23917
2007-03-01,Monthly,Bank-bank Perdagangan (SPI) / IBS of Commercial Banks,0.0,0.0,14077.642,0.0,7068.009,0.0,6640.224,0.0,7242.684,0.0,0.0,1384.296,0.0,36412.855
2007-03-01,Monthly,Bank-bank Pelaburan (Saudagar) SPI / IBS of Investment (Merchant) Banks,563.003,0.0,2975.445,0.0,0.0,0.0,0.0,0.0,78.338,0.0,0.0,132.323,0.0,3749.109
2007-03-01,Monthly,Jumlah/ Total,15045.264,0.0,37831.349,1.264,18921.368,99.246,11767.425,0.0,13289.79317,0.0,0.0,3655.141,282.353,100893.20317
2007-04-01,Monthly,Bank-bank Islam / Islamic Banks,15278.081,0.0,21003.883,1.153,11594.039,58.851,5112.913,0.0,6604.21172,0.0,0.0,2172.058,306.52,62131.70972
2007-04-01,Monthly,Bank-bank Perdagangan (SPI) / IBS of Commercial Banks,0.0,0.0,15033.298,0.0,7129.58,0.0,6750.235,0.0,7242.813,0.0,0.0,1142.559,0.0,37298.485
2007-04-01,Monthly,Bank-bank Pelaburan (Saudagar) SPI / IBS of Investment (Merchant) Banks,613.74,0.0,3327.394,0.0,0.0,0.0,0.0,0.0,101.588,0.0,0.0,165.693,0.0,4208.415
2007-04-01,Monthly,Jumlah/ Total,15891.821,0.0,39364.575,1.153,18723.619,58.851,11863.148,0.0,13948.61272,0.0,0.0,3480.31,306.52,103638.60972
2007-05-01,Monthly,Bank-bank Islam / Islamic Banks,14605.097,0.0,21917.187,1.161,11577.22,24.14,5142.134,0.0,7766.84,0.0,0.0,2656.266,301.77,63991.815
2007-05-01,Monthly,Bank-bank Perdagangan (SPI) / IBS of Commercial Banks,0.0,0.0,15558.069,0.0,7867.806,0.0,6797.225,0.0,7328.742,0.0,0.0,937.69,0.0,38489.532
2007-05-01,Monthly,Bank-bank Pelaburan (Saudagar) SPI / IBS of Investment (Merchant) Banks,634.765,0.0,3160.347,0.0,0.0,0.0,0.0,0.0,102.036,0.0,0.0,200.477,0.0,4097.625
2007-05-01,Monthly,Jumlah/ Total,15239.862,0.0,40635.603,1.161,19445.026,24.14,11939.359,0.0,15197.618,0.0,0.0,3794.433,301.77,106578.972
2007-06-01,Monthly,Bank-bank Islam / Islamic Banks,14728.006,0.0,21663.903,1.184,12247.882,25.011,5143.474,0.0,8575.25,0.0,0.0,2653.065,296.526,65334.301
2007-06-01,Monthly,Bank-bank Perdagangan (SPI) / IBS of Commercial Banks,0.0,0.0,15463.565,0.0,7219.045,0.0,6886.125,0.0,6523.167,0.0,0.0,998.54,0.0,37090.442
2007-06-01,Monthly,Bank-bank Pelaburan (Saudagar) SPI / IBS of Investment (Merchant) Banks,681.148,0.0,3362.769,0.0,0.0,0.0,0.0,0.0,149.16,0.0,0.0,740.598,0.0,4933.675
2007-06-01,Monthly,Jumlah/ Total,15409.154,0.0,40490.237,1.184,19466.927,25.011,12029.599,0.0,15247.577,0.0,0.0,4392.203,296.526,107358.418
2007-07-01,Monthly,Bank-bank Islam / Islamic Banks,15829.588,0.0,21681.749,2.778,12677.607,24.234,5417.86,0.0,7791.122,0.0,0.0,2872.64,276.123,66573.701
2007-07-01,Monthly,Bank-bank Perdagangan (SPI) / IBS of Commercial Banks,0.0,0.0,15164.805,0.0,7143.481,0.0,7022.965,0.0,6359.017,0.0,0.0,985.833,0.0,36676.101
2007-07-01,Monthly,Bank-bank Pelaburan (Saudagar) SPI / IBS of Investment (Merchant) Banks,657.603,0.0,4154.467,0.0,0.0,0.0,0.0,0.0,126.348,0.0,0.0,771.673,0.0,5710.091
2007-07-01,Monthly,Jumlah/ Total,16487.191,0.0,41001.021,2.778,19821.088,24.234,12440.825,0.0,14276.487,0.0,0.0,4630.146,276.123,108959.893
2007-08-01,Monthly,Bank-bank Islam / Islamic Banks,18381.987,0.0,21795.404,4.932,12339.75,20.168,5439.66,0.0,8551.082,0.0,0.0,2688.175,262.466,69483.624
2007-08-01,Monthly,Bank-bank Perdagangan (SPI) / IBS of Commercial Banks,0.0,0.0,15231.438,0.0,7392.469,0.0,7166.151,0.0,4760.225,0.0,0.0,1028.567,0.0,35578.85
2007-08-01,Monthly,Bank-bank Pelaburan (Saudagar) SPI / IBS of Investment (Merchant) Banks,636.891,0.0,4231.366,0.0,0.0,0.0,0.0,0.0,126.348,0.0,0.0,787.906,0.0,5782.511
2007-08-01,Monthly,Jumlah/ Total,19018.878,0.0,41258.208,4.932,19732.219,20.168,12605.811,0.0,13437.655,0.0,0.0,4504.648,262.466,110844.985
2007-09-01,Monthly,Bank-bank Islam / Islamic Banks,15210.334,0.0,21457.338,4.367,12940.134,25.206,5536.736,0.0,7984.055,0.0,0.0,3679.866,359.411,67197.447
2007-09-01,Monthly,Bank-bank Perdagangan (SPI) / IBS of Commercial Banks,0.0,0.0,16322.557,0.0,8015.121,0.0,7325.242,0.0,5051.31,0.0,0.0,726.965,0.0,37441.195
2007-09-01,Monthly,Bank-bank Pelaburan (Saudagar) SPI / IBS of Investment (Merchant) Banks,629.086,0.0,4137.018,0.0,0.0,0.0,0.0,0.0,124.148,0.0,0.0,816.136,0.0,5706.388
2007-09-01,Monthly,Jumlah/ Total,15839.42,0.0,41916.913,4.367,20955.255,25.206,12861.978,0.0,13159.513,0.0,0.0,5222.967,359.411,110345.03
2007-10-01,Monthly,Bank-bank Islam / Islamic Banks,15056.405,0.0,21890.706,3.851,13119.256,26.569,5562.576,0.0,7168.968,0.0,0.0,4053.244,304.096,67185.671
2007-10-01,Monthly,Bank-bank Perdagangan (SPI) / IBS of Commercial Banks,0.0,0.0,16497.239,0.0,8253.543,0.0,7466.445,0.0,6776.544,0.0,0.0,1003.782,0.0,39997.553
2007-10-01,Monthly,Bank-bank Pelaburan (Saudagar) SPI / IBS of Investment (Merchant) Banks,617.489,0.0,3021.153,0.0,0.0,0.0,0.0,0.0,124.148,0.0,0.0,804.702,0.0,4567.492
2007-10-01,Monthly,Jumlah/ Total,15673.894,0.0,41409.098,3.851,21372.799,26.569,13029.021,0.0,14069.66,0.0,0.0,5861.728,304.096,111750.716
2007-11-01,Monthly,Bank-bank Islam / Islamic Banks,16850.98,0.0,21592.673,3.39,12424.645,52.366,5572.576,0.0,8267.509,0.0,0.0,4702.318,260.251,69726.708
2007-11-01,Monthly,Bank-bank Perdagangan (SPI) / IBS of Commercial Banks,0.0,0.0,14481.806,0.0,8779.068,0.0,7543.775,0.0,7137.774,0.0,0.0,957.634,0.0,38900.057
2007-11-01,Monthly,Bank-bank Pelaburan (Saudagar) SPI / IBS of Investment (Merchant) Banks,569.759,0.0,3822.226,0.0,0.0,0.0,0.0,0.0,124.606,0.0,0.0,794.449,0.0,5311.04
2007-11-01,Monthly,Jumlah/ Total,17420.739,0.0,39896.705,3.39,21203.713,52.366,13116.351,0.0,15529.889,0.0,0.0,6454.401,260.251,113937.805
2007-12-01,Monthly,Bank-bank Islam / Islamic Banks,17568.033,0.0,21766.73,1.684,14990.373,272.947,5896.564,0.0,8789.454,0.0,0.0,5625.69,257.571,75169.046
2007-12-01,Monthly,Bank-bank Perdagangan (SPI) / IBS of Commercial Banks,0.0,0.0,14323.467,0.0,9963.792,0.0,7663.362,0.0,9013.386,0.0,0.0,1032.797,0.0,41996.804
2007-12-01,Monthly,Bank-bank Pelaburan (Saudagar) SPI / IBS of Investment (Merchant) Banks,489.529,0.0,3435.042,0.0,0.0,0.0,0.0,0.0,125.889,0.0,0.0,781.681,0.0,4832.141
2007-12-01,Monthly,Jumlah/ Total,18057.562,0.0,39525.239,1.684,24954.165,272.947,13559.926,0.0,17928.729,0.0,0.0,7440.168,257.571,121997.991
2008-01-01,Monthly,Bank-bank Islam / Islamic Banks,14327.134,0.0,26540.07,5.52,20848.717,210.587,9830.656,0.0,14404.888,3296.663,1066.843,4958.107,0.0,95489.185
2008-01-01,Monthly,Bank-bank Perdagangan (SPI) / IBS of Commercial Banks,0.0,0.0,10961.724,0.0,3977.225,0.0,4166.638,0.0,3246.323,0.0,0.9,864.98,0.0,23217.79
2008-01-01,Monthly,Bank-bank Pelaburan (Saudagar) SPI / IBS of Investment (Merchant) Banks,3.808,0.0,4186.402,0.0,0.0,0.0,0.0,0.0,125.889,0.0,0.0,703.761,0.0,5019.86
2008-01-01,Monthly,Jumlah/ Total,14330.942,0.0,41688.196,5.52,24825.942,210.587,13997.294,0.0,17777.1,3296.663,1067.743,6526.848,0.0,123726.835
2008-02-01,Monthly,Bank-bank Islam / Islamic Banks,14743.548,0.0,26400.11,6.43,20958.239,65.369,10084.617,0.0,14399.266,3299.619,1821.823,5979.939,41.887,97800.847
2008-02-01,Monthly,Bank-bank Perdagangan (SPI) / IBS of Commercial Banks,0.0,0.0,10210.937,0.0,3821.216,0.0,4251.458,0.0,3180.493,0.0,0.889,860.256,0.0,22325.249
2008-02-01,Monthly,Bank-bank Pelaburan (Saudagar) SPI / IBS of Investment (Merchant) Banks,8.486,0.0,4257.768,0.0,0.0,0.0,0.0,0.0,125.889,0.0,0.0,701.688,0.0,5093.831
2008-02-01,Monthly,Jumlah/ Total,14752.034,0.0,40868.815,6.43,24779.455,65.369,14336.075,0.0,17705.648,3299.619,1822.712,7541.883,41.887,125219.927
2008-03-01,Monthly,Bank-bank Islam / Islamic Banks,15537.676,0.0,27193.753,5.465,20585.251,92.513,9949.209,0.0,14781.368,4860.427,2333.935,5155.217,0.0,100494.814
2008-03-01,Monthly,Bank-bank Perdagangan (SPI) / IBS of Commercial Banks,190.097,0.0,11071.293,0.0,4046.904,0.0,4216.677,0.0,3463.104,0.0,0.888,834.731,0.0,23823.694
2008-03-01,Monthly,Bank-bank Pelaburan (Saudagar) SPI / IBS of Investment (Merchant) Banks,14.007,0.0,5300.111,0.0,0.0,0.0,0.0,0.0,125.889,0.0,0.0,708.488,0.0,6148.495
2008-03-01,Monthly,Jumlah/ Total,15741.78,0.0,43565.157,5.465,24632.155,92.513,14165.886,0.0,18370.361,4860.427,2334.823,6698.436,0.0,130467.003
2008-04-01,Monthly,Bank-bank Islam / Islamic Banks,15666.444,0.0,30271.694,5.412,20878.422,78.98,10423.655,0.0,14479.492,5349.958,2158.36,5411.648,0.0,104724.065
2008-04-01,Monthly,Bank-bank Perdagangan (SPI) / IBS of Commercial Banks,190.097,0.0,10794.324,0.0,2984.531,0.0,4033.78,0.0,3625.206,0.0,1.384,837.774,0.0,22467.096
2008-04-01,Monthly,Bank-bank Pelaburan (Saudagar) SPI / IBS of Investment (Merchant) Banks,27.587,0.0,4434.365,0.0,0.0,0.0,0.0,0.0,41.83,0.0,0.0,709.268,0.0,5213.05
2008-04-01,Monthly,Jumlah/ Total,15884.128,0.0,45500.383,5.412,23862.953,78.98,14457.435,0.0,18146.528,5349.958,2159.744,6958.69,0.0,132404.211
2008-05-01,Monthly,Bank-bank Islam / Islamic Banks,15716.412,0.0,31206.877,3.93,22220.665,108.857,10312.684,0.0,15974.875,5342.532,2464.608,5748.061,0.0,109099.501
2008-05-01,Monthly,Bank-bank Perdagangan (SPI) / IBS of Commercial Banks,220.219,0.0,11694.941,0.0,2862.388,0.0,4030.026,0.0,3674.551,0.0,1.42,813.578,0.0,23297.123
2008-05-01,Monthly,Bank-bank Pelaburan (Saudagar) SPI / IBS of Investment (Merchant) Banks,41.531,0.0,4557.274,0.0,0.0,0.0,0.0,0.0,41.83,0.0,0.0,706.295,0.0,5346.93
2008-05-01,Monthly,Jumlah/ Total,15978.162,0.0,47459.092,3.93,25083.053,108.857,14342.71,0.0,19691.256,5342.532,2466.028,7267.934,0.0,137743.554
2008-06-01,Monthly,Bank-bank Islam / Islamic Banks,17169.015,0.0,31890.14,19.473,21947.939,90.27,10410.424,0.0,16349.939,6150.673,2207.773,6228.163,0.0,112463.809
2008-06-01,Monthly,Bank-bank Perdagangan (SPI) / IBS of Commercial Banks,220.219,0.0,11562.113,0.0,3096.014,0.0,4068.595,0.0,3740.091,0.0,1.431,1124.965,0.0,23813.428
2008-06-01,Monthly,Bank-bank Pelaburan (Saudagar) SPI / IBS of Investment (Merchant) Banks,16.988,0.0,4333.977,0.0,0.0,0.0,0.0,0.0,194.87,0.0,0.0,1212.012,0.0,5757.847
2008-06-01,Monthly,Jumlah/ Total,17406.222,0.0,47786.23,19.473,25043.953,90.27,14479.019,0.0,20284.9,6150.673,2209.204,8565.14,0.0,142035.084
2008-07-01,Monthly,Bank-bank Islam / Islamic Banks,16348.072,0.0,32527.202,18.958,20977.344,129.899,10904.262,0.0,16619.47,6351.6,2072.116,6207.95,0.0,112156.873
2008-07-01,Monthly,Bank-bank Perdagangan (SPI) / IBS of Commercial Banks,220.219,0.0,11658.957,0.0,2934.876,0.0,4130.136,0.0,3570.141,0.0,0.0,1134.791,0.0,23649.12
2008-07-01,Monthly,Bank-bank Pelaburan (Saudagar) SPI / IBS of Investment (Merchant) Banks,13.802,0.0,3446.636,0.0,0.0,0.0,0.0,0.0,453.385,0.0,0.0,1203.033,0.0,5116.856
2008-07-01,Monthly,Jumlah/ Total,16582.093,0.0,47632.795,18.958,23912.22,129.899,15034.398,0.0,20642.996,6351.6,2072.116,8545.774,0.0,140922.849
2008-08-01,Monthly,Bank-bank Islam / Islamic Banks,16180.174,0.0,38072.596,42.253,23315.88,163.886,11236.485,0.0,16634.435,6873.354,2059.373,6694.514,0.0,121272.95
2008-08-01,Monthly,Bank-bank Perdagangan (SPI) / IBS of Commercial Banks,0.0,0.0,6928.762,0.0,2768.555,0.0,3691.675,0.0,3963.887,0.0,0.0,960.523,0.0,18313.402
2008-08-01,Monthly,Bank-bank Pelaburan (Saudagar) SPI / IBS of Investment (Merchant) Banks,11.733,0.0,3275.778,0.0,0.0,0.0,0.0,0.0,628.411,0.0,0.0,1192.508,0.0,5108.43
2008-08-01,Monthly,Jumlah/ Total,16191.907,0.0,48277.136,42.253,26084.435,163.886,14928.16,0.0,21226.733,6873.354,2059.373,8847.545,0.0,144694.782
2008-09-01,Monthly,Bank-bank Islam / Islamic Banks,17978.24,22.344,35930.889,38.254,22104.55,175.536,11756.879,0.0,16663.131,6865.318,2755.668,6994.929,0.0,121285.738
2008-09-01,Monthly,Bank-bank Perdagangan (SPI) / IBS of Commercial Banks,0.0,0.0,5470.346,0.0,2905.693,0.0,3802.014,0.0,3973.296,0.0,0.296,929.979,0.0,17081.624
2008-09-01,Monthly,Bank-bank Pelaburan (Saudagar) SPI / IBS of Investment (Merchant) Banks,17.271,0.0,3072.512,0.0,0.0,0.0,0.0,0.0,551.575,0.0,0.0,1189.708,0.0,4831.066
2008-09-01,Monthly,Jumlah/ Total,17995.511,22.344,44473.747,38.254,25010.243,175.536,15558.893,0.0,21188.002,6865.318,2755.964,9114.616,0.0,143198.428
2008-10-01,Monthly,Bank-bank Islam / Islamic Banks,19857.51,23.072,38216.289,57.791,20297.391,269.556,11501.056,0.0,16538.828,6815.652,2446.796,7017.137,0.0,123041.078
2008-10-01,Monthly,Bank-bank Perdagangan (SPI) / IBS of Commercial Banks,0.0,0.0,4792.939,0.0,2679.463,0.0,3741.563,0.0,3520.776,0.0,0.0,969.151,0.0,15703.892
2008-10-01,Monthly,Bank-bank Pelaburan (Saudagar) SPI / IBS of Investment (Merchant) Banks,46.784,0.0,2971.161,0.0,0.0,0.0,0.0,0.0,807.306,0.0,0.0,1179.521,0.0,5004.772
2008-10-01,Monthly,Jumlah/ Total,19904.294,23.072,45980.389,57.791,22976.854,269.556,15242.619,0.0,20866.91,6815.652,2446.796,9165.809,0.0,143749.742
2008-11-01,Monthly,Bank-bank Islam / Islamic Banks,19029.019,23.559,45138.552,89.08,25295.687,167.69,14666.208,0.0,21545.09,6366.811,2383.585,7109.977,0.0,141815.258
2008-11-01,Monthly,Bank-bank Perdagangan (SPI) / IBS of Commercial Banks,0.0,0.0,1220.459,0.0,1254.37,0.0,469.883,0.0,323.663,0.0,0.0,681.892,0.0,3950.267
2008-11-01,Monthly,Bank-bank Pelaburan (Saudagar) SPI / IBS of Investment (Merchant) Banks,0.0,0.0,2585.219,0.0,0.0,0.0,0.0,0.0,506.265,0.0,0.0,1190.644,0.0,4282.128
2008-11-01,Monthly,Jumlah/ Total,19029.019,23.559,48944.23,89.08,26550.057,167.69,15136.091,0.0,22375.018,6366.811,2383.585,8982.513,0.0,150047.653
2008-12-01,Monthly,Bank-bank Islam / Islamic Banks,19216.109,22.519,47282.053,135.673,26036.305,168.761,15520.363,0.0,24062.308,7189.927,2269.495,8027.288,0.799,149931.6
2008-12-01,Monthly,Skim Perbankan Islam (SPI) / Islamic Banking Scheme (IBS),0.0,0.0,2624.866,0.0,290.64,0.448,224.246,0.0,256.05,0.0,0.0,1374.04,0.0,4770.29
2008-12-01,Monthly,Jumlah/ Total,19216.109,22.519,49906.919,135.673,26326.945,169.209,15744.609,0.0,24318.358,7189.927,2269.495,9401.328,0.799,154701.89
2009-01-01,Monthly,Bank-bank Islam / Islamic Banks,21930.967,23.462,44282.983,34.488,24100.723,209.737,15727.958,0.0,24932.345,6474.249,1908.163,8067.851,0.799,147693.725
2009-01-01,Monthly,Skim Perbankan Islam (SPI) / Islamic Banking Scheme (IBS),0.0,0.0,2612.296,0.0,310.464,0.0,229.041,0.0,24.05,0.0,0.0,1402.18,0.0,4578.031
2009-01-01,Monthly,Jumlah/ Total,21930.967,23.462,46895.279,34.488,24411.187,209.737,15956.999,0.0,24956.395,6474.249,1908.163,9470.031,0.799,152271.756
2009-02-01,Monthly,Bank-bank Islam / Islamic Banks,21663.783,24.066,45989.197,35.415,26432.676,166.691,16156.197,0.0,22271.337,5957.981,1923.757,7848.874,0.799,148470.773
2009-02-01,Monthly,Skim Perbankan Islam (SPI) / Islamic Banking Scheme (IBS),0.0,0.0,2832.931,0.0,447.899,0.831,238.501,0.0,243.506,0.0,0.0,1397.97,0.0,5161.638
2009-02-01,Monthly,Jumlah/ Total,21663.783,24.066,48822.128,35.415,26880.575,167.522,16394.698,0.0,22514.843,5957.981,1923.757,9246.844,0.799,153632.411
2009-03-01,Monthly,Bank-bank Islam / Islamic Banks,21421.442,23.699,47502.907,41.589,25069.894,178.014,16035.682,0.0,24793.913,7023.298,1951.116,7664.115,0.799,151706.468
2009-03-01,Monthly,Skim Perbankan Islam (SPI) / Islamic Banking Scheme (IBS),0.0,0.0,2605.599,0.0,379.017,1.238,247.718,0.0,246.905,0.0,0.0,1393.216,0.0,4873.693
2009-03-01,Monthly,Jumlah/ Total,21421.442,23.699,50108.506,41.589,25448.911,179.252,16283.4,0.0,25040.818,7023.298,1951.116,9057.331,0.799,156580.161
2009-04-01,Monthly,Bank-bank Islam / Islamic Banks,22207.464,23.147,47709.859,173.069,26522.942,159.972,16772.315,0.0,26516.89,5956.067,1865.846,7905.796,0.799,155814.166
2009-04-01,Monthly,Skim Perbankan Islam (SPI) / Islamic Banking Scheme (IBS),0.0,0.0,3031.176,0.0,332.662,3.167,270.523,0.0,368.955,0.0,0.0,1402.277,0.0,5408.76
2009-04-01,Monthly,Jumlah/ Total,22207.464,23.147,50741.035,173.069,26855.604,163.139,17042.838,0.0,26885.845,5956.067,1865.846,9308.073,0.799,161222.926
2009-05-01,Monthly,Bank-bank Islam / Islamic Banks,20546.829,22.727,50694.056,128.358,30066.299,169.116,15986.444,0.0,25902.91,6086.089,1860.941,7908.833,0.799,159373.401
2009-05-01,Monthly,Skim Perbankan Islam (SPI) / Islamic Banking Scheme (IBS),0.0,0.0,2913.428,0.0,422.863,75.749,269.671,0.0,462.539,0.0,0.0,1374.792,0.0,5519.042
2009-05-01,Monthly,Jumlah/ Total,20546.829,22.727,53607.484,128.358,30489.162,244.865,16256.115,0.0,26365.449,6086.089,1860.941,9283.625,0.799,164892.443
2009-06-01,Monthly,Bank-bank Islam / Islamic Banks,22332.417,22.861,57833.455,141.55,27098.961,169.049,16263.906,0.0,25694.193,6117.629,1855.1,8017.297,0.799,165547.217
2009-06-01,Monthly,Skim Perbankan Islam (SPI) / Islamic Banking Scheme (IBS),0.0,0.0,2701.993,0.0,289.781,54.785,274.629,0.0,605.571,0.0,0.0,1369.404,0.0,5296.163
2009-06-01,Monthly,Jumlah/ Total,22332.417,22.861,60535.448,141.55,27388.742,223.834,16538.535,0.0,26299.764,6117.629,1855.1,9386.701,0.799,170843.38
2009-07-01,Monthly,Bank-bank Islam / Islamic Banks,24502.969,22.896,58013.265,30.84,26518.168,369.958,16822.575,0.004,24919.447,6233.053,1973.947,7642.562,0.799,167050.483
2009-07-01,Monthly,Skim Perbankan Islam (SPI) / Islamic Banking Scheme (IBS),0.0,0.0,2881.012,0.0,270.809,53.269,291.349,0.0,1037.493,0.0,0.0,1368.127,0.0,5902.059
2009-07-01,Monthly,Jumlah/ Total,24502.969,22.896,60894.277,30.84,26788.977,423.227,17113.924,0.004,25956.94,6233.053,1973.947,9010.689,0.799,172952.542
2009-08-01,Monthly,Bank-bank Islam / Islamic Banks,23472.02,22.896,58177.805,61.791,27449.204,171.924,16727.787,0.7,23936.627,6333.598,2180.149,7850.072,0.799,166385.372
2009-08-01,Monthly,Skim Perbankan Islam (SPI) / Islamic Banking Scheme (IBS),0.0,0.0,3299.289,0.0,203.832,50.245,313.719,0.0,606.009,0.0,0.0,1361.717,0.0,5834.811
2009-08-01,Monthly,Jumlah/ Total,23472.02,22.896,61477.094,61.791,27653.036,222.169,17041.506,0.7,24542.636,6333.598,2180.149,9211.789,0.799,172220.183
2009-09-01,Monthly,Bank-bank Islam / Islamic Banks,23447.069,22.506,57944.13,63.802,27555.339,147.983,16886.018,0.533,23398.922,6878.092,2459.169,8080.599,0.01,166884.172
2009-09-01,Monthly,Skim Perbankan Islam (SPI) / Islamic Banking Scheme (IBS),0.0,0.0,2952.133,0.0,90.544,49.46,295.574,0.0,874.546,0.0,0.0,1451.917,0.0,5714.174
2009-09-01,Monthly,Jumlah/ Total,23447.069,22.506,60896.263,63.802,27645.883,197.443,17181.592,0.533,24273.468,6878.092,2459.169,9532.516,0.01,172598.346
2009-10-01,Monthly,Bank-bank Islam / Islamic Banks,24615.685,22.181,58705.061,51.212,26314.053,177.158,16873.404,0.355,24172.163,7796.77,2418.816,9618.809,0.0,170765.667
2009-10-01,Monthly,Skim Perbankan Islam (SPI) / Islamic Banking Scheme (IBS),0.0,0.0,2920.731,0.0,161.259,497.629,284.723,0.0,1024.75,0.0,0.0,1587.63,0.0,6476.722
2009-10-01,Monthly,Jumlah/ Total,24615.685,22.181,61625.792,51.212,26475.312,674.787,17158.127,0.355,25196.913,7796.77,2418.816,11206.439,0.0,177242.389
2009-11-01,Monthly,Bank-bank Islam / Islamic Banks,26774.531,22.051,59619.791,114.566,29472.579,332.992,17072.031,0.341,22873.005,8469.838,2134.944,10200.027,0.0,177086.696
2009-11-01,Monthly,Skim Perbankan Islam (SPI) / Islamic Banking Scheme (IBS),0.0,0.0,3313.854,0.0,208.938,493.67,283.926,0.0,544.556,0.0,0.0,1599.0,0.0,6443.944
2009-11-01,Monthly,Jumlah/ Total,26774.531,22.051,62933.645,114.566,29681.517,826.662,17355.957,0.341,23417.561,8469.838,2134.944,11799.027,0.0,183530.64
2009-12-01,Monthly,Bank-bank Islam / Islamic Banks,27020.578,22.266,62808.35,82.372,29714.512,200.184,17838.147,0.278,23170.288,8362.237,1895.086,10762.756,0.0,181877.054
2009-12-01,Monthly,Skim Perbankan Islam (SPI) / Islamic Banking Scheme (IBS),0.0,0.0,3705.887,0.0,341.129,497.057,288.248,0.0,537.799,0.0,0.0,1592.261,0.0,6962.381
2009-12-01,Monthly,Jumlah/ Total,27020.578,22.266,66514.237,82.372,30055.641,697.241,18126.395,0.278,23708.087,8362.237,1895.086,12355.017,0.0,188839.435
2010-01-01,Monthly,Bank-bank Islam / Islamic Banks,26967.404,125.911,63980.566,155.653,30590.776,174.648,17939.005,0.451,24278.038,7989.012,1845.391,10208.492,0.0,184255.347
2010-01-01,Monthly,Skim Perbankan Islam (SPI) / Islamic Banking Scheme (IBS),0.0,0.0,3882.696,0.0,97.396,494.253,365.332,0.0,524.105,0.0,0.0,1567.036,0.0,6930.818
2010-01-01,Monthly,Jumlah/ Total,26967.404,125.911,67863.262,155.653,30688.172,668.901,18304.337,0.451,24802.143,7989.012,1845.391,11775.528,0.0,191186.165
2010-02-01,Monthly,Bank-bank Islam / Islamic Banks,27115.453,250.646,63874.956,137.46,30285.198,252.473,18053.047,0.43,21952.771,8522.63,1795.529,10335.137,0.0,182575.73
2010-02-01,Monthly,Skim Perbankan Islam (SPI) / Islamic Banking Scheme (IBS),0.0,0.0,4320.435,0.0,363.236,38.721,79.042,0.0,277.641,0.0,0.0,1563.375,0.0,6642.45
2010-02-01,Monthly,Jumlah/ Total,27115.453,250.646,68195.391,137.46,30648.434,291.194,18132.089,0.43,22230.412,8522.63,1795.529,11898.512,0.0,189218.18
2010-03-01,Monthly,Bank-bank Islam / Islamic Banks,27846.017,287.588,65966.491,125.973,28448.706,241.798,18335.073,0.793,23110.756,7812.838,1677.216,11434.678,6.687,185294.614
2010-03-01,Monthly,Skim Perbankan Islam (SPI) / Islamic Banking Scheme (IBS),0.0,0.0,4254.125,0.0,295.93,37.139,70.574,0.0,630.99,0.0,0.0,1539.442,0.0,6828.2
2010-03-01,Monthly,Jumlah/ Total,27846.017,287.588,70220.616,125.973,28744.636,278.937,18405.647,0.793,23741.746,7812.838,1677.216,12974.12,6.687,192122.814
2010-04-01,Monthly,Bank-bank Islam / Islamic Banks,27964.976,307.022,66310.646,257.252,28410.184,198.12,18579.354,1.331,22685.136,8040.39,1462.113,11562.118,6.37,185785.012
2010-04-01,Monthly,Skim Perbankan Islam (SPI) / Islamic Banking Scheme (IBS),0.0,0.0,4737.987,0.0,287.725,33.509,65.649,0.0,494.665,57.72,0.0,1555.364,0.0,7232.619
2010-04-01,Monthly,Jumlah/ Total,27964.976,307.022,71048.633,257.252,28697.909,231.629,18645.003,1.331,23179.801,8098.11,1462.113,13117.482,6.37,193017.631
2010-05-01,Monthly,Bank-bank Islam / Islamic Banks,31992.359,284.86,59180.204,429.413,29285.095,416.963,18504.689,2.077,23469.153,14165.39,1432.764,12741.183,6.536,191910.686
2010-05-01,Monthly,Skim Perbankan Islam (SPI) / Islamic Banking Scheme (IBS),0.0,0.0,3114.453,0.0,367.262,38.651,74.678,0.0,491.287,57.844,0.0,1542.951,0.0,5687.126
2010-05-01,Monthly,Jumlah/ Total,31992.359,284.86,62294.657,429.413,29652.357,455.614,18579.367,2.077,23960.44,14223.234,1432.764,14284.134,6.536,197597.812
2010-06-01,Monthly,Bank-bank Islam / Islamic Banks,35507.437,169.507,62382.699,292.12,30810.88,352.227,18526.495,2.874,25759.21,14623.898,1528.436,14266.333,6.487,204228.603
2010-06-01,Monthly,Skim Perbankan Islam (SPI) / Islamic Banking Scheme (IBS),0.0,0.0,2768.074,0.0,343.498,37.452,70.612,0.0,375.678,57.844,0.0,956.112,0.0,4609.27
2010-06-01,Monthly,Jumlah/ Total,35507.437,169.507,65150.773,292.12,31154.378,389.679,18597.107,2.874,26134.888,14681.742,1528.436,15222.445,6.487,208837.873
2010-07-01,Monthly,Bank-bank Islam / Islamic Banks,35421.724,93.072,63048.395,251.417,28856.448,322.025,18650.392,4.661,26056.344,15595.24,1752.504,12609.334,6.376,202667.932
2010-07-01,Monthly,Skim Perbankan Islam (SPI) / Islamic Banking Scheme (IBS),0.0,0.0,2762.097,0.0,336.164,37.236,69.925,0.0,487.86,58.1,0.0,923.925,0.0,4675.307
2010-07-01,Monthly,Jumlah/ Total,35421.724,93.072,65810.492,251.417,29192.612,359.261,18720.317,4.661,26544.204,15653.34,1752.504,13533.259,6.376,207343.239
2010-08-01,Monthly,Bank-bank Islam / Islamic Banks,34386.735,38.554,65507.153,175.85,32061.767,319.623,18923.661,5.174,24035.693,15031.978,1861.347,12884.269,6.291,205238.095
2010-08-01,Monthly,Skim Perbankan Islam (SPI) / Islamic Banking Scheme (IBS),0.0,0.0,2622.022,0.0,1305.489,36.512,71.937,0.0,1003.711,58.244,0.0,866.228,0.0,5964.143
2010-08-01,Monthly,Jumlah/ Total,34386.735,38.554,68129.175,175.85,33367.256,356.135,18995.598,5.174,25039.404,15090.222,1861.347,13750.497,6.291,211202.238
2010-09-01,Monthly,Bank-bank Islam / Islamic Banks,32781.343,20.062,66579.636,154.275,30037.971,365.762,19210.914,4.626,24759.989,16045.469,1800.065,13808.212,6.187,205574.511
2010-09-01,Monthly,Skim Perbankan Islam (SPI) / Islamic Banking Scheme (IBS),0.0,0.0,2310.419,0.0,1132.628,153.275,80.015,0.0,991.492,58.385,0.0,834.905,0.0,5561.119
2010-09-01,Monthly,Jumlah/ Total,32781.343,20.062,68890.055,154.275,31170.599,519.037,19290.929,4.626,25751.481,16103.854,1800.065,14643.117,6.187,211135.63
2010-10-01,Monthly,Bank-bank Islam / Islamic Banks,32776.976,172.9,65721.148,133.134,30010.904,356.047,19174.428,6.086,26220.314,18170.06,1960.254,14166.099,6.233,208874.583
2010-10-01,Monthly,Skim Perbankan Islam (SPI) / Islamic Banking Scheme (IBS),0.0,0.0,3102.515,0.0,606.189,170.14,78.921,0.0,930.784,58.526,0.0,736.614,0.0,5683.689
2010-10-01,Monthly,Jumlah/ Total,32776.976,172.9,68823.663,133.134,30617.093,526.187,19253.349,6.086,27151.098,18228.586,1960.254,14902.713,6.233,214558.272
2010-11-01,Monthly,Bank-bank Islam / Islamic Banks,33197.088,178.352,65809.898,89.622,32026.983,339.975,19410.982,6.904,24752.932,19484.845,2032.769,14085.477,6.343,211422.17
2010-11-01,Monthly,Skim Perbankan Islam (SPI) / Islamic Banking Scheme (IBS),0.0,0.0,3400.71,0.0,364.758,181.627,71.977,0.0,951.635,58.673,0.0,720.652,0.0,5750.032
2010-11-01,Monthly,Jumlah/ Total,33197.088,178.352,69210.608,89.622,32391.741,521.602,19482.959,6.904,25704.567,19543.518,2032.769,14806.129,6.343,217172.202
2010-12-01,Monthly,Bank-bank Islam / Islamic Banks,31006.269,181.095,67512.574,86.657,33159.59,565.137,20197.901,8.544,23435.798,18997.21,2097.808,14576.721,11.725,211837.029
2010-12-01,Monthly,Skim Perbankan Islam (SPI) / Islamic Banking Scheme (IBS),0.0,0.0,3545.967,0.0,379.47,38.197,69.203,0.0,374.892,0.0,0.0,707.775,0.0,5115.504
2010-12-01,Monthly,Jumlah/ Total,31006.269,181.095,71058.541,86.657,33539.06,603.334,20267.104,8.544,23810.69,18997.21,2097.808,15284.496,11.725,216952.533
2011-01-01,Monthly,Bank-bank Islam / Islamic Banks,30933.988,199.427,68881.264,285.072,35466.407,357.728,20858.118,10.121,23011.034,18759.614,2107.023,14122.22,852.034,215844.05
2011-01-01,Monthly,Skim Perbankan Islam (SPI) / Islamic Banking Scheme (IBS),0.0,0.0,3191.505,0.0,397.939,23.985,62.722,0.0,365.14,0.0,0.0,698.882,0.0,4740.173
2011-01-01,Monthly,Jumlah/ Total,30933.988,199.427,72072.769,285.072,35864.346,381.713,20920.84,10.121,23376.174,18759.614,2107.023,14821.102,852.034,220584.223
2011-02-01,Monthly,Bank-bank Islam / Islamic Banks,28853.028,195.782,71134.51,276.19,39128.18,385.28,20781.074,11.438,22354.078,20796.429,2173.65,13119.927,848.709,220058.275
2011-02-01,Monthly,Skim Perbankan Islam (SPI) / Islamic Banking Scheme (IBS),0.0,0.0,3059.192,0.0,342.859,25.582,64.525,0.0,235.98,0.0,0.0,688.686,0.0,4416.824
2011-02-01,Monthly,Jumlah/ Total,28853.028,195.782,74193.702,276.19,39471.039,410.862,20845.599,11.438,22590.058,20796.429,2173.65,13808.613,848.709,224475.099
2011-03-01,Monthly,Bank-bank Islam / Islamic Banks,29660.022,146.397,73927.065,302.359,35648.938,392.903,21014.062,12.972,22651.372,23153.635,2557.036,14955.711,595.597,225018.069
2011-03-01,Monthly,Skim Perbankan Islam (SPI) / Islamic Banking Scheme (IBS),0.0,0.0,3083.995,0.0,372.811,32.47,58.847,0.0,432.049,0.0,0.0,679.02,0.0,4659.192
2011-03-01,Monthly,Jumlah/ Total,29660.022,146.397,77011.06,302.359,36021.749,425.373,21072.909,12.972,23083.421,23153.635,2557.036,15634.731,595.597,229677.261
2011-04-01,Monthly,Bank-bank Islam / Islamic Banks,30368.118,143.922,67941.956,223.572,34614.34,746.726,21305.287,11.324,22007.531,24985.871,2139.732,15178.577,611.736,220278.692
2011-04-01,Monthly,Skim Perbankan Islam (SPI) / Islamic Banking Scheme (IBS),0.0,0.0,3618.115,0.0,354.969,281.499,64.185,0.0,355.076,0.0,0.0,673.104,0.0,5346.948
2011-04-01,Monthly,Jumlah/ Total,30368.118,143.922,71560.071,223.572,34969.309,1028.225,21369.472,11.324,22362.607,24985.871,2139.732,15851.681,611.736,225625.64
2011-05-01,Monthly,Bank-bank Islam / Islamic Banks,24263.37,167.041,69197.357,76.667,35926.772,407.974,21256.364,12.935,21562.439,27457.015,2309.646,15567.606,713.95,218919.136
2011-05-01,Monthly,Skim Perbankan Islam (SPI) / Islamic Banking Scheme (IBS),0.0,0.0,3976.75,0.0,394.222,110.176,67.607,0.0,330.046,0.0,0.0,629.948,0.0,5508.749
2011-05-01,Monthly,Jumlah/ Total,24263.37,167.041,73174.107,76.667,36320.994,518.15,21323.971,12.935,21892.485,27457.015,2309.646,16197.554,713.95,224427.885
2011-06-01,Monthly,Bank-bank Islam / Islamic Banks,25964.1,142.063,70679.3,74.419,36895.282,465.248,21717.823,17.066,20870.154,28515.516,2429.254,14938.105,732.583,223440.913
2011-06-01,Monthly,Skim Perbankan Islam (SPI) / Islamic Banking Scheme (IBS),0.0,0.0,4124.874,0.0,354.251,74.766,72.217,0.0,116.677,0.0,0.0,475.752,0.0,5218.537
2011-06-01,Monthly,Jumlah/ Total,25964.1,142.063,74804.174,74.419,37249.533,540.014,21790.04,17.066,20986.831,28515.516,2429.254,15413.857,732.583,228659.45
2011-07-01,Monthly,Bank-bank Islam / Islamic Banks,27312.42,166.575,71991.95,73.222,36366.139,457.914,21693.885,21.67,20887.806,28993.43,2201.186,15533.111,720.446,226419.754
2011-07-01,Monthly,Skim Perbankan Islam (SPI) / Islamic Banking Scheme (IBS),0.0,0.0,3944.383,0.0,363.897,35.951,67.602,0.0,101.45,0.0,0.0,475.91,0.0,4989.193
2011-07-01,Monthly,Jumlah/ Total,27312.42,166.575,75936.333,73.222,36730.036,493.865,21761.487,21.67,20989.256,28993.43,2201.186,16009.021,720.446,231408.947
2011-08-01,Monthly,Bank-bank Islam / Islamic Banks,25323.89,164.534,69045.112,73.534,38371.638,446.536,22632.04,21.451,22876.406,29432.984,2220.816,18330.97,699.714,229639.625
2011-08-01,Monthly,Skim Perbankan Islam (SPI) / Islamic Banking Scheme (IBS),50.0,0.0,3902.885,0.0,408.725,30.82,65.697,0.0,103.478,0.0,0.0,442.951,0.0,5004.556
2011-08-01,Monthly,Jumlah/ Total,25373.89,164.534,72947.997,73.534,38780.363,477.356,22697.737,21.451,22979.884,29432.984,2220.816,18773.921,699.714,234644.181
2011-09-01,Monthly,Bank-bank Islam / Islamic Banks,23053.375,172.734,73612.735,77.767,37215.757,472.95,22624.176,19.507,24580.693,29685.789,1173.262,19868.154,730.561,233287.46
2011-09-01,Monthly,Skim Perbankan Islam (SPI) / Islamic Banking Scheme (IBS),50.0,0.0,4015.016,0.0,396.105,370.759,58.479,0.0,102.693,0.0,0.0,421.894,0.0,5414.946
2011-09-01,Monthly,Jumlah/ Total,23103.375,172.734,77627.751,77.767,37611.862,843.709,22682.655,19.507,24683.386,29685.789,1173.262,20290.048,730.561,238702.406
2011-10-01,Monthly,Bank-bank Islam / Islamic Banks,24136.036,152.536,73941.631,28.903,39440.707,438.045,22398.819,17.786,24089.299,30408.449,1185.209,18011.061,710.481,234958.962
2011-10-01,Monthly,Skim Perbankan Islam (SPI) / Islamic Banking Scheme (IBS),50.0,0.0,4213.164,0.0,419.059,141.137,58.43,0.0,120.976,0.0,0.0,442.192,0.0,5444.958
2011-10-01,Monthly,Jumlah/ Total,24186.036,152.536,78154.795,28.903,39859.766,579.182,22457.249,17.786,24210.275,30408.449,1185.209,18453.253,710.481,240403.92
2011-11-01,Monthly,Bank-bank Islam / Islamic Banks,33742.595,119.483,70058.916,29.519,39729.292,474.297,22668.126,19.645,24715.362,31696.609,1127.116,24471.3,732.434,249584.694
2011-11-01,Monthly,Skim Perbankan Islam (SPI) / Islamic Banking Scheme (IBS),50.0,0.0,3672.46,0.0,409.744,43.888,55.483,0.0,100.709,0.0,0.0,443.653,0.0,4775.937
2011-11-01,Monthly,Jumlah/ Total,33792.595,119.483,73731.376,29.519,40139.036,518.185,22723.609,19.645,24816.071,31696.609,1127.116,24914.953,732.434,254360.631
2011-12-01,Monthly,Bank-bank Islam / Islamic Banks,24081.178,222.157,82499.731,28.683,42215.005,516.038,23410.894,21.616,24173.637,34356.188,1391.695,27484.251,1141.171,261542.244
2011-12-01,Monthly,Skim Perbankan Islam (SPI) / Islamic Banking Scheme (IBS),50.0,0.0,3716.625,0.0,417.203,57.892,69.911,0.0,100.887,0.0,0.0,432.315,0.0,4844.833
2011-12-01,Monthly,Jumlah/ Total,24131.178,222.157,86216.356,28.683,42632.208,573.93,23480.805,21.616,24274.524,34356.188,1391.695,27916.566,1141.171,266387.077
2012-01-01,Monthly,Bank-bank Islam / Islamic Banks,20874.673,1550.825,82490.112,304.802,42968.899,531.382,23453.319,23.12,24678.111,34715.98,1110.22,29621.021,628.905,262951.369
2012-01-01,Monthly,Skim Perbankan Islam (SPI) / Islamic Banking Scheme (IBS),50.0,0.0,3388.14,0.0,371.889,118.819,60.424,0.0,152.94,0.0,0.0,428.942,0.0,4571.154
2012-01-01,Monthly,Jumlah/ Total,20924.673,1550.825,85878.252,304.802,43340.788,650.201,23513.743,23.12,24831.051,34715.98,1110.22,30049.963,628.905,267522.523
2012-02-01,Monthly,Bank-bank Islam / Islamic Banks,21805.16,1535.47,81880.393,273.062,45641.032,547.714,23812.764,27.793,25553.257,35205.511,1249.941,31974.407,1045.711,270552.215
2012-02-01,Monthly,Skim Perbankan Islam (SPI) / Islamic Banking Scheme (IBS),50.0,0.0,3309.614,0.0,446.826,211.098,63.636,0.0,152.611,0.0,0.0,475.865,0.0,4709.65
2012-02-01,Monthly,Jumlah/ Total,21855.16,1535.47,85190.007,273.062,46087.858,758.812,23876.4,27.793,25705.868,35205.511,1249.941,32450.272,1045.711,275261.865
2012-03-01,Monthly,Bank-bank Islam / Islamic Banks,19010.952,2141.519,83431.35,366.615,44284.032,717.293,24197.405,27.009,25673.194,33835.07,1183.549,33997.307,1262.496,270127.791
2012-03-01,Monthly,Skim Perbankan Islam (SPI) / Islamic Banking Scheme (IBS),50.0,0.0,3386.012,0.0,355.84,166.154,58.18,0.0,152.742,0.0,0.0,421.449,0.0,4590.377
2012-03-01,Monthly,Jumlah/ Total,19060.952,2141.519,86817.362,366.615,44639.872,883.447,24255.585,27.009,25825.936,33835.07,1183.549,34418.756,1262.496,274718.168
2012-04-01,Monthly,Bank-bank Islam / Islamic Banks,19715.492,1798.826,83401.792,447.546,45384.813,735.993,24736.818,26.129,21358.987,40218.893,1180.0,33338.753,1167.031,273511.073
2012-04-01,Monthly,Skim Perbankan Islam (SPI) / Islamic Banking Scheme (IBS),50.0,0.0,3564.578,0.0,356.495,197.007,55.4,0.0,152.921,0.0,0.0,451.828,0.0,4828.229
2012-04-01,Monthly,Jumlah/ Total,19765.492,1798.826,86966.37,447.546,45741.308,933.0,24792.218,26.129,21511.908,40218.893,1180.0,33790.581,1167.031,278339.302
2012-05-01,Monthly,Bank-bank Islam / Islamic Banks,19824.692,1804.176,81726.321,559.586,44724.57,731.238,25412.176,30.505,22778.344,37850.578,1149.395,31792.929,920.633,269305.143
2012-05-01,Monthly,Skim Perbankan Islam (SPI) / Islamic Banking Scheme (IBS),50.0,0.0,3271.191,7.955,388.358,65.628,55.848,0.0,102.155,0.0,0.0,455.652,0.0,4396.787
2012-05-01,Monthly,Jumlah/ Total,19874.692,1804.176,84997.512,567.541,45112.928,796.866,25468.024,30.505,22880.499,37850.578,1149.395,32248.581,920.633,273701.93
2012-06-01,Monthly,Bank-bank Islam / Islamic Banks,19801.732,1802.007,84369.853,60.266,45791.458,711.504,25635.519,33.093,23035.586,36702.651,1164.105,33790.027,1293.501,274191.302
2012-06-01,Monthly,Skim Perbankan Islam (SPI) / Islamic Banking Scheme (IBS),50.0,0.0,3214.076,0.0,435.203,254.78,55.099,0.0,95.579,0.0,0.0,430.707,0.0,4535.444
2012-06-01,Monthly,Jumlah/ Total,19851.732,1802.007,87583.929,60.266,46226.661,966.284,25690.618,33.093,23131.165,36702.651,1164.105,34220.734,1293.501,278726.746
2012-07-01,Monthly,Bank-bank Islam / Islamic Banks,20906.108,1741.058,81869.333,533.874,49116.98997,789.042,25931.25898,33.601,22809.911,35953.073,1144.242,33499.124,1350.559,275678.17395
2012-07-01,Monthly,Skim Perbankan Islam (SPI) / Islamic Banking Scheme (IBS),50.0,0.0,3798.921,0.0,372.218,199.194,57.053,0.0,96.549,0.0,0.0,480.98,0.0,5054.915
2012-07-01,Monthly,Jumlah/ Total,20956.108,1741.058,85668.254,533.874,49489.20797,988.236,25988.31198,33.601,22906.46,35953.073,1144.242,33980.104,1350.559,280733.08895
2012-08-01,Monthly,Bank-bank Islam / Islamic Banks,22295.305,440.669,81969.632,718.229,50991.901,569.539,26059.383,37.83,22011.639,38876.847,1419.331,36253.348,1174.323,282817.976
2012-08-01,Monthly,Skim Perbankan Islam (SPI) / Islamic Banking Scheme (IBS),50.0,0.0,3051.804,46.861,405.196,130.413,58.498,0.0,10.998,0.0,0.0,563.859,0.0,4317.629
2012-08-01,Monthly,Jumlah/ Total,22345.305,440.669,85021.436,765.09,51397.097,699.952,26117.881,37.83,22022.637,38876.847,1419.331,36817.207,1174.323,287135.605
2012-09-01,Monthly,Bank-bank Islam / Islamic Banks,18831.614,351.307,77818.573,551.345,49886.516,690.277,25949.503,43.129,22611.7,39557.262,1457.421,42756.623,995.502,281500.772
2012-09-01,Monthly,Skim Perbankan Islam (SPI) / Islamic Banking Scheme (IBS),50.0,0.0,3495.906,76.65,367.401,51.591,57.052,0.0,85.58,0.0,0.0,456.077,0.0,4640.257
2012-09-01,Monthly,Jumlah/ Total,18881.614,351.307,81314.479,627.995,50253.917,741.868,26006.555,43.129,22697.28,39557.262,1457.421,43212.7,995.502,286141.029
2012-10-01,Monthly,Bank-bank Islam / Islamic Banks,23718.368,347.626,77862.692,874.004,52175.23,617.597,26191.796,51.17,22425.91,43564.84,1975.69,39443.33,699.497,289947.75
2012-10-01,Monthly,Skim Perbankan Islam (SPI) / Islamic Banking Scheme (IBS),50.0,0.0,3626.073,76.413,430.763,198.865,56.562,0.0,85.58,4.5,0.0,441.914,0.0,4970.67
2012-10-01,Monthly,Jumlah/ Total,23768.368,347.626,81488.765,950.417,52605.993,816.462,26248.358,51.17,22511.49,43569.34,1975.69,39885.244,699.497,294918.42
2012-11-01,Monthly,Bank-bank Islam / Islamic Banks,24237.629,346.173,81507.346,615.972,50496.373,617.683,26389.834,57.811,20737.379,49476.216,1846.357,41398.224,700.094,298427.091
2012-11-01,Monthly,Skim Perbankan Islam (SPI) / Islamic Banking Scheme (IBS),50.0,0.0,3799.26,0.585,467.896,168.542,55.783,0.0,85.58,4.5,0.0,471.238,0.0,5103.384
2012-11-01,Monthly,Jumlah/ Total,24287.629,346.173,85306.606,616.557,50964.269,786.225,26445.617,57.811,20822.959,49480.716,1846.357,41869.462,700.094,303530.475
2012-12-01,Monthly,Bank-bank Islam / Islamic Banks,23738.148,347.319,79365.463,1081.659,54241.093,690.649,26934.285,55.848,22439.261,50482.48,2190.224,38730.581,1016.832,301313.842
2012-12-01,Monthly,Skim Perbankan Islam (SPI) / Islamic Banking Scheme (IBS),50.0,0.0,3739.04,0.0,419.29,102.767,53.787,0.0,85.58,4.0,0.0,464.688,0.0,4919.152
2012-12-01,Monthly,Jumlah/ Total,23788.148,347.319,83104.503,1081.659,54660.383,793.416,26988.072,55.848,22524.841,50486.48,2190.224,39195.269,1016.832,306232.994
2013-01-01,Monthly,Bank-bank Islam / Islamic Banks,28431.730947,347.537234,93612.57529,499.466166,53677.117077,698.601612,27619.323316,58.443709,19823.897904,47880.920408,2227.377981,30436.814243,1271.582348,306585.388235
2013-01-01,Monthly,Skim Perbankan Islam (SPI) / Islamic Banking Scheme (IBS),50.0,0.0,3482.012421,0.0,439.061211,52.931339,54.562693,0.0,85.58,4.0,0.0,427.487466,0.0,4595.63513
2013-01-01,Monthly,Jumlah/ Total,28481.730947,347.537234,97094.587711,499.466166,54116.178288,751.532951,27673.886009,58.443709,19909.477904,47884.920408,2227.377981,30864.301709,1271.582348,311181.023365
2013-02-01,Monthly,Bank-bank Islam / Islamic Banks,27560.474609,318.419134,92178.806229,420.178826,54134.995675,1327.739491,28356.059407,61.166971,19841.924227,46622.767583,2162.383131,31942.887376,1228.174301,306155.97696
2013-02-01,Monthly,Skim Perbankan Islam (SPI) / Islamic Banking Scheme (IBS),50.0,0.0,2709.698453,0.0,412.618434,14.321145,57.078186,0.0,85.58,4.873,0.0,386.618062,0.0,3720.78728
2013-02-01,Monthly,Jumlah/ Total,27610.474609,318.419134,94888.504682,420.178826,54547.614109,1342.060636,28413.137593,61.166971,19927.504227,46627.640583,2162.383131,32329.505438,1228.174301,309876.76424
2013-03-01,Monthly,Bank-bank Islam / Islamic Banks,27904.612069,286.695383,97952.988259,155.086448,52463.574758,898.245893,28200.914657,70.27483,22483.702546,48640.250628,1810.615708,31404.054426,1415.139155,313686.15476
2013-03-01,Monthly,Skim Perbankan Islam (SPI) / Islamic Banking Scheme (IBS),50.0,0.0,2255.83316,0.0,340.201615,59.663921,55.792643,0.0,85.58,1.2519,0.0,426.042872,0.0,3274.366111
2013-03-01,Monthly,Jumlah/ Total,27954.612069,286.695383,100208.821419,155.086448,52803.776373,957.909814,28256.7073,70.27483,22569.282546,48641.502528,1810.615708,31830.097298,1415.139155,316960.520871
2013-04-01,Monthly,Bank-bank Islam / Islamic Banks,28919.162851,291.011245,95486.031505,174.197546,52422.055466,1063.791173,28617.196486,89.841531,19890.364105,48800.945389,1770.530607,31333.538219,1441.00227,310299.668393
2013-04-01,Monthly,Skim Perbankan Islam (SPI) / Islamic Banking Scheme (IBS),50.0,0.0,2396.397734,0.0,328.596694,18.462316,53.181398,0.0,85.58,7.072027,0.0,380.200009,0.0,3319.490178
2013-04-01,Monthly,Jumlah/ Total,28969.162851,291.011245,97882.429239,174.197546,52750.65216,1082.253489,28670.377884,89.841531,19975.944105,48808.017416,1770.530607,31713.738228,1441.00227,313619.158571
2013-05-01,Monthly,Bank-bank Islam / Islamic Banks,30478.083692,305.649577,94647.723802,403.4789,55441.966982,830.321652,28278.471096,116.308608,22579.724536,47716.564091,1791.998465,32234.792628,1314.691559,316139.775588
2013-05-01,Monthly,Skim Perbankan Islam (SPI) / Islamic Banking Scheme (IBS),50.0,0.0,2883.015648,0.0,291.07663,26.116008,53.239504,0.0,185.698521,6.336817,0.0,430.805779,0.0,3926.288907
2013-05-01,Monthly,Jumlah/ Total,30528.083692,305.649577,97530.73945,403.4789,55733.043612,856.43766,28331.7106,116.308608,22765.423057,47722.900908,1791.998465,32665.598407,1314.691559,320066.064495
2013-06-01,Monthly,Bank-bank Islam / Islamic Banks,28426.769565,506.788004,90021.911895,219.55494,52775.355732,731.858788,28395.630134,105.291406,24622.53141,52217.698938,1835.107957,29808.788572,1329.494556,310996.781897
2013-06-01,Monthly,Skim Perbankan Islam (SPI) / Islamic Banking Scheme (IBS),50.0,0.0,2659.323957,0.0,410.054669,31.499719,58.929939,0.0,85.58,5.84089,0.0,201.717855,0.0,3502.947029
2013-06-01,Monthly,Jumlah/ Total,28476.769565,506.788004,92681.235852,219.55494,53185.410401,763.358507,28454.560073,105.291406,24708.11141,52223.539828,1835.107957,30010.506427,1329.494556,314499.728926
2013-07-01,Monthly,Bank-bank Islam / Islamic Banks,27872.342093,519.386509,88732.869933,200.054144,52595.419046,717.044333,29124.001831,111.411484,24766.442231,55291.492674,2053.248015,33506.868092,1274.663907,316765.244292
2013-07-01,Monthly,Skim Perbankan Islam (SPI) / Islamic Banking Scheme (IBS),50.0,0.0,2814.164283,0.0,401.459929,39.891937,58.47195,0.0,85.58,5.843932,0.0,197.248461,0.0,3652.660492
2013-07-01,Monthly,Jumlah/ Total,27922.342093,519.386509,91547.034216,200.054144,52996.878975,756.93627,29182.473781,111.411484,24852.022231,55297.336606,2053.248015,33704.116553,1274.663907,320417.904784
2013-08-01,Monthly,Bank-bank Islam / Islamic Banks,31393.364365,645.567861,88713.376633,191.208902,54489.152881,829.909636,28893.910975,115.105909,25509.390964,56784.821947,1989.728888,33919.988994,1291.727903,324767.255858
2013-08-01,Monthly,Skim Perbankan Islam (SPI) / Islamic Banking Scheme (IBS),50.0,0.0,2613.11008,0.0,442.542799,41.228189,62.215128,0.0,85.58,5.846653,0.0,250.020255,0.0,3550.543104
2013-08-01,Monthly,Jumlah/ Total,31443.364365,645.567861,91326.486713,191.208902,54931.69568,871.137825,28956.126103,115.105909,25594.970964,56790.6686,1989.728888,34170.009249,1291.727903,328317.798962
2013-09-01,Monthly,Bank-bank Islam / Islamic Banks,30038.148688,650.410724,89215.674656,356.954136,53717.309103,707.479459,28900.941087,129.770817,26035.686783,61813.776831,1964.628139,34498.467044,1080.314942,329109.562409
2013-09-01,Monthly,Skim Perbankan Islam (SPI) / Islamic Banking Scheme (IBS),50.0,0.0,1994.257424,0.0,403.255776,38.732391,58.222852,0.0,85.58,9.392313,0.0,199.86963,0.0,2839.310386
2013-09-01,Monthly,Jumlah/ Total,30088.148688,650.410724,91209.93208,356.954136,54120.564879,746.21185,28959.163939,129.770817,26121.266783,61823.169144,1964.628139,34698.336674,1080.314942,331948.872795
2013-10-01,Monthly,Bank-bank Islam / Islamic Banks,35763.7062,812.526091,87838.637999,251.367535,52908.29827,707.169019,28917.476226,145.613662,25135.579884,65551.252162,1523.342565,31151.195282,1010.005868,331716.170763
2013-10-01,Monthly,Skim Perbankan Islam (SPI) / Islamic Banking Scheme (IBS),50.0,0.0,2209.077194,0.0,511.456472,17.763983,57.407282,0.0,85.58,9.424277,25.490363,202.345299,0.0,3168.54487
2013-10-01,Monthly,Jumlah/ Total,35813.7062,812.526091,90047.715193,251.367535,53419.754742,724.933002,28974.883508,145.613662,25221.159884,65560.676439,1548.832928,31353.540581,1010.005868,334884.715633
2013-11-01,Monthly,Bank-bank Islam / Islamic Banks,37397.528432,824.952329,86203.972515,428.465532,54951.947397,969.509205,29090.530074,150.431334,24911.952669,68972.129191,1405.358514,31587.924063,1061.885289,337956.586544
2013-11-01,Monthly,Skim Perbankan Islam (SPI) / Islamic Banking Scheme (IBS),50.0,0.0,2015.23925,0.0,415.257855,19.756014,57.683753,0.0,85.58,9.417461,0.0,205.445299,0.0,2858.379632
2013-11-01,Monthly,Jumlah/ Total,37447.528432,824.952329,88219.211765,428.465532,55367.205252,989.265219,29148.213827,150.431334,24997.532669,68981.546652,1405.358514,31793.369362,1061.885289,340814.966176
2013-12-01,Monthly,Bank-bank Islam / Islamic Banks,36608.038116,1776.834622,91079.547231,157.996673,59551.901678,782.978423,29407.309893,146.662158,23130.146675,70829.109772,1119.752672,30459.702338,838.610789,345888.59104
2013-12-01,Monthly,Skim Perbankan Islam (SPI) / Islamic Banking Scheme (IBS),50.0,0.0,2143.643208,0.0,395.811463,21.591147,63.511065,0.0,85.58,10.199165,65.65,221.877988,0.0,3057.864036
2013-12-01,Monthly,Jumlah/ Total,36658.038116,1776.834622,93223.190439,157.996673,59947.713141,804.56957,29470.820958,146.662158,23215.726675,70839.308937,1185.402672,30681.580326,838.610789,348946.455076
2014-01-01,Monthly,Bank-bank Islam / Islamic Banks,37382.261017,1845.32615,84351.463355,614.810265,58787.01388,610.265314,30668.860773,147.386779,22682.173595,70836.064505,1127.818344,33094.043901,1276.183704,343423.671582
2014-01-01,Monthly,Skim Perbankan Islam (SPI) / Islamic Banking Scheme (IBS),50.0,0.0,2968.686031,0.0,379.274229,17.995744,61.942926,0.0,85.58,10.211046,0.0,262.027988,0.0,3835.717964
2014-01-01,Monthly,Jumlah/ Total,37432.261017,1845.32615,87320.149386,614.810265,59166.288109,628.261058,30730.803699,147.386779,22767.753595,70846.275551,1127.818344,33356.071889,1276.183704,347259.389546
2014-02-01,Monthly,Bank-bank Islam / Islamic Banks,35553.86373,1846.878806,83955.029792,823.334225,61712.757421,585.884089,31736.265049,161.582499,23572.38408,71629.049601,1082.557922,29548.767062,1721.672701,343930.026977
2014-02-01,Monthly,Skim Perbankan Islam (SPI) / Islamic Banking Scheme (IBS),50.0,0.0,2813.269537,0.0,413.378187,132.74831,63.670302,0.0,85.58,10.219971,0.0,205.292397,0.0,3774.158704
2014-02-01,Monthly,Jumlah/ Total,35603.86373,1846.878806,86768.299329,823.334225,62126.135608,718.632399,31799.935351,161.582499,23657.96408,71639.269572,1082.557922,29754.059459,1721.672701,347704.185681
2014-03-01,Monthly,Bank-bank Islam / Islamic Banks,35534.718463,1837.230798,91578.761092,610.677589,59631.538881,765.599426,31526.701816,164.794616,21678.195836,71888.685957,1040.771148,30072.741814,1514.279586,347844.697022
2014-03-01,Monthly,Skim Perbankan Islam (SPI) / Islamic Banking Scheme (IBS),50.0,0.0,3211.664671,0.0,379.857544,79.532946,65.731212,0.0,85.58,10.127018,0.0,230.642397,0.0,4113.135788
2014-03-01,Monthly,Jumlah/ Total,35584.718463,1837.230798,94790.425763,610.677589,60011.396425,845.132372,31592.433028,164.794616,21763.775836,71898.812975,1040.771148,30303.384211,1514.279586,351957.83281
2014-04-01,Monthly,Bank-bank Islam / Islamic Banks,37963.425556,1841.804923,86079.980782,1256.797258,60068.16198,828.901407,31602.345888,170.074659,19469.776853,77190.496064,1066.895394,32675.802146,1466.115631,351680.578541
2014-04-01,Monthly,Skim Perbankan Islam (SPI) / Islamic Banking Scheme (IBS),50.0,0.0,3414.190197,0.0,439.943663,68.742155,64.223336,0.0,85.58,10.13581,0.0,228.742397,0.0,4361.557558
2014-04-01,Monthly,Jumlah/ Total,38013.425556,1841.804923,89494.170979,1256.797258,60508.105643,897.643562,31666.569224,170.074659,19555.356853,77200.631874,1066.895394,32904.544543,1466.115631,356042.136099
2014-05-01,Monthly,Bank-bank Islam / Islamic Banks,38436.774958,1810.465962,84544.560695,1251.105858,57695.952746,1043.912861,31011.889681,196.731781,22181.703876,81084.387615,1194.867948,30121.682216,1707.321753,352281.35795
2014-05-01,Monthly,Skim Perbankan Islam (SPI) / Islamic Banking Scheme (IBS),50.0,0.0,3932.196288,0.0,398.91969,247.64148,57.465449,0.0,85.58,9.255189,0.0,227.292397,0.0,5008.350493
2014-05-01,Monthly,Jumlah/ Total,38486.774958,1810.465962,88476.756983,1251.105858,58094.872436,1291.554341,31069.35513,196.731781,22267.283876,81093.642804,1194.867948,30348.974613,1707.321753,357289.708443
2014-06-01,Monthly,Bank-bank Islam / Islamic Banks,38666.031818,2171.567368,81341.523719,1232.444518,61226.259008,1101.500587,31247.337782,194.880462,23010.484763,82906.916583,1066.212863,38348.588202,1164.528962,363678.276635
2014-06-01,Monthly,Skim Perbankan Islam (SPI) / Islamic Banking Scheme (IBS),50.0,0.0,3119.1937,0.0,422.858999,159.887946,57.257931,0.0,85.58,6.098477,0.0,171.042397,0.0,4071.91945
2014-06-01,Monthly,Jumlah/ Total,38716.031818,2171.567368,84460.717419,1232.444518,61649.118007,1261.388533,31304.595713,194.880462,23096.064763,82913.01506,1066.212863,38519.630599,1164.528962,367750.196085
2014-07-01,Monthly,Bank-bank Islam / Islamic Banks,36415.703491,2270.176893,77138.737054,1310.645822,61076.219831,1178.846378,31628.393188,212.975214,23553.143247,88578.884775,987.000601,37997.886711,1623.337866,363971.951071
2014-07-01,Monthly,Skim Perbankan Islam (SPI) / Islamic Banking Scheme (IBS),50.0,0.0,3238.272057,0.0,506.592624,42.484746,55.636626,0.0,85.58,6.204273,0.0,170.811627,0.0,4155.581953
2014-07-01,Monthly,Jumlah/ Total,36465.703491,2270.176893,80377.009111,1310.645822,61582.812455,1221.331124,31684.029814,212.975214,23638.723247,88585.089048,987.000601,38168.698338,1623.337866,368127.533024
2014-08-01,Monthly,Bank-bank Islam / Islamic Banks,37273.9433,2224.839323,75375.142683,611.007804,60959.295407,1006.718183,31029.798471,213.909191,26378.784682,93791.059621,984.318974,38858.673966,2221.345874,370928.837479
2014-08-01,Monthly,Skim Perbankan Islam (SPI) / Islamic Banking Scheme (IBS),50.0,0.0,3584.056948,0.0,388.378217,31.05354,52.961141,0.0,85.58,6.382013,0.0,170.261627,0.0,4368.673486
2014-08-01,Monthly,Jumlah/ Total,37323.9433,2224.839323,78959.199631,611.007804,61347.673624,1037.771723,31082.759612,213.909191,26464.364682,93797.441634,984.318974,39028.935593,2221.345874,375297.510965
2014-09-01,Monthly,Bank-bank Islam / Islamic Banks,31997.53975,2391.404998,71210.12115,969.917385,61207.99415,1151.007698,31257.456093,214.391416,30598.674202,101887.546714,991.355208,40735.445364,2175.948659,376788.802787
2014-09-01,Monthly,Skim Perbankan Islam (SPI) / Islamic Banking Scheme (IBS),50.0,0.0,2415.086403,0.0,368.053392,44.774053,63.118198,0.0,85.58,131.469992,0.0,167.711627,0.0,3325.793665
2014-09-01,Monthly,Jumlah/ Total,32047.53975,2391.404998,73625.207553,969.917385,61576.047542,1195.781751,31320.574291,214.391416,30684.254202,102019.016706,991.355208,40903.156991,2175.948659,380114.596452
2014-10-01,Monthly,Bank-bank Islam / Islamic Banks,30099.247779,1531.926608,67957.978663,891.310205,60713.217076,1133.735854,30882.579578,201.398411,32268.965896,110094.954374,1000.472952,45179.033924,2372.937657,384327.758977
2014-10-01,Monthly,Skim Perbankan Islam (SPI) / Islamic Banking Scheme (IBS),50.0,0.0,2513.191648,0.0,389.517659,50.296246,57.307565,0.0,85.58,501.180174,0.0,440.098592,0.0,4087.171884
2014-10-01,Monthly,Jumlah/ Total,30149.247779,1531.926608,70471.170311,891.310205,61102.734735,1184.0321,30939.887143,201.398411,32354.545896,110596.134548,1000.472952,45619.132516,2372.937657,388414.930861
2014-11-01,Monthly,Bank-bank Islam / Islamic Banks,24392.513359,1551.741196,59817.834978,983.305574,61630.760793,1140.01636,30876.219607,210.483152,31989.249915,131750.709913,1006.910386,44693.279185,1798.212399,391841.236817
2014-11-01,Monthly,Skim Perbankan Islam (SPI) / Islamic Banking Scheme (IBS),50.0,0.0,2076.990082,0.0,408.907931,64.234875,55.235148,0.0,85.58,375.9602,0.0,1195.396341,0.0,4312.304577
2014-11-01,Monthly,Jumlah/ Total,24442.513359,1551.741196,61894.82506,983.305574,62039.668724,1204.251235,30931.454755,210.483152,32074.829915,132126.670113,1006.910386,45888.675526,1798.212399,396153.541394
2014-12-01,Monthly,Bank-bank Islam / Islamic Banks,25453.293966,3526.546789,48841.088482,157.234779,65443.568401,1250.232162,32022.739136,212.341557,31651.972154,141239.943063,1203.536243,45450.970229,1587.931777,398041.398738
2014-12-01,Monthly,Skim Perbankan Islam (SPI) / Islamic Banking Scheme (IBS),50.0,0.0,620.404686,0.0,434.050814,67.448996,53.994029,0.0,85.58,438.155466,0.0,2616.053363,0.0,4365.687354
2014-12-01,Monthly,Jumlah/ Total,25503.293966,3526.546789,49461.493168,157.234779,65877.619215,1317.681158,32076.733165,212.341557,31737.552154,141678.098529,1203.536243,48067.023592,1587.931777,402407.086092
2015-01-01,Monthly,Bank-bank Islam / Islamic Banks,27582.240137,4599.355268,45108.681151,990.57734,65149.509482,1356.015055,32787.022837,241.699895,30300.643505,148722.456799,1081.869724,44232.720371,1496.277875,403649.069439
2015-01-01,Monthly,Skim Perbankan Islam (SPI) / Islamic Banking Scheme (IBS),50.0,0.0,61.099172,0.0,455.833401,48.871248,59.302867,0.0,85.58,674.140627,0.0,3041.767257,0.0,4476.594572
2015-01-01,Monthly,Jumlah/ Total,27632.240137,4599.355268,45169.780323,990.57734,65605.342883,1404.886303,32846.325704,241.699895,30386.223505,149396.597426,1081.869724,47274.487628,1496.277875,408125.664011
2015-02-01,Monthly,Bank-bank Islam / Islamic Banks,27490.020191,5403.495136,42673.992048,2080.257317,67180.224215,1210.285527,33475.264455,248.241001,30977.509325,154852.75547,1078.983609,43231.061588,1668.963932,411571.053814
2015-02-01,Monthly,Skim Perbankan Islam (SPI) / Islamic Banking Scheme (IBS),50.0,0.0,511.566867,0.0,482.527034,47.771413,55.345692,0.0,85.58,621.625789,0.0,2761.190848,0.0,4615.607643
2015-02-01,Monthly,Jumlah/ Total,27540.020191,5403.495136,43185.558915,2080.257317,67662.751249,1258.05694,33530.610147,248.241001,31063.089325,155474.381259,1078.983609,45992.252436,1668.963932,416186.661457
2015-03-01,Monthly,Bank-bank Islam / Islamic Banks,28247.285785,4652.582392,33872.14964,1372.805313,68885.547176,1538.728808,33400.151788,262.147387,32290.393709,173905.743231,1536.915883,44211.254743,1341.5968,425517.302655
2015-03-01,Monthly,Skim Perbankan Islam (SPI) / Islamic Banking Scheme (IBS),50.0,0.0,149.165223,0.0,434.96865,25.562033,58.830384,0.0,85.58,1023.395671,0.0,2135.528266,0.0,3963.030227
2015-03-01,Monthly,Jumlah/ Total,28297.285785,4652.582392,34021.314863,1372.805313,69320.515826,1564.290841,33458.982172,262.147387,32375.973709,174929.138902,1536.915883,46346.783009,1341.5968,429480.332882
2015-04-01,Monthly,Bank-bank Islam / Islamic Banks,27187.72359,4544.187156,31776.837273,43.81259,66112.550124,1538.048081,33791.111757,280.940777,31029.875582,182146.165028,3372.86557,42426.948281,2213.824229,426464.890038
2015-04-01,Monthly,Skim Perbankan Islam (SPI) / Islamic Banking Scheme (IBS),50.0,0.0,104.738608,0.0,422.852983,63.371957,54.906649,0.0,85.58,982.383783,0.0,3033.547749,0.0,4797.381729
2015-04-01,Monthly,Jumlah/ Total,27237.72359,4544.187156,31881.575881,43.81259,66535.403107,1601.420038,33846.018406,280.940777,31115.455582,183128.548811,3372.86557,45460.49603,2213.824229,431262.271767
2015-05-01,Monthly,Bank-bank Islam / Islamic Banks,26475.057923,4652.506232,31172.926753,31.515683,67473.989169,1670.823782,33422.279978,281.724717,29665.847847,187513.775239,4244.090253,39858.567338,2053.511913,428516.616827
2015-05-01,Monthly,Skim Perbankan Islam (SPI) / Islamic Banking Scheme (IBS),50.0,0.0,104.765086,0.0,587.496797,54.972333,60.634251,0.0,85.58,1211.134213,0.0,2991.480615,0.0,5146.063295
2015-05-01,Monthly,Jumlah/ Total,26525.057923,4652.506232,31277.691839,31.515683,68061.485966,1725.796115,33482.914229,281.724717,29751.427847,188724.909452,4244.090253,42850.047953,2053.511913,433662.680122
2015-06-01,Monthly,Bank-bank Islam / Islamic Banks,23182.734987,3678.288769,15570.795909,0.0,68916.599232,1735.174138,34512.821113,278.674664,28869.234789,206337.166186,2098.132032,40040.09069,1115.135044,426334.847553
2015-06-01,Monthly,Skim Perbankan Islam (SPI) / Islamic Banking Scheme (IBS),50.0,0.0,50.163605,0.0,612.315367,684.546195,58.432602,0.0,85.58,1192.259293,0.0,2288.763653,0.0,5022.060715
2015-06-01,Monthly,Jumlah/ Total,23232.734987,3678.288769,15620.959514,0.0,69528.914599,2419.720333,34571.253715,278.674664,28954.814789,207529.425479,2098.132032,42328.854343,1115.135044,431356.908268
2015-07-01,Monthly,Bank-bank Islam / Islamic Banks,149.713944,0.0,3079.633946,0.0,65034.391363,1683.904169,33652.273251,284.679747,27205.640364,218082.679977,2642.949767,41426.384765,1072.973679,394315.224972
2015-07-01,Monthly,Skim Perbankan Islam (SPI) / Islamic Banking Scheme (IBS),50.0,0.0,0.159194,0.0,443.498553,372.401162,57.290782,0.0,85.58,1346.580934,0.0,2530.543155,0.0,4886.05378
2015-07-01,Monthly,Jumlah/ Total,199.713944,0.0,3079.79314,0.0,65477.889916,2056.305331,33709.564033,284.679747,27291.220364,219429.260911,2642.949767,43956.92792,1072.973679,399201.278752
2015-08-01,Monthly,Bank-bank Islam / Islamic Banks,149.290145,0.0,2734.136688,0.0,65684.517879,1624.566622,33125.926317,328.39355,23972.401961,223374.030901,2344.556393,36984.727151,901.216172,391223.763779
2015-08-01,Monthly,Skim Perbankan Islam (SPI) / Islamic Banking Scheme (IBS),50.0,0.0,0.0,0.0,394.248144,478.551893,63.99444,0.0,85.58,1139.012691,0.0,2073.061333,0.0,4284.448501
2015-08-01,Monthly,Jumlah/ Total,199.290145,0.0,2734.136688,0.0,66078.766023,2103.118515,33189.920757,328.39355,24057.981961,224513.043592,2344.556393,39057.788484,901.216172,395508.21228
2015-09-01,Monthly,Bank-bank Islam / Islamic Banks,147.258566,0.0,2616.924421,0.0,66088.151197,2071.246995,33909.368223,341.40506,22230.910894,227708.871856,1399.90968,37428.911422,882.502538,394825.460852
2015-09-01,Monthly,Skim Perbankan Islam (SPI) / Islamic Banking Scheme (IBS),50.0,0.0,0.0,0.0,428.245225,475.214765,62.920277,0.0,85.58,1272.995037,0.0,2666.802355,0.0,5041.757659
2015-09-01,Monthly,Jumlah/ Total,197.258566,0.0,2616.924421,0.0,66516.396422,2546.46176,33972.2885,341.40506,22316.490894,228981.866893,1399.90968,40095.713777,882.502538,399867.218511
2015-10-01,Monthly,Bank-bank Islam / Islamic Banks,144.815192,0.0,2041.198923,0.0,63642.499259,1840.773682,33692.349368,363.738446,20150.14642,229591.399209,2674.255861,36837.569339,799.56502,391778.310719
2015-10-01,Monthly,Skim Perbankan Islam (SPI) / Islamic Banking Scheme (IBS),50.0,0.0,0.0,0.0,409.936271,266.508363,59.824091,0.0,85.58,1123.206056,0.0,2381.557313,0.0,4376.612094
2015-10-01,Monthly,Jumlah/ Total,194.815192,0.0,2041.198923,0.0,64052.43553,2107.282045,33752.173459,363.738446,20235.72642,230714.605265,2674.255861,39219.126652,799.56502,396154.922813
2015-11-01,Monthly,Bank-bank Islam / Islamic Banks,144.529959,0.0,1801.297785,0.0,61484.756014,2674.978821,33665.965105,389.613512,18853.508145,231245.130043,2307.30195,36719.33629,925.06016,390211.477784
2015-11-01,Monthly,Skim Perbankan Islam (SPI) / Islamic Banking Scheme (IBS),50.0,0.0,0.0,0.0,476.16049,237.825229,58.920482,0.0,85.58,1171.917627,0.0,2365.470701,0.0,4445.874529
2015-11-01,Monthly,Jumlah/ Total,194.529959,0.0,1801.297785,0.0,61960.916504,2912.80405,33724.885587,389.613512,18939.088145,232417.04767,2307.30195,39084.806991,925.06016,394657.352313
2015-12-01,Monthly,Bank-bank Islam / Islamic Banks,142.206052,0.0,1746.176887,0.0,63753.070321,2251.466098,33989.321208,395.37211,23330.547378,236045.409187,2129.928055,34093.527417,1443.718787,399320.7435
2015-12-01,Monthly,Skim Perbankan Islam (SPI) / Islamic Banking Scheme (IBS),50.0,0.0,0.0,0.0,689.33268,327.393079,60.317608,0.0,85.58,1088.963225,0.0,2108.097666,0.0,4409.684258
2015-12-01,Monthly,Jumlah/ Total,192.206052,0.0,1746.176887,0.0,64442.403001,2578.859177,34049.638816,395.37211,23416.127378,237134.372412,2129.928055,36201.625083,1443.718787,403730.427758
2016-01-01,Monthly,Bank-bank Islam / Islamic Banks,144.250973,0.0,1680.561387,0.0,66397.780936,1943.483009,34549.753401,395.590419,22576.495901,225158.505052,2545.499667,35808.363015,987.026754,392187.310514
2016-01-01,Monthly,Skim Perbankan Islam (SPI) / Islamic Banking Scheme (IBS),50.0,0.0,0.0,0.0,563.826859,417.709952,62.334723,0.0,85.58,1333.750886,0.0,2028.066543,0.0,4541.268963
2016-01-01,Monthly,Jumlah/ Total,194.250973,0.0,1680.561387,0.0,66961.607795,2361.192961,34612.088124,395.590419,22662.075901,226492.255938,2545.499667,37836.429558,987.026754,396728.579477
2016-02-01,Monthly,Bank-bank Islam / Islamic Banks,143.301178,0.0,1634.664238,0.0,65116.608691,2268.483495,35422.701678,421.573358,20252.833191,229588.745609,2609.111808,34297.572332,1152.613535,392908.209113
2016-02-01,Monthly,Skim Perbankan Islam (SPI) / Islamic Banking Scheme (IBS),50.0,0.0,0.0,0.0,496.960667,434.568071,57.194156,0.0,85.58,1285.401509,0.0,1741.102272,0.0,4150.806675
2016-02-01,Monthly,Jumlah/ Total,193.301178,0.0,1634.664238,0.0,65613.569358,2703.051566,35479.895834,421.573358,20338.413191,230874.147118,2609.111808,36038.674604,1152.613535,397059.015788
2016-03-01,Monthly,Bank-bank Islam / Islamic Banks,140.749628,0.0,1439.960694,0.0,63293.14263,2081.344274,35568.870858,410.58109,19029.059032,233574.567034,2746.885025,37719.45892,793.076944,396797.696129
2016-03-01,Monthly,Skim Perbankan Islam (SPI) / Islamic Banking Scheme (IBS),50.0,0.0,0.0,0.0,621.572037,482.298902,59.650972,0.0,85.58,1255.96134,0.0,1755.912769,0.0,4310.97602
2016-03-01,Monthly,Jumlah/ Total,190.749628,0.0,1439.960694,0.0,63914.714667,2563.643176,35628.52183,410.58109,19114.639032,234830.528374,2746.885025,39475.371689,793.076944,401108.672149
2016-04-01,Monthly,Bank-bank Islam / Islamic Banks,140.109043,0.0,1416.279207,0.0,62306.377871,2518.918295,35583.251208,408.218707,16675.223199,234420.089989,2693.660535,38993.427507,745.482577,395901.038138
2016-04-01,Monthly,Skim Perbankan Islam (SPI) / Islamic Banking Scheme (IBS),50.0,0.0,0.0,0.0,540.193643,477.433877,57.064315,0.0,85.58,1270.071829,0.0,1725.6863,0.0,4206.029964
2016-04-01,Monthly,Jumlah/ Total,190.109043,0.0,1416.279207,0.0,62846.571514,2996.352172,35640.315523,408.218707,16760.803199,235690.161818,2693.660535,40719.113807,745.482577,400107.068102
2016-05-01,Monthly,Bank-bank Islam / Islamic Banks,140.096198,0.0,1350.805038,0.0,62657.673706,1962.381076,35084.971797,421.719892,17692.110357,232802.950922,3522.280294,43626.16544,2010.633328,401271.788048
2016-05-01,Monthly,Skim Perbankan Islam (SPI) / Islamic Banking Scheme (IBS),50.0,0.0,0.0,0.0,551.089132,624.47068,55.497867,0.0,85.58,1190.932407,0.0,1825.210662,0.0,4382.780748
2016-05-01,Monthly,Jumlah/ Total,190.096198,0.0,1350.805038,0.0,63208.762838,2586.851756,35140.469664,421.719892,17777.690357,233993.883329,3522.280294,45451.376102,2010.633328,405654.568796
2016-06-01,Monthly,Bank-bank Islam / Islamic Banks,139.944987,0.0,1312.22698,0.0,65824.031603,1915.263348,36331.425825,403.890388,15480.726117,229161.156631,4198.695018,43610.7342,1066.425234,399444.520331
2016-06-01,Monthly,Skim Perbankan Islam (SPI) / Islamic Banking Scheme (IBS),50.0,0.0,0.0,0.0,462.010975,501.556659,57.124338,0.0,85.58,1271.740605,0.0,1722.571067,0.0,4150.583644
2016-06-01,Monthly,Jumlah/ Total,189.944987,0.0,1312.22698,0.0,66286.042578,2416.820007,36388.550163,403.890388,15566.306117,230432.897236,4198.695018,45333.305267,1066.425234,403595.103975
2016-07-01,Monthly,Bank-bank Islam / Islamic Banks,142.922289,0.0,1295.413472,0.0,64018.812658,1704.409972,35275.932894,415.814427,17556.245416,233394.481647,3853.151352,40603.073695,1169.828226,399430.086048
2016-07-01,Monthly,Skim Perbankan Islam (SPI) / Islamic Banking Scheme (IBS),50.0,0.0,0.0,0.0,549.84277,303.036548,53.405719,0.0,85.58,1452.775624,0.0,1707.120964,0.0,4201.761625
2016-07-01,Monthly,Jumlah/ Total,192.922289,0.0,1295.413472,0.0,64568.655428,2007.44652,35329.338613,415.814427,17641.825416,234847.257271,3853.151352,42310.194659,1169.828226,403631.847673
2016-08-01,Monthly,Bank-bank Islam / Islamic Banks,142.898776,0.0,1262.623106,0.0,62258.262349,2080.15569,35651.375117,422.972147,14824.718292,235533.87169,3072.505732,39494.919497,1186.450043,395930.752439
2016-08-01,Monthly,Skim Perbankan Islam (SPI) / Islamic Banking Scheme (IBS),0.0,0.0,0.0,0.0,498.366725,323.398679,55.48953,0.0,85.58,1476.281308,0.0,1647.52539,0.0,4086.641632
2016-08-01,Monthly,Jumlah/ Total,142.898776,0.0,1262.623106,0.0,62756.629074,2403.554369,35706.864647,422.972147,14910.298292,237010.152998,3072.505732,41142.444887,1186.450043,400017.394071
2016-09-01,Monthly,Bank-bank Islam / Islamic Banks,142.434541,0.0,1239.408154,0.0,61468.040228,1695.536631,36319.788807,414.857908,14580.805805,245994.997592,3364.152682,44050.602366,1200.705469,410471.330183
2016-09-01,Monthly,Skim Perbankan Islam (SPI) / Islamic Banking Scheme (IBS),0.0,0.0,0.0,0.0,474.472321,186.501587,55.460356,0.0,85.58,1416.901521,0.0,1497.047748,0.036458,3715.999991
2016-09-01,Monthly,Jumlah/ Total,142.434541,0.0,1239.408154,0.0,61942.512549,1882.038218,36375.249163,414.857908,14666.385805,247411.899113,3364.152682,45547.650114,1200.741927,414187.330174
2016-10-01,Monthly,Bank-bank Islam / Islamic Banks,142.563197,0.0,1196.135482,0.0,62794.739484,1934.115896,35851.037946,409.067693,12555.12006,242842.917426,3512.778783,46424.597553,1200.56018,408863.6337
2016-10-01,Monthly,Skim Perbankan Islam (SPI) / Islamic Banking Scheme (IBS),0.0,0.0,0.0,0.0,557.99785,160.773973,55.397939,0.0,85.58,1774.800265,0.0,1539.220703,0.036968,4173.807698
2016-10-01,Monthly,Jumlah/ Total,142.563197,0.0,1196.135482,0.0,63352.737334,2094.889869,35906.435885,409.067693,12640.70006,244617.717691,3512.778783,47963.818256,1200.597148,413037.441398
2016-11-01,Monthly,Bank-bank Islam / Islamic Banks,142.275249,0.0,1182.35766,0.0,61991.739193,2122.394349,36187.048007,418.959904,13361.550179,244775.977558,4226.745526,39799.872407,1239.036575,405447.956607
2016-11-01,Monthly,Skim Perbankan Islam (SPI) / Islamic Banking Scheme (IBS),0.0,0.0,0.0,0.0,501.031955,189.585175,57.613321,0.0,85.58,1855.464704,0.0,1585.268691,0.0,4274.543846
2016-11-01,Monthly,Jumlah/ Total,142.275249,0.0,1182.35766,0.0,62492.771148,2311.979524,36244.661328,418.959904,13447.130179,246631.442262,4226.745526,41385.141098,1239.036575,409722.500453
2016-12-01,Monthly,Bank-bank Islam / Islamic Banks,142.692717,0.0,1170.1959,0.0,63280.394603,2276.274795,36084.469519,416.202599,16753.386564,252074.76373,3130.676584,37910.5421,1417.934365,414657.533476
2016-12-01,Monthly,Skim Perbankan Islam (SPI) / Islamic Banking Scheme (IBS),0.0,0.0,0.0,0.0,490.243585,258.621992,59.52408,0.0,0.0,1853.982641,0.0,1391.299162,0.0,4053.67146
2016-12-01,Monthly,Jumlah/ Total,142.692717,0.0,1170.1959,0.0,63770.638188,2534.896787,36143.993599,416.202599,16753.386564,253928.746371,3130.676584,39301.841262,1417.934365,418711.204936
2017-01-01,Monthly,Bank-bank Islam / Islamic Banks,142.413277,0.0,1152.823183,0.0,65467.68817,2414.651475,37190.339925,397.161335,17346.133569,246030.21408,3886.284611,37990.85354,1315.959212,413334.522377
2017-01-01,Monthly,Skim Perbankan Islam (SPI) / Islamic Banking Scheme (IBS),0.0,0.0,0.0,0.0,522.003756,269.373638,58.486274,0.0,0.0,1849.11245,0.0,1417.710887,0.0,4116.687005
2017-01-01,Monthly,Jumlah/ Total,142.413277,0.0,1152.823183,0.0,65989.691926,2684.025113,37248.826199,397.161335,17346.133569,247879.32653,3886.284611,39408.564427,1315.959212,417451.209382
2017-02-01,Monthly,Bank-bank Islam / Islamic Banks,143.839568,0.0,939.463437,0.0,69481.520073,2180.452069,38019.279184,402.772608,16524.886138,251868.922715,4445.794688,39627.334244,1180.541143,424814.805867
2017-02-01,Monthly,Skim Perbankan Islam (SPI) / Islamic Banking Scheme (IBS),0.0,0.0,0.0,0.0,529.333472,366.289869,62.143711,0.0,0.0,1817.672659,0.0,1441.259396,0.0,4216.699107
2017-02-01,Monthly,Jumlah/ Total,143.839568,0.0,939.463437,0.0,70010.853545,2546.741938,38081.422895,402.772608,16524.886138,253686.595374,4445.794688,41068.59364,1180.541143,429031.504974
2017-03-01,Monthly,Bank-bank Islam / Islamic Banks,142.561885,0.0,918.261543,0.0,65060.78324,2435.321853,38455.366502,413.774458,17617.818398,253701.123044,4129.568307,42118.28677,1216.208205,426209.074205
2017-03-01,Monthly,Skim Perbankan Islam (SPI) / Islamic Banking Scheme (IBS),0.0,0.0,0.0,0.0,620.218026,564.425761,61.121841,0.0,0.0,2164.172769,0.0,1488.069825,0.0,4898.008222
2017-03-01,Monthly,Jumlah/ Total,142.561885,0.0,918.261543,0.0,65681.001266,2999.747614,38516.488343,413.774458,17617.818398,255865.295813,4129.568307,43606.356595,1216.208205,431107.082427
2017-04-01,Monthly,Bank-bank Islam / Islamic Banks,142.346502,0.0,888.205908,0.0,67158.14748,2064.472008,37920.146208,407.784306,16198.286921,261448.086248,4350.771049,41557.239316,1016.069767,433151.555713
2017-04-01,Monthly,Skim Perbankan Islam (SPI) / Islamic Banking Scheme (IBS),0.0,0.0,0.0,0.0,557.030248,574.037947,58.190365,0.0,0.0,2385.319628,0.0,1502.633223,0.0,5077.211411
2017-04-01,Monthly,Jumlah/ Total,142.346502,0.0,888.205908,0.0,67715.177728,2638.509955,37978.336573,407.784306,16198.286921,263833.405876,4350.771049,43059.872539,1016.069767,438228.767124
2017-05-01,Monthly,Bank-bank Islam / Islamic Banks,142.454098,0.0,882.564047,0.0,64957.313196,2060.18757,37988.722709,412.611953,14249.631507,263129.250842,4427.610138,42619.017379,1336.430531,432205.79397
2017-05-01,Monthly,Skim Perbankan Islam (SPI) / Islamic Banking Scheme (IBS),0.0,0.0,0.0,0.0,623.016155,550.128066,55.41668,0.0,0.0,2450.037182,0.0,1630.509454,0.0,5309.107537
2017-05-01,Monthly,Jumlah/ Total,142.454098,0.0,882.564047,0.0,65580.329351,2610.315636,38044.139389,412.611953,14249.631507,265579.288024,4427.610138,44249.526833,1336.430531,437514.901507
2017-06-01,Monthly,Bank-bank Islam / Islamic Banks,142.986399,0.0,871.556591,0.0,66658.664528,1937.972253,38793.678538,423.467152,16226.093881,270104.675396,4034.244714,36982.59945,1498.799588,437674.73849
2017-06-01,Monthly,Skim Perbankan Islam (SPI) / Islamic Banking Scheme (IBS),0.0,0.0,0.0,0.0,897.763312,585.494744,55.209981,0.0,0.0,2445.538516,0.0,1414.26816,0.0,5398.274713
2017-06-01,Monthly,Jumlah/ Total,142.986399,0.0,871.556591,0.0,67556.42784,2523.466997,38848.888519,423.467152,16226.093881,272550.213912,4034.244714,38396.86761,1498.799588,443073.013203
2017-07-01,Monthly,Bank-bank Islam / Islamic Banks,120.780444,0.0,856.427919,0.0,67861.050401,1797.785056,38048.475653,414.507009,17100.703197,274756.277092,3953.040556,38326.218657,1500.096097,444735.362081
2017-07-01,Monthly,Skim Perbankan Islam (SPI) / Islamic Banking Scheme (IBS),0.0,0.0,0.0,0.0,687.151762,572.28991,56.596346,0.0,0.0,2699.993748,0.0,1394.253129,0.0,5410.284895
2017-07-01,Monthly,Jumlah/ Total,120.780444,0.0,856.427919,0.0,68548.202163,2370.074966,38105.071999,414.507009,17100.703197,277456.27084,3953.040556,39720.471786,1500.096097,450145.646976
2017-08-01,Monthly,Bank-bank Islam / Islamic Banks,120.40705,0.0,824.199726,0.0,67400.204886,1820.337608,38711.105777,409.095994,17816.664488,278746.489019,3958.316903,37329.007317,1602.352824,448738.181592
2017-08-01,Monthly,Skim Perbankan Islam (SPI) / Islamic Banking Scheme (IBS),0.0,0.0,0.0,0.0,630.486376,696.353217,57.443167,0.0,0.0,2842.505479,0.0,1438.805813,0.0,5665.594052
2017-08-01,Monthly,Jumlah/ Total,120.40705,0.0,824.199726,0.0,68030.691262,2516.690825,38768.548944,409.095994,17816.664488,281588.994498,3958.316903,38767.81313,1602.352824,454403.775644
2017-09-01,Monthly,Bank-bank Islam / Islamic Banks,119.359786,0.0,812.85587,0.0,65037.290093,2029.932737,38584.71569,397.725377,18116.094931,288166.126363,4157.267118,37933.148566,1341.364352,456695.880883
2017-09-01,Monthly,Skim Perbankan Islam (SPI) / Islamic Banking Scheme (IBS),0.0,0.0,0.0,0.0,649.46052,532.311866,57.958117,0.0,0.0,2783.782581,0.0,1502.682446,0.0,5526.19553
2017-09-01,Monthly,Jumlah/ Total,119.359786,0.0,812.85587,0.0,65686.750613,2562.244603,38642.673807,397.725377,18116.094931,290949.908944,4157.267118,39435.831012,1341.364352,462222.076413
2017-10-01,Monthly,Bank-bank Islam / Islamic Banks,119.114916,0.0,797.687328,0.0,67149.589279,2326.384979,38202.625284,387.467807,18958.379362,289421.919209,4199.646145,39585.718226,1281.294206,462429.826741
2017-10-01,Monthly,Skim Perbankan Islam (SPI) / Islamic Banking Scheme (IBS),0.0,0.0,0.0,0.0,668.640251,510.823714,58.253087,0.0,0.0,2975.284304,0.0,1549.223951,0.0,5762.225307
2017-10-01,Monthly,Jumlah/ Total,119.114916,0.0,797.687328,0.0,67818.22953,2837.208693,38260.878371,387.467807,18958.379362,292397.203513,4199.646145,41134.942177,1281.294206,468192.052048
2017-11-01,Monthly,Bank-bank Islam / Islamic Banks,119.189277,0.0,775.816282,0.0,68236.493006,2120.866899,38647.764183,386.874579,19094.590652,292531.449435,4238.921217,39321.650853,1690.555578,467164.171961
2017-11-01,Monthly,Skim Perbankan Islam (SPI) / Islamic Banking Scheme (IBS),0.0,0.0,0.0,0.0,613.508897,604.984692,58.19071,0.0,0.0,2764.891814,0.0,1589.32486,0.0,5630.900973
2017-11-01,Monthly,Jumlah/ Total,119.189277,0.0,775.816282,0.0,68850.001903,2725.851591,38705.954893,386.874579,19094.590652,295296.341249,4238.921217,40910.975713,1690.555578,472795.072934
2017-12-01,Monthly,Bank-bank Islam / Islamic Banks,119.200171,0.0,757.572205,0.0,73483.590255,2336.268117,38149.896277,396.169618,17459.14004,289952.773126,4055.185669,45534.203986,1167.731551,473411.731015
2017-12-01,Monthly,Skim Perbankan Islam (SPI) / Islamic Banking Scheme (IBS),0.0,0.0,0.0,0.0,677.616835,22.895723,56.108384,0.0,0.0,3056.635031,0.0,1317.733072,0.0,5130.989045
2017-12-01,Monthly,Jumlah/ Total,119.200171,0.0,757.572205,0.0,74161.20709,2359.16384,38206.004661,396.169618,17459.14004,293009.408157,4055.185669,46851.937058,1167.731551,478542.72006
2018-01-01,Monthly,Bank-bank Islam / Islamic Banks,120.387246,0.0,754.017029,0.0,76659.45061,2285.302257,38786.853375,383.47488,15838.927236,293876.087557,4004.809826,44384.367696,999.342375,478093.020087
2018-01-01,Monthly,Skim Perbankan Islam (SPI) / Islamic Banking Scheme (IBS),0.0,0.0,0.0,0.0,608.494009,380.820434,54.594931,0.0,0.0,3658.972857,0.0,1476.549034,0.0,6179.431265
2018-01-01,Monthly,Jumlah/ Total,120.387246,0.0,754.017029,0.0,77267.944619,2666.122691,38841.448306,383.47488,15838.927236,297535.060414,4004.809826,45860.91673,999.342375,484272.451352
2018-02-01,Monthly,Bank-bank Islam / Islamic Banks,117.207118,0.0,747.182631,0.0,73725.215887,2120.818783,40110.776534,384.691206,12873.226791,298530.512206,3740.397722,46039.413988,927.123975,479316.566841
2018-02-01,Monthly,Skim Perbankan Islam (SPI) / Islamic Banking Scheme (IBS),0.0,0.0,0.0,0.0,486.418978,376.362283,55.068729,0.0,0.0,3709.0967,0.0,1774.946754,0.0,6401.893444
2018-02-01,Monthly,Jumlah/ Total,117.207118,0.0,747.182631,0.0,74211.634865,2497.181066,40165.845263,384.691206,12873.226791,302239.608906,3740.397722,47814.360742,927.123975,485718.460285
2018-03-01,Monthly,Bank-bank Islam / Islamic Banks,116.783036,0.0,764.768047,0.0,73471.190825,2421.141269,40417.403516,392.393484,11820.582661,308071.749229,4389.243334,50407.689977,776.273196,493049.218574
2018-03-01,Monthly,Skim Perbankan Islam (SPI) / Islamic Banking Scheme (IBS),0.0,0.0,0.0,0.0,561.457841,291.260585,56.624734,0.0,0.0,4051.649841,0.0,1947.081223,0.0,6908.074224
2018-03-01,Monthly,Jumlah/ Total,116.783036,0.0,764.768047,0.0,74032.648666,2712.401854,40474.02825,392.393484,11820.582661,312123.39907,4389.243334,52354.7712,776.273196,499957.292798
2018-04-01,Monthly,Bank-bank Islam / Islamic Banks,109.596706,0.0,1177.276498,0.0,74004.590235,2474.684955,40721.268909,409.370967,12701.710218,338182.348191,4232.113999,51223.077284,1115.796451,526351.834413
2018-04-01,Monthly,Skim Perbankan Islam (SPI) / Islamic Banking Scheme (IBS),0.0,0.0,0.0,0.0,541.466605,262.340426,56.136234,0.0,0.0,4176.365408,0.0,1941.381865,0.0,6977.690538
2018-04-01,Monthly,Jumlah/ Total,109.596706,0.0,1177.276498,0.0,74546.05684,2737.025381,40777.405143,409.370967,12701.710218,342358.713599,4232.113999,53164.459149,1115.796451,533329.524951
2018-05-01,Monthly,Bank-bank Islam / Islamic Banks,109.831819,0.0,1159.608092,0.0,74101.664018,2630.988464,40797.502062,404.166262,12577.665182,340114.255463,4109.868303,52408.317379,1356.280047,529770.147091
2018-05-01,Monthly,Skim Perbankan Islam (SPI) / Islamic Banking Scheme (IBS),0.0,0.0,0.0,0.0,541.406824,480.026251,57.066317,0.0,0.0,4102.330689,0.0,1778.855213,0.0,6959.685294
2018-05-01,Monthly,Jumlah/ Total,109.831819,0.0,1159.608092,0.0,74643.070842,3111.014715,40854.568379,404.166262,12577.665182,344216.586152,4109.868303,54187.172592,1356.280047,536729.832385
2018-06-01,Monthly,Bank-bank Islam / Islamic Banks,109.356992,0.0,1148.645659,0.0,72886.205932,2341.380577,40823.802628,400.08327,12478.491483,341576.63129,4014.678513,48553.366195,1206.37531,525539.017849
2018-06-01,Monthly,Skim Perbankan Islam (SPI) / Islamic Banking Scheme (IBS),0.0,0.0,0.0,0.0,572.269937,333.182711,58.11128,0.0,0.0,4236.323333,0.0,1908.550506,0.0,7108.437767
2018-06-01,Monthly,Jumlah/ Total,109.356992,0.0,1148.645659,0.0,73458.475869,2674.563288,40881.913908,400.08327,12478.491483,345812.954623,4014.678513,50461.916701,1206.37531,532647.455616
2018-07-01,Monthly,Bank-bank Islam / Islamic Banks,108.766918,0.0,719.29098,0.0,71033.587443,2525.191782,40471.579013,387.046429,13067.165178,347660.573108,4148.813214,48842.469063,1230.314412,530194.79754
2018-07-01,Monthly,Skim Perbankan Islam (SPI) / Islamic Banking Scheme (IBS),0.0,0.0,0.0,0.0,473.615351,363.668777,57.579186,0.0,0.0,4288.515996,0.0,1940.449954,0.0,7123.829264
2018-07-01,Monthly,Jumlah/ Total,108.766918,0.0,719.29098,0.0,71507.202794,2888.860559,40529.158199,387.046429,13067.165178,351949.089104,4148.813214,50782.919017,1230.314412,537318.626804
2018-08-01,Monthly,Bank-bank Islam / Islamic Banks,108.751158,0.0,706.213989,0.0,67742.07617,2643.769223,40657.782666,386.205702,12905.898331,358607.153379,4217.451083,50600.658704,1317.580955,539893.54136
2018-08-01,Monthly,Skim Perbankan Islam (SPI) / Islamic Banking Scheme (IBS),0.0,0.0,0.0,0.0,425.559962,33.014285,53.652841,0.0,0.0,4683.944758,0.0,1784.537618,0.0,6980.709464
2018-08-01,Monthly,Jumlah/ Total,108.751158,0.0,706.213989,0.0,68167.636132,2676.783508,40711.435507,386.205702,12905.898331,363291.098137,4217.451083,52385.196322,1317.580955,546874.250824
2018-09-01,Monthly,Bank-bank Islam / Islamic Banks,108.687532,0.0,693.373846,0.0,68675.784148,1980.983383,40650.926546,376.552863,12480.776499,357829.044051,5007.240253,50505.724388,1311.305847,539620.399356
2018-09-01,Monthly,Skim Perbankan Islam (SPI) / Islamic Banking Scheme (IBS),0.0,0.0,0.0,0.0,632.315192,437.283596,58.027979,0.0,0.0,5148.497611,0.0,1602.391802,0.0,7878.51618
2018-09-01,Monthly,Jumlah/ Total,108.687532,0.0,693.373846,0.0,69308.09934,2418.266979,40708.954525,376.552863,12480.776499,362977.541662,5007.240253,52108.11619,1311.305847,547498.915536
2018-10-01,Monthly,Bank-bank Islam / Islamic Banks,106.430336,0.0,688.497419,0.0,70064.358676,2087.952362,40945.952689,372.117009,13080.346382,355694.931715,5249.757313,51531.675259,1505.973824,541327.992984
2018-10-01,Monthly,Skim Perbankan Islam (SPI) / Islamic Banking Scheme (IBS),0.0,0.0,0.0,0.0,500.187232,362.915578,58.055229,0.0,0.0,6787.381736,0.0,1611.513114,0.0,9320.052889
2018-10-01,Monthly,Jumlah/ Total,106.430336,0.0,688.497419,0.0,70564.545908,2450.86794,41004.007918,372.117009,13080.346382,362482.313451,5249.757313,53143.188373,1505.973824,550648.045873
2018-11-01,Monthly,Bank-bank Islam / Islamic Banks,105.194337,0.0,680.443786,0.0,69973.322303,2123.627311,41216.086234,371.853466,12980.184769,356436.761073,7446.880293,52260.966756,1981.156324,545576.476652
2018-11-01,Monthly,Skim Perbankan Islam (SPI) / Islamic Banking Scheme (IBS),0.0,0.0,0.0,0.0,641.566052,413.861345,56.361174,0.0,0.0,6745.765331,0.0,1436.364137,0.0,9293.918039
2018-11-01,Monthly,Jumlah/ Total,105.194337,0.0,680.443786,0.0,70614.888355,2537.488656,41272.447408,371.853466,12980.184769,363182.526404,7446.880293,53697.330893,1981.156324,554870.394691
2018-12-01,Monthly,Bank-bank Islam / Islamic Banks,104.796933,0.0,666.902771,0.0,72017.110287,2300.111784,41150.556355,381.318194,14985.36255,364573.206996,8368.230123,54548.984131,1784.777565,560881.357689
2018-12-01,Monthly,Skim Perbankan Islam (SPI) / Islamic Banking Scheme (IBS),0.0,0.0,0.0,0.0,759.345815,468.937817,58.615761,0.0,0.0,7947.206454,0.0,1090.054628,0.0,10324.160475
2018-12-01,Monthly,Jumlah/ Total,104.796933,0.0,666.902771,0.0,72776.456102,2769.049601,41209.172116,381.318194,14985.36255,372520.41345,8368.230123,55639.038759,1784.777565,571205.518164
2019-01-01,Monthly,Bank-bank Islam / Islamic Banks,103.571357,0.0,641.501208,0.0,72349.594893,2279.18904,42772.494947,383.037495,13667.945955,369808.145202,8519.982921,48433.488996,1675.350163,560634.302177
2019-01-01,Monthly,Skim Perbankan Islam (SPI) / Islamic Banking Scheme (IBS),0.0,0.0,0.0,0.0,612.208346,502.89436,58.266716,0.0,0.0,8071.755559,0.0,1180.186359,0.0,10425.31134
2019-01-01,Monthly,Jumlah/ Total,103.571357,0.0,641.501208,0.0,72961.803239,2782.0834,42830.761663,383.037495,13667.945955,377879.900761,8519.982921,49613.675355,1675.350163,571059.613517
2019-02-01,Monthly,Bank-bank Islam / Islamic Banks,103.014037,0.0,612.796775,0.0,72638.325069,1784.762595,43326.421777,375.945288,12996.070582,376684.916712,6606.104685,49675.425606,2032.755461,566836.538587
2019-02-01,Monthly,Skim Perbankan Islam (SPI) / Islamic Banking Scheme (IBS),0.0,0.0,0.0,0.0,611.851578,566.432913,57.447542,0.0,0.0,8630.149813,0.0,1764.860666,0.0,11630.742512
2019-02-01,Monthly,Jumlah/ Total,103.014037,0.0,612.796775,0.0,73250.176647,2351.195508,43383.869319,375.945288,12996.070582,385315.066525,6606.104685,51440.286272,2032.755461,578467.281099
2019-03-01,Monthly,Bank-bank Islam / Islamic Banks,103.22793,0.0,611.367468,0.0,74252.773127,1931.92726,43000.484235,382.350773,13976.169699,383053.389269,6960.359404,50551.692686,2236.357119,577060.09897
2019-03-01,Monthly,Skim Perbankan Islam (SPI) / Islamic Banking Scheme (IBS),0.0,0.0,0.0,0.0,721.220383,517.872473,58.407815,0.0,0.0,7728.726313,0.0,1100.960611,0.0,10127.187595
2019-03-01,Monthly,Jumlah/ Total,103.22793,0.0,611.367468,0.0,74973.99351,2449.799733,43058.89205,382.350773,13976.169699,390782.115582,6960.359404,51652.653297,2236.357119,587187.286565
2019-04-01,Monthly,Bank-bank Islam / Islamic Banks,103.036757,0.0,606.206021,0.0,72689.671407,3237.292614,43768.823748,385.164578,12046.420479,393691.983555,9372.44834,47912.95004,1486.009981,585300.00752
2019-04-01,Monthly,Skim Perbankan Islam (SPI) / Islamic Banking Scheme (IBS),0.0,0.0,0.0,0.0,819.611092,657.626382,60.433911,0.0,0.0,8242.011842,0.0,965.046296,0.0,10744.729523
2019-04-01,Monthly,Jumlah/ Total,103.036757,0.0,606.206021,0.0,73509.282499,3894.918996,43829.257659,385.164578,12046.420479,401933.995397,9372.44834,48877.996336,1486.009981,596044.737043
2019-05-01,Monthly,Bank-bank Islam / Islamic Banks,102.28688,0.0,604.694431,0.0,73595.661465,3779.159503,44619.869339,378.164425,11688.816997,389361.309124,10879.412588,47383.981692,2192.596746,584585.95319
2019-05-01,Monthly,Skim Perbankan Islam (SPI) / Islamic Banking Scheme (IBS),0.0,0.0,0.0,0.0,783.133625,543.00564,59.625541,0.0,0.0,8536.209751,0.0,1054.869322,0.0,10976.843879
2019-05-01,Monthly,Jumlah/ Total,102.28688,0.0,604.694431,0.0,74378.79509,4322.165143,44679.49488,378.164425,11688.816997,397897.518875,10879.412588,48438.851014,2192.596746,595562.797069
2019-06-01,Monthly,Bank-bank Islam / Islamic Banks,101.878199,0.0,601.569007,0.0,75209.140032,6139.071791,43543.506203,382.313912,11019.675427,394511.283093,10411.50783,48746.85568,2398.89813,593065.699304
2019-06-01,Monthly,Skim Perbankan Islam (SPI) / Islamic Banking Scheme (IBS),0.0,0.0,0.0,0.0,754.179207,588.063582,55.953884,0.0,0.0,8691.488619,0.0,1123.556514,0.0,11213.241806
2019-06-01,Monthly,Jumlah/ Total,101.878199,0.0,601.569007,0.0,75963.319239,6727.135373,43599.460087,382.313912,11019.675427,403202.771712,10411.50783,49870.412194,2398.89813,604278.94111
2019-07-01,Monthly,Bank-bank Islam / Islamic Banks,101.625277,0.0,593.027311,0.0,76063.631894,5801.67366,43808.785651,377.567828,11937.978668,397417.712151,12118.635576,47575.158371,3242.375461,599038.171848
2019-07-01,Monthly,Skim Perbankan Islam (SPI) / Islamic Banking Scheme (IBS),0.0,0.0,0.0,0.0,622.782382,245.93493,59.359601,0.0,0.0,9236.046006,0.0,1062.819773,0.0,11226.942692
2019-07-01,Monthly,Jumlah/ Total,101.625277,0.0,593.027311,0.0,76686.414276,6047.60859,43868.145252,377.567828,11937.978668,406653.758157,12118.635576,48637.978144,3242.375461,610265.11454
2019-08-01,Monthly,Bank-bank Islam / Islamic Banks,100.684976,0.0,586.896146,0.0,76665.071723,3356.43567,44401.552278,392.141951,12586.374854,403091.733112,9955.088493,47751.196751,2434.777742,601321.953696
2019-08-01,Monthly,Skim Perbankan Islam (SPI) / Islamic Banking Scheme (IBS),0.0,0.0,0.0,0.0,699.503624,138.912123,60.527278,0.0,0.0,9592.13474,0.0,1046.09702,0.0,11537.174785
2019-08-01,Monthly,Jumlah/ Total,100.684976,0.0,586.896146,0.0,77364.575347,3495.347793,44462.079556,392.141951,12586.374854,412683.867852,9955.088493,48797.293771,2434.777742,612859.128481
2019-09-01,Monthly,Bank-bank Islam / Islamic Banks,100.865046,0.0,547.324184,0.0,77688.990591,3163.158161,44409.633118,389.896331,13341.562814,410083.751266,7520.350658,47752.431597,2322.326885,607320.290651
2019-09-01,Monthly,Skim Perbankan Islam (SPI) / Islamic Banking Scheme (IBS),0.0,0.0,0.0,0.0,891.972833,149.761479,70.215578,0.0,0.0,9667.415598,0.0,1043.001847,0.0,11822.367335
2019-09-01,Monthly,Jumlah/ Total,100.865046,0.0,547.324184,0.0,78580.963424,3312.91964,44479.848696,389.896331,13341.562814,419751.166864,7520.350658,48795.433444,2322.326885,619142.657986
2019-10-01,Monthly,Bank-bank Islam / Islamic Banks,100.925451,0.0,539.813887,0.0,77455.781992,3404.870688,44381.918638,397.686935,13464.856138,406881.647121,9821.099893,50219.479222,1866.774423,608534.854388
2019-10-01,Monthly,Skim Perbankan Islam (SPI) / Islamic Banking Scheme (IBS),0.0,0.0,0.0,0.0,686.84989,184.289524,68.407811,0.0,0.0,9522.909863,0.0,1007.241546,0.0,11469.698634
2019-10-01,Monthly,Jumlah/ Total,100.925451,0.0,539.813887,0.0,78142.631882,3589.160212,44450.326449,397.686935,13464.856138,416404.556984,9821.099893,51226.720768,1866.774423,620004.553022
2019-11-01,Monthly,Bank-bank Islam / Islamic Banks,101.044255,0.0,535.555488,0.0,78983.103125,2841.31531,44881.718277,396.74756,12379.670661,400231.022352,9077.082774,48654.809763,1826.360147,599908.429712
2019-11-01,Monthly,Skim Perbankan Islam (SPI) / Islamic Banking Scheme (IBS),0.0,0.0,0.0,0.0,647.069973,185.712308,69.631443,0.0,0.0,8869.164769,0.0,965.772832,0.0,10737.351325
2019-11-01,Monthly,Jumlah/ Total,101.044255,0.0,535.555488,0.0,79630.173098,3027.027618,44951.34972,396.74756,12379.670661,409100.187121,9077.082774,49620.582595,1826.360147,610645.781037
2019-12-01,Monthly,Bank-bank Islam / Islamic Banks,100.731602,0.0,503.077997,0.0,81720.125709,4570.670581,45225.080361,409.276527,14900.263,399164.055003,10077.467479,48289.832606,1635.96651,606596.547375
2019-12-01,Monthly,Skim Perbankan Islam (SPI) / Islamic Banking Scheme (IBS),0.0,0.0,0.0,0.0,731.642851,322.424697,69.350588,0.0,0.0,8569.484572,0.0,810.559529,0.0,10503.462237
2019-12-01,Monthly,Jumlah/ Total,100.731602,0.0,503.077997,0.0,82451.76856,4893.095278,45294.430949,409.276527,14900.263,407733.539575,10077.467479,49100.392135,1635.96651,617100.009612
2020-01-01,Monthly,Bank-bank Islam / Islamic Banks,100.956379,0.0,491.829252,0.0,81466.02294,3550.578862,46362.649737,428.236275,13435.176504,396251.678928,12289.951516,45250.36452,1362.817009,600990.261922
2020-01-01,Monthly,Skim Perbankan Islam (SPI) / Islamic Banking Scheme (IBS),0.0,0.0,0.0,0.0,661.217867,298.845333,68.560762,0.0,0.0,8830.203768,0.0,858.0735,0.0,10716.90123
2020-01-01,Monthly,Jumlah/ Total,100.956379,0.0,491.829252,0.0,82127.240807,3849.424195,46431.210499,428.236275,13435.176504,405081.882696,12289.951516,46108.43802,1362.817009,611707.163152
2020-02-01,Monthly,Bank-bank Islam / Islamic Banks,100.725293,0.0,487.650471,0.0,80525.982583,3258.925457,47601.926605,417.955571,14989.141308,399627.620015,10878.3543,46512.521003,1621.602804,606022.40541
2020-02-01,Monthly,Skim Perbankan Islam (SPI) / Islamic Banking Scheme (IBS),0.0,0.0,0.0,0.0,973.140769,283.542123,71.674808,0.0,0.0,9769.207846,0.0,866.706735,0.0,11964.272281
2020-02-01,Monthly,Jumlah/ Total,100.725293,0.0,487.650471,0.0,81499.123352,3542.46758,47673.601413,417.955571,14989.141308,409396.827861,10878.3543,47379.227738,1621.602804,617986.677691
2020-03-01,Monthly,Bank-bank Islam / Islamic Banks,98.305138,0.0,482.857243,0.0,84133.270216,4127.311336,50427.598068,435.62384,12998.914595,387271.395159,9485.141461,54589.684011,1201.523251,605251.624318
2020-03-01,Monthly,Skim Perbankan Islam (SPI) / Islamic Banking Scheme (IBS),0.0,0.0,0.0,0.0,1376.675575,255.592703,74.426037,0.0,0.0,9747.870486,0.0,797.854928,0.0,12252.419729
2020-03-01,Monthly,Jumlah/ Total,98.305138,0.0,482.857243,0.0,85509.945791,4382.904039,50502.024105,435.62384,12998.914595,397019.265645,9485.141461,55387.538939,1201.523251,617504.044047
2020-04-01,Monthly,Bank-bank Islam / Islamic Banks,99.092865,0.0,480.987548,0.0,82625.723221,4392.247125,55028.844841,449.307867,8770.679525,384743.23724,11369.595716,61304.83079,1587.853381,610852.400119
2020-04-01,Monthly,Skim Perbankan Islam (SPI) / Islamic Banking Scheme (IBS),0.0,0.0,0.0,0.0,1555.72308,247.762492,75.782343,0.0,0.0,9282.364807,0.0,824.521818,0.0,11986.15454
2020-04-01,Monthly,Jumlah/ Total,99.092865,0.0,480.987548,0.0,84181.446301,4640.009617,55104.627184,449.307867,8770.679525,394025.602047,11369.595716,62129.352608,1587.853381,622838.554659
2020-05-01,Monthly,Bank-bank Islam / Islamic Banks,99.036813,0.0,480.871016,0.0,87929.696136,3814.13546,55870.085587,481.718124,9681.081694,378221.531634,10599.820994,58616.113297,1438.561545,607232.6523
2020-05-01,Monthly,Skim Perbankan Islam (SPI) / Islamic Banking Scheme (IBS),0.0,0.0,0.0,0.0,1463.019867,211.71694,79.495794,0.0,0.0,9403.625943,0.0,868.127921,0.0,12025.986465
2020-05-01,Monthly,Jumlah/ Total,99.036813,0.0,480.871016,0.0,89392.716003,4025.8524,55949.581381,481.718124,9681.081694,387625.157577,10599.820994,59484.241218,1438.561545,619258.638765
2020-06-01,Monthly,Bank-bank Islam / Islamic Banks,98.909292,0.0,474.647004,0.0,93527.532087,3504.150994,56411.081518,474.359982,9809.012208,386243.80577,9604.821618,62716.899279,1063.416951,623928.636703
2020-06-01,Monthly,Skim Perbankan Islam (SPI) / Islamic Banking Scheme (IBS),0.0,0.0,0.0,0.0,1773.443289,271.059089,78.320151,0.0,0.0,9802.095706,0.0,753.442773,0.0,12678.361008
2020-06-01,Monthly,Jumlah/ Total,98.909292,0.0,474.647004,0.0,95300.975376,3775.210083,56489.401669,474.359982,9809.012208,396045.901476,9604.821618,63470.342052,1063.416951,636606.997711
2020-07-01,Monthly,Bank-bank Islam / Islamic Banks,99.193398,0.0,458.820265,0.0,93865.158343,3959.915895,57535.887557,508.665872,8933.710743,380121.754433,9526.446309,65250.949089,802.771748,621063.273652
2020-07-01,Monthly,Skim Perbankan Islam (SPI) / Islamic Banking Scheme (IBS),0.0,0.0,0.0,0.0,1542.87773,336.868484,79.914297,0.0,0.0,9349.466683,0.0,715.481529,0.0,12024.608723
2020-07-01,Monthly,Jumlah/ Total,99.193398,0.0,458.820265,0.0,95408.036073,4296.784379,57615.801854,508.665872,8933.710743,389471.221116,9526.446309,65966.430618,802.771748,633087.882375
2020-08-01,Monthly,Bank-bank Islam / Islamic Banks,98.648257,0.0,432.436117,0.0,99445.269265,3593.766467,57072.904935,504.415053,8181.080318,383777.695986,9150.501174,64550.150849,842.023487,627648.891908
2020-08-01,Monthly,Skim Perbankan Islam (SPI) / Islamic Banking Scheme (IBS),0.0,0.0,0.0,0.0,1494.949321,382.798665,81.638493,0.0,0.0,9029.647123,0.0,1120.815107,0.0,12109.848709
2020-08-01,Monthly,Jumlah/ Total,98.648257,0.0,432.436117,0.0,100940.218586,3976.565132,57154.543428,504.415053,8181.080318,392807.343109,9150.501174,65670.965956,842.023487,639758.740617
2020-09-01,Monthly,Bank-bank Islam / Islamic Banks,98.253579,0.0,421.246811,0.0,97465.196658,14138.780045,58403.879675,499.154073,7817.29023,382078.056134,7678.988424,68106.05363,768.174889,637475.074148
2020-09-01,Monthly,Skim Perbankan Islam (SPI) / Islamic Banking Scheme (IBS),0.0,0.0,0.0,0.0,1337.231006,378.160002,81.916688,0.0,0.0,8460.807255,0.0,1037.331347,0.0,11295.446298
2020-09-01,Monthly,Jumlah/ Total,98.253579,0.0,421.246811,0.0,98802.427664,14516.940047,58485.796363,499.154073,7817.29023,390538.863389,7678.988424,69143.384977,768.174889,648770.520446
2020-10-01,Monthly,Bank-bank Islam / Islamic Banks,98.697074,0.0,414.895792,0.0,98234.678295,3577.423998,59486.940643,507.562831,10805.717234,371780.530381,18933.690978,70349.35168,1400.665598,635590.154504
2020-10-01,Monthly,Skim Perbankan Islam (SPI) / Islamic Banking Scheme (IBS),0.0,0.0,0.0,0.0,1168.948157,386.977601,81.789136,0.0,0.0,8392.287949,0.0,1079.001439,0.0,11109.004282
2020-10-01,Monthly,Jumlah/ Total,98.697074,0.0,414.895792,0.0,99403.626452,3964.401599,59568.729779,507.562831,10805.717234,380172.81833,18933.690978,71428.353119,1400.665598,646699.158786
2020-11-01,Monthly,Bank-bank Islam / Islamic Banks,98.326748,0.0,404.662472,0.0,102550.591651,2998.009315,59774.533574,525.770921,11949.957799,374932.080594,18814.153995,69123.266686,690.235399,641861.589154
2020-11-01,Monthly,Skim Perbankan Islam (SPI) / Islamic Banking Scheme (IBS),0.0,0.0,0.0,0.0,1275.762856,424.066557,82.197044,0.0,0.0,7868.667764,0.0,1238.214851,0.0,10888.909072
2020-11-01,Monthly,Jumlah/ Total,98.326748,0.0,404.662472,0.0,103826.354507,3422.075872,59856.730618,525.770921,11949.957799,382800.748358,18814.153995,70361.481537,690.235399,652750.498226
2020-12-01,Monthly,Bank-bank Islam / Islamic Banks,98.220018,0.0,395.664889,0.0,99548.72214,3723.70168,59530.177763,531.660463,11126.48444,378559.081147,20251.395337,73361.209981,1115.247516,648241.565374
2020-12-01,Monthly,Skim Perbankan Islam (SPI) / Islamic Banking Scheme (IBS),0.0,0.0,0.0,0.0,1419.478987,497.890905,84.756855,0.0,0.0,8757.012073,0.0,824.981181,0.0,11584.120001
2020-12-01,Monthly,Jumlah/ Total,98.220018,0.0,395.664889,0.0,100968.201127,4221.592585,59614.934618,531.660463,11126.48444,387316.09322,20251.395337,74186.191162,1115.247516,659825.685375
2021-01-01,Monthly,Bank-bank Islam / Islamic Banks,98.694954,0.0,387.880974,0.0,108121.038384,2862.295763,62824.431855,531.833935,11124.984577,374676.852758,19899.518845,72330.212415,1514.507465,654372.251925
2021-01-01,Monthly,Skim Perbankan Islam (SPI) / Islamic Banking Scheme (IBS),0.0,0.0,0.0,0.0,1348.583192,657.736451,105.744781,0.0,0.0,8918.122766,0.0,845.284532,0.0,11875.471722
2021-01-01,Monthly,Jumlah/ Total,98.694954,0.0,387.880974,0.0,109469.621576,3520.032214,62930.176636,531.833935,11124.984577,383594.975524,19899.518845,73175.496947,1514.507465,666247.723647
2021-02-01,Monthly,Bank-bank Islam / Islamic Banks,98.532357,0.0,379.735969,0.0,108901.262078,4054.087044,64594.798336,543.021796,11858.802784,377699.550779,18762.575714,72396.232206,1859.675674,661148.274737
2021-02-01,Monthly,Skim Perbankan Islam (SPI) / Islamic Banking Scheme (IBS),0.0,0.0,0.0,0.0,1487.466881,596.720966,90.629921,0.0,0.0,8569.251323,0.0,1128.302098,0.0,11872.371189
2021-02-01,Monthly,Jumlah/ Total,98.532357,0.0,379.735969,0.0,110388.728959,4650.80801,64685.428257,543.021796,11858.802784,386268.802102,18762.575714,73524.534304,1859.675674,673020.645926
2021-03-01,Monthly,Bank-bank Islam / Islamic Banks,98.416733,0.0,368.950159,0.0,110272.876466,4402.283612,66603.616221,536.995456,11366.32479,387250.623961,19932.899655,75487.653443,2176.153536,678496.794032
2021-03-01,Monthly,Skim Perbankan Islam (SPI) / Islamic Banking Scheme (IBS),0.0,0.0,0.0,0.0,1005.295228,581.353439,97.287088,0.0,0.0,8484.269327,0.0,861.227572,0.0,11029.432654
2021-03-01,Monthly,Jumlah/ Total,98.416733,0.0,368.950159,0.0,111278.171694,4983.637051,66700.903309,536.995456,11366.32479,395734.893288,19932.899655,76348.881015,2176.153536,689526.226686
2021-04-01,Monthly,Bank-bank Islam / Islamic Banks,98.809022,0.0,364.50583,0.0,111209.167087,3902.913635,67450.784092,538.872916,11224.282275,383804.170027,18388.801898,70979.114841,2426.953952,670388.375575
2021-04-01,Monthly,Skim Perbankan Islam (SPI) / Islamic Banking Scheme (IBS),0.0,0.0,0.0,0.0,1206.473759,608.979656,97.869669,0.0,0.0,9092.990392,0.0,1064.806406,0.0,12071.119882
2021-04-01,Monthly,Jumlah/ Total,98.809022,0.0,364.50583,0.0,112415.640846,4511.893291,67548.653761,538.872916,11224.282275,392897.160419,18388.801898,72043.921247,2426.953952,682459.495457
2021-05-01,Monthly,Bank-bank Islam / Islamic Banks,98.730524,0.0,357.707156,0.0,113462.527392,7112.28054,67790.492079,550.538128,11836.272655,379357.839306,18324.159009,71149.49994,2705.402766,672745.449495
2021-05-01,Monthly,Skim Perbankan Islam (SPI) / Islamic Banking Scheme (IBS),0.0,0.0,0.0,0.0,800.129752,678.125301,98.113079,0.0,0.0,8989.858,0.0,1186.290603,0.0,11752.516735
2021-05-01,Monthly,Jumlah/ Total,98.730524,0.0,357.707156,0.0,114262.657144,7790.405841,67888.605158,550.538128,11836.272655,388347.697306,18324.159009,72335.790543,2705.402766,684497.96623
2021-06-01,Monthly,Bank-bank Islam / Islamic Banks,98.710753,0.0,351.118863,0.0,110778.887739,4647.825553,70043.363889,553.243,10803.04032,380889.405873,19658.208313,72403.246646,2708.849689,672935.900638
2021-06-01,Monthly,Skim Perbankan Islam (SPI) / Islamic Banking Scheme (IBS),0.0,0.0,0.0,0.0,1226.933872,687.037577,97.675845,0.0,0.0,9180.951605,0.0,1343.610372,0.0,12536.209271
2021-06-01,Monthly,Jumlah/ Total,98.710753,0.0,351.118863,0.0,112005.821611,5334.86313,70141.039734,553.243,10803.04032,390070.357478,19658.208313,73746.857018,2708.849689,685472.109909
2021-07-01,Monthly,Bank-bank Islam / Islamic Banks,99.40949,0.0,334.755509,0.0,111411.654178,3247.56228,70489.65544,572.511763,9238.670624,383204.921151,22705.850949,70161.907415,2307.806644,673774.705443
2021-07-01,Monthly,Skim Perbankan Islam (SPI) / Islamic Banking Scheme (IBS),0.0,0.0,0.0,0.0,1035.108702,310.195274,102.669498,0.0,0.0,8833.54214,0.0,1751.534163,0.0,12033.049777
2021-07-01,Monthly,Jumlah/ Total,99.40949,0.0,334.755509,0.0,112446.76288,3557.757554,70592.324938,572.511763,9238.670624,392038.463291,22705.850949,71913.441578,2307.806644,685807.75522
2021-08-01,Monthly,Bank-bank Islam / Islamic Banks,99.314936,0.0,333.821587,0.0,113899.89615,5506.291233,70588.113245,575.718795,8750.282872,375051.453125,20022.439442,70966.005248,2076.648745,667869.985378
2021-08-01,Monthly,Skim Perbankan Islam (SPI) / Islamic Banking Scheme (IBS),0.0,0.0,0.0,0.0,1202.31247,429.026867,102.176832,0.0,0.0,9045.508673,0.0,1865.779363,0.0,12644.804205
2021-08-01,Monthly,Jumlah/ Total,99.314936,0.0,333.821587,0.0,115102.20862,5935.3181,70690.290077,575.718795,8750.282872,384096.961798,20022.439442,72831.784611,2076.648745,680514.789583
