date,frequency,warrants,options,klibor_futures,swap,interest_rate_related_options,futures,credit_default_swap,derivatives_turnover_others,profit_rate_swap
2012-01-01,Monthly,87.32,70.77000000000001,3924.0073199999997,14902.690528999998,1012.7,9.66,163.0,601.31,2576.0
2012-02-01,Monthly,27.006999999999998,327.761684,6201.0,26887.879,369.47,12.010000000000002,348.0,380.65999999999997,420.0
2012-03-01,Monthly,113.307,51.04,2980.0,27816.449307000003,494.27,19.25,285.0,1225.1628930000002,677.0
2012-04-01,Monthly,34.492000000000004,183.99,157.0,19429.5726,88.13,24.12,14.0,759.8050000000001,1736.0
2012-05-01,Monthly,38.789,42.06342563,7136.0,29373.388587,605.6199999999999,32.69,460.0,213.37,469.0
2012-06-01,Monthly,44.13,61.975,3064.0,25178.660000000003,357.74,30.25,146.0,234.13,2677.0
2012-07-01,Monthly,44.742999999999995,72.83,5085.0,28291.612,295.35,26.47,0.0,369.81,1924.0
2012-08-01,Monthly,26.997419049999998,247.82,2386.0,25378.18,1141.38,26.4702,34.0,503.78751626999997,617.0
2012-09-01,Monthly,13.90642401,144.78,3328.0,32022.8056,707.0999999999999,4.902775,20.0,609.7417203034981,313.0
2012-10-01,Monthly,16.228848,185.26999999999998,3672.0,13373.33,131.26,0.6015,0.0,272.11077363000004,13.0
2012-11-01,Monthly,11.73214,213.7,4977.0,22291.16137718,46.1,0.0,9.0,585.4613094817317,632.0
2012-12-01,Monthly,13.40785,216.43,1300.0,24446.6819,156.2,0.0,38.0,977.9450278116431,1072.0
2013-01-01,Monthly,9.379999999999999,351.71,5151.0,24489.089999999997,706.9300000000001,2.5,0.0,340.0,1600.0
2013-02-01,Monthly,7.6499999999999995,47.25,600.0,16429.656,530.9,2.56,60.0,261.6,25.0
2013-03-01,Monthly,6.668,468.78,2695.0,27813.0614,244.32999999999998,5.0,19.0,131.1,2178.0
2013-04-01,Monthly,6.638999999999999,327.0,2510.0,18647.7797,87.06,0.0,0.0,133.3,50.0
2013-05-01,Monthly,9.314,109.095,3750.0,27896.16,299.47,5.0,50.0,137.3,20.0
2013-06-01,Monthly,11.963,38.79817,2925.0,27277.309999999998,439.08000000000004,0.0,205.0,97.3,50.0
2013-07-01,Monthly,22.325,117.07,1260.0,33138.249960999994,296.05,6.0,0.0,98.9,75.0
2013-08-01,Monthly,14.08,53.0,1080.0,14711.782,20.32,0.0,200.0,142.5,145.0
2013-09-01,Monthly,15.786,69.0,4595.0,18980.0,60.76,0.0,494.0,118.0,15.0
2013-10-01,Monthly,14.99,57.5,220.0,8885.949122999999,62.19,0.0,83.0,152.0,70.0
2013-11-01,Monthly,13.31,68.0,200.0,15724.446,40.0,0.0,0.0,180.0,600.0
2013-12-01,Monthly,16.093,108.0,1050.0,11930.800996,3.23,0.0,0.0,45.0,20.0
2014-01-01,Monthly,21.018,115.0,290.0,27418.233999999997,33.63,0.0,0.0,204.0,30.0
2014-02-01,Monthly,20.683,26.0,0.0,19779.833015999997,136.55,0.0,0.0,790.7,3557.0
2014-03-01,Monthly,19.018,404.0,770.0,15259.332280409999,57.02,20.0,1.0,368.3,1340.0
2014-04-01,Monthly,21.271,77.5,400.0,15885.927188000001,33.28,154.0,0.0,237.8,65.0
2014-05-01,Monthly,18.17,77.8,6530.0,23129.386101,104.69,115.0,0.0,182.0,0.0
2014-06-01,Monthly,18.469,98.0,1070.0,15636.115508,125.99,241.0,41.0,140.2,0.0
2014-07-01,Monthly,26.041,68.0,1320.0,7362.18,171.32999999999998,151.0,25.0,113.1,0.0
2014-08-01,Monthly,25.25,40.0,1000.0,11915.865592999999,100.45,135.0,4.0,109.0,30.0
2014-09-01,Monthly,25.994,40.519999999999996,950.0,35678.448368,82.63,116.0,11.0,300.0,2551.0
2014-10-01,Monthly,18.483,25.04,20.0,23177.690000000002,429.33,43.0,0.0,206.5,625.0
2014-11-01,Monthly,12.173,28.520000000000003,700.0,16895.580713,59.0,45.0,0.0,626.5,125.0
2014-12-01,Monthly,10.698,122.25,410.0,12169.26,163.85,87.0,12.0,189.6,0.0
2015-01-01,Monthly,11.123,183.5,450.0,24828.787,121.31,0.0,107.0,239.72,130.0
2015-02-01,Monthly,12.377,18.5,260.0,10224.269999999999,63.17,41.0,8.3,142.07,30.0
2015-03-01,Monthly,12.745000000000001,25.999377,53.0,19589.27,149.34,81.0,168.9,653.4200000000001,320.0
2015-04-01,Monthly,10.360000000000001,48.0,93.0,34665.729999999996,56.07,78.0,35.39,513.07,20.0
2015-05-01,Monthly,8.252,51.0,121.0,10447.187399999999,131.57999999999998,32.0,120.15,497.37,35.0
2015-06-01,Monthly,10.833,158.72,204.0,21899.3441301,66.13,48.66,122.23,439.04999999999995,1400.0
2015-07-01,Monthly,11.666,37.44,40.0,17177.748,40.370000000000005,53.44,26.0,336.48,0.0
2015-08-01,Monthly,13.843,35.81,690.0,31419.386046,142.6,212.02,73.1,333.75,200.0
2015-09-01,Monthly,20.416,65.75,92.0,20296.68517,10.0,56.44,119.35,480.37,500.3
2015-10-01,Monthly,25.499,46.03,65.0,11986.32097,0.0,34.12,27.2,549.99,0.0
2015-11-01,Monthly,30.692,34.75,210.0,7711.349021,20.2,18.0,76.25,499.52,0.0
2015-12-01,Monthly,28.484,21.25,10.0,15492.462486,39.13,56.61,18.55,1369.3600000000001,0.0
2016-01-01,Monthly,12.575884,182.13,0.0,12759.384167,170.18,15.0,102.65,767.505,50.0
2016-02-01,Monthly,19.14,18.5,15.0,6882.629438,50.0,151.57,0.0,300.5,150.0
2016-03-01,Monthly,21.85,27.75,80.0,15015.355108,446.2,91.0,2.0,568.24,30.0
2016-04-01,Monthly,17.24,633.25,60.0,8900.4392363,250.32,48.980000000000004,17.0,574.96,110.0
2016-05-01,Monthly,13.916,38.39,20.0,14109.91,156.42999999999998,48.879999999999995,115.2,478.31,100.0
2016-06-01,Monthly,10.372,77.58,0.0,15997.163985,38.37,33.129999999999995,291.90999999999997,979.6500000000001,50.0
2016-07-01,Monthly,13.726,15.219999999999999,0.0,23470.834000000003,385.02,7.949999999999999,76.9,707.41,305.0
2016-08-01,Monthly,27.2,224.79,0.0,13137.606808,108.55,47.47,27.4,424.76000000000005,250.0
2016-09-01,Monthly,27.7,192.27500000000003,50.0,16095.55349,500.2,73.58,347.0,593.4025,300.0
2016-10-01,Monthly,19.865,92.2,40.0,15810.19809,573.61,67.97,48.25,1529.565,150.0
2016-11-01,Monthly,13.845,115.31,0.0,22471.876447,931.3799999999999,41.9,0.0,516.855,180.0
2016-12-01,Monthly,11.04501,114.16,0.0,18292.484483,212.7,47.8,108.9,613.4825000000001,0.0
2017-01-01,Monthly,12.575884,182.13,0.0,12759.384167,170.18,15.0,102.65,767.505,50.0
2017-02-01,Monthly,17.827902,7123.000000000001,100.0,8976.95897,144.71,123.0,32.1,545.4100000000001,1.0
2017-03-01,Monthly,24.021252,170.54,110.0,32564.4026185,174.41,100.0,141.2,851.9313,20.0
2017-04-01,Monthly,34.78,93.48,60.0,9489.168017,224.8,95.0,22.7,443.4,0.0
2017-05-01,Monthly,35.39,140.22,0.0,12834.776157499999,388.25,238.12,15.0,482.067,0.0
2017-06-01,Monthly,27.99,147.14,0.0,9976.900782,53.019999999999996,137.0,38.55,438.71,0.0
2017-07-01,Monthly,20.85,175.83999999999997,0.0,19306.285568,280.40999999999997,168.41,0.0,450.13,400.0
2017-08-01,Monthly,33.92,170.64,0.0,5567.2257580000005,223.47,236.418475,104.3999999999998,642.830611548791,0.0
2017-09-01,Monthly,37.24,239.56,0.0,10789.551973,196.92,160.421475,0.0,635.418647402475,0.0
2017-10-01,Monthly,36.01,173.92000000000002,0.0,11262.360055025903,399.42,225.69212500004875,0.0,1027.268094002208,0.0
2017-11-01,Monthly,35.24,178.52,0.0,29103.008270516228,200.81,44.58613307099186,0.0,1342.052533787848,260.0
2017-12-01,Monthly,45.81,158.65999999999997,0.0,12890.016350999998,613.1,118.38835,0.0,847.93548679023,0.0
2018-01-01,Monthly,44.04,252.97,0.0,23791.555,411.22,8.1278,0.0,1003.95784474349,50.0
2018-02-01,Monthly,37.3122084,163.872549464,0.0,8895.952248,185.97,57.865624999999994,0.0,461.6397426,0.0
2018-03-01,Monthly,20.6481035,219.366977776,0.0,15721.264,1554.06,16.01745,171.9,587.26567829,0.0
2018-04-01,Monthly,17.5979955,136.363796498,0.0,9667.689424999999,393.3,20.09415,112.1,521.005422,300.0
2018-05-01,Monthly,14.940273,254.62158775999998,0.0,6928.507762900001,15.0,26.3763,64.4,557.8542801,100.0
2018-06-01,Monthly,16.593481803,109.876932766,0.0,9908.57,24.0,101.76025,49.9,717.1372934,1441.345
2018-07-01,Monthly,34.77566075,116.336607402,0.0,11735.4888785,117.08,34.401424999999996,152.2,557.6087834,0.0
2018-08-01,Monthly,25.48893588,119.13439,0.0,11668.455,128.15,102.53265,64.85,989.7047441,365.2400684
2018-09-01,Monthly,18.99158003,122.87385803999999,0.0,7554.934797,48.17,102.5678,133.6,901.1321293000001,0.0
2018-10-01,Monthly,21.49808552,113.74900000000001,0.0,13630.21861,0.0,128.054,116.05,9797.5,0.0
2018-11-01,Monthly,18.27233149,104.86255369,0.0,11497.777456,200.0,152.8255,114.44999999999999,8310.21,0.0
2018-12-01,Monthly,9.13358193,51.749701204000004,0.0,12969.9,14.0,46.413525,0.0,6942.8686677000005,500.0
2019-01-01,Monthly,6.13,52.75,0.0,13844.05,69.92,478.72,158.65,0.0,0.0
2019-02-01,Monthly,7.54,93.35,0.0,13690.31,68.1,363.89,51.9,0.0,50.0
2019-03-01,Monthly,4.64,98.17,0.0,26675.07,125.7,286.59,0.0,0.0,185.0
2019-04-01,Monthly,12.716879,203.005764,0.0,20859.99,143.85,298.957775,0.0,0.0,50.0
2019-05-01,Monthly,11.745235,223.863916,0.0,18145.988149,224.95,88.90605,242.2,51.2,0.0
2019-06-01,Monthly,10.842028,142.062015,0.0,19494.2855,0.0,128.858725,751.05,45.0,0.0
2019-07-01,Monthly,27.480366,202.222435,0.0,13598.546403,0.0,148.391925,95.35,37.6,0.0
2019-08-01,Monthly,44.690231,246.97498,0.0,23950.514282,270.0,152.23485,118.05,39.4,276.560726
2019-09-01,Monthly,31.850003,187.585372,0.0,11726.269965,0.0,144.254825,99.15,33.0,0.0
2019-10-01,Monthly,56.772307,147.272354,0.0,12499.675,0.0,106.44525,0.0,8798.226049,0.0
2019-11-01,Monthly,32.405715,192.407028,0.0,13241.665411,0.0,146.78785,85.605559,11501.291582,0.0
2019-12-01,Monthly,27.075795,159.011821,0.0,11375.89445,0.0,123.828475,0.0,11216.825629,0.0
2020-01-01,Monthly,36.303721,148.679228,0.0,20901.150947,0.0,185.617225,177.6,15501.611349,0.0
2020-02-01,Monthly,33.743648,182.592473,0.0,12193.54033,100.0,65.6009,122.4,12579.492346,236.196738
2020-03-01,Monthly,23.5903,54.5226,0.0,21458.951666,0.0,126.7885,62.85,21506.767701,15.6
2020-04-01,Monthly,43.465542,99.293158,0.0,15914.802907,0.0,22.096175,0.0,18132.882378,0.0
2020-05-01,Monthly,61.925078,90.748865,0.0,15165.478603,0.0,34.724925,0.0,8294.689851,0.0
2020-06-01,Monthly,146.241851,230.6764,0.0,18905.231281,0.0,42.0246,47.55,15447.019608,0.0
2020-07-01,Monthly,238.456294,374.894273,0.0,9516.654827,0.0,90.15895,7.8,27415.462782,5.40074
2020-08-01,Monthly,187.593647,159.745154,0.0,7872.704892,50.0,67.83335,0.0,13459.411417,117.1
2020-09-01,Monthly,217.373843,262.443197,0.0,9482.236266,0.0,162.03125,0.0,13516.334838,0.0
2020-10-01,Monthly,258.360686,253.609214,0.0,18726.922298,0.0,134.290175,0.0,14840.340748,300.0
2020-11-01,Monthly,201.374423,290.665038,0.0,17534.6869,0.0,158.767425,0.0,12844.635016,11.788
2020-12-01,Monthly,170.745043,359.139854,0.0,14325.513118,0.0,58.6716,0.0,14750.301532,0.0
2021-01-01,Monthly,44.229188,441.516539,0.0,17279.107417,0.0,75.0052,0.0,13075.844113,0.0
2021-02-01,Monthly,44.918397,259.883048,0.0,15153.297587,0.0,197.5344,0.0,9054.53391,0.0
2021-03-01,Monthly,40.448063,589.967165,0.0,26315.952745,16.8,265.63985,0.0,15558.430976,0.0
2021-04-01,Monthly,27.561315,557.957796,0.0,8169.386219,0.0,152.446725,0.0,13915.737027,117.0
2021-05-01,Monthly,20.057406,357.486789,0.0,12224.312312,0.0,88.103575,0.0,9911.069284,100.0
2021-06-01,Monthly,12.683909,363.948282,0.0,14240.702392,0.0,231.123225,49.230625,13190.419611,0.0
2021-07-01,Monthly,8.582303,271.517522,0.0,27899.617381,5.0,138.4859,25.65,11694.798724,100.0
2021-08-01,Monthly,13.542661,234.773845,0.0,17986.496033,0.0,169.505775,45.732,11304.832542,0.0
2021-09-01,Monthly,21.575907,348.215342,0.0,15824.011123,0.0,152.51945,35.7,10380.30489,0.0
2021-10-01,Monthly,24.715183,355.58562,0.0,31422.047814,35.0,114.785575,27.0,15692.106105,0.0
2021-11-01,Monthly,25.632114,353.102494,0.0,11817.956849,0.0,54.8801,0.0,14777.760725,0.0
2021-12-01,Monthly,10.022534,155.104936,0.0,8007.478463,25.0,49.491025,46.9,15013.561254,0.0
2022-01-01,Monthly,9.970862,304.382044,0.0,9505.265366,50.0,93.9657,40.05,22197.979912,0.0
2022-02-01,Monthly,32.310413,174.10358,0.0,10589.637197,65.0,97.296475,0.0,21729.056476,0.0
2022-03-01,Monthly,33.486754,277.910348,0.0,17975.21012,41.11,280.580525,31.9,29363.946875,0.0
2022-04-01,Monthly,22.422201,324.155873,0.0,17912.127769,127.426,60.87205,0.0,23153.75716,20.589564
2022-05-01,Monthly,21.987163,114.681696,0.0,25096.013385,288.287,18.744325,66.1775,21679.207783,110.0
2022-06-01,Monthly,17.923352,157.064811,0.0,26076.688093,120.639,202.651475,460.05,34053.891579,0.0
2022-07-01,Monthly,6.249987,151.156884,0.0,22077.259425,53.574,252.234,89.55,26320.785997,129.330895
2022-08-01,Monthly,12.146715,152.439206,0.0,25801.580856,43.888,53.93745,130.45,28933.067521,0.0
2022-09-01,Monthly,4.184504,166.110158,0.0,32803.951349,272.63,80.963975,117.6,21063.818219,0.0
2022-10-01,Monthly,7.505543,49.377328,0.0,21024.561305,23.37,63.3557,44.9,25103.543269,0.0
2022-11-01,Monthly,7.862235,140.065433,0.0,22607.067386,2.7,103.64035,39.75,24340.1703,0.0
2022-12-01,Monthly,9.454294,158.774791,0.0,11350.770756,0.0,61.44725,0.0,22982.770893,307.965
2023-01-01,Monthly,3.956113,148.542441,0.0,18624.910497,0.0,43.5824,12.7,17142.308944,200.0
2023-02-01,Monthly,7.77594,239.601563,0.0,21125.179752,25.1325,82.994325,18.85,27700.889782,0.0
2023-03-01,Monthly,12.978625,104.963469,0.0,31615.427863,0.0,93.64255,37.4,29179.024061,400.0
2023-04-01,Monthly,11.237375,134.388123,0.0,21108.992404,0.0,26.8836,22.45,22566.512763,30.0
2023-05-01,Monthly,13.651515,172.225409,0.0,23963.773549,0.0,15.4115,35.1,36321.428333,0.0
2023-06-01,Monthly,10.118103,314.97479,0.0,18315.4711,0.0,38.79135,225.111048,21285.957587,453.55
2023-07-01,Monthly,21.877485,280.289849,0.0,27026.052052,5.0,95.792,40.55,25741.138492,70.0
2023-08-01,Monthly,55.88353,328.345233,0.0,22408.422204,69.46,91.9426,62.65,36563.286326,80.0
2023-09-01,Monthly,53.190263,235.574557,0.0,21515.524713,14.85,74.416475,26.997422,21314.262682,382.579862
2023-10-01,Monthly,25.913856,211.395949,0.0,42600.033295,128.55,54.599625,88.65,19640.55091,794.0
2023-11-01,Monthly,19.569328,151.400161,0.0,17945.547297,74.21,11.3824,10.4,36783.752662,202.309938
2023-12-01,Monthly,13.136628,169.424493,0.0,22283.298814,47.92,0.0,11.8,30081.003974,160.0
2024-01-01,Monthly,72.991091,259.211014,0.0,25590.010022,47.530224,22.0946,179.9,24999.977304,8.9
2024-02-01,Monthly,44.851778,200.106861,0.0,21817.179767,1131.85029,70.47645,134.95,17491.189639,0.0
2024-03-01,Monthly,45.254658,302.16725,0.0,36798.882941,10.050021,288.761775,133.45,22255.191341,335.903718
2024-04-01,Monthly,59.702894,199.093041,0.0,38853.427917,32.930398,8.14885,90.6,26189.740191,378.367784
2024-05-01,Monthly,133.750098,436.952644,0.0,25548.675706,35.660804,0.0,76.7,28728.509112,487.711688
2024-06-01,Monthly,108.907311,514.975493,0.0,24673.183636,116.990851,13.504575,161.7,18159.525101,850.0
2024-07-01,Monthly,101.522601,380.084632,0.0,37860.431552,32.890482,9.697125,103.6,33744.070496,865.072422
2024-08-01,Monthly,57.022441,338.334537,0.0,46956.14631,50.000303,52.449675,85.9,46141.617729,211.810361
2024-09-01,Monthly,34.186027,319.075865,0.0,28542.312795,741.470312,4.895825,57.8,20554.446876,350.0
2024-10-01,Monthly,28.355601,606.458348,0.0,41561.401646,471.350688,40.4403,65.65,32673.432565,103.0
2024-11-01,Monthly,25.931221,433.369961,0.0,24576.438001,425.9204,73.894325,47.0,25533.523513,200.0
2024-12-01,Monthly,32.218919,315.213697,0.0,21280.236449,15.85,83.8552,35.45,19941.687479,100.0
2025-01-01,Monthly,37.787423,387.991378,0.0,26471.717954,24.220312,83.8552,103.55,21367.884679,0.0
2025-02-01,Monthly,25.413047,374.784811,0.0,26751.072663,110.475052,54.12365,34.5,25501.711912,0.0
2025-03-01,Monthly,7.05177,522.065273,0.0,42993.193067,10.625008,87.98595,36.6,24934.646806,200.0
2025-04-01,Monthly,9.019298,384.628038,0.0,67376.081995,40.150052,144.61695,101.3,29148.575625,570.0
2025-05-01,Monthly,12.311981,483.140332,0.0,48129.027067,150.000123,60.905425,89.7,26886.252583,500.0
2025-06-01,Monthly,11.308347,675.374957,0.0,35828.71743,4.450291,16.05055,91.95,23101.780784,449.6
2025-07-01,Monthly,40.171855,1049.471569,0.0,43377.751048,272.200245,53.0041,108.25,31108.738092,240.0
2025-08-01,Monthly,19.429915,1034.347833,0.0,41765.696818,350.000093,112.3752,72.95,29792.488364,90.587689
2025-09-01,Monthly,17.161268,862.643414,0.0,37836.278312,80.000102,74.610875,77.4,28932.133511,0.0
2025-10-01,Monthly,36.031906,1394.859311,0.0,43330.812545,500.000502,62.27645,68.3,31199.981555,455.0
2025-11-01,Monthly,20.20895,758.835215,0.0,72837.407381,347.74035,61.11925,38.6,29772.481153,682.8
2025-12-01,Monthly,22.224153,511.601502,0.0,39816.888803,274.415316,43.6959,47.2,22875.182178,966.859268
2026-01-01,Monthly,29.529038,817.959113,0.0,68328.4262,58.461379,22.55325,27.9,21967.873316,300.0
2026-02-01,Monthly,18.474522,520.22342,0.0,29505.292146,230.29551,11.056825,6.6,25662.3972,361.285
2026-03-01,Monthly,33.506382,618.605352,0.0,51348.909389,293.740288,48.501175,15.0,34172.969765,346.516
2026-04-01,Monthly,65.736922,754.334295,0.0,41377.353939,472.597361,48.501175,40.7,27268.834965,19.148
