date,frequency,sector,primary_agriculture,mining_quarrying,manufacturing_agro_based,electricity_gas_water,wholesale_retail_restaurants_hotels,construction,transport_storage_communication,finance_insurance_business,education_health_others,household_sector,other_sector_nec,impaired_loans
2004-12-01,Monthly,,759.879,78.444,8675.975,1230.703,5082.06,6365.792,638.439,5247.15,1142.227,19699.44,4051.064,55064.668
2005-12-01,Monthly,,628.407,64.562,6950.32,1219.551,3785.367,6186.131,637.363,5103.698,864.483,22360.056,2675.577,52162.29
2006-01-01,Monthly,,638.936,68.32,7177.158,1154.816,3993.491,6104.821,661.291,5662.543,1015.83,23388.36,3457.111,53556.379
2006-02-01,Monthly,,630.003,56.062,7201.203,1229.749,4001.734,5585.388,564.055,6001.443,997.326,23790.96,3696.854,53988.388
2006-03-01,Monthly,,705.712,51.965,7167.299,1156.991,3732.575,6315.204,531.727,4753.076,951.915,23232.965,3202.109,51992.63
2006-04-01,Monthly,,646.195,62.754,7380.02,1203.474,3995.571,6439.322,570.099,4346.261,1179.875,23928.714,2997.39,52939.354
2006-05-01,Monthly,,608.066,57.617,7345.32,952.385,4454.893,6101.056,532.871,4930.371,1143.407,24137.964,2462.231,52819.925
2006-06-01,Monthly,,661.164,55.605,7421.343,1226.798,4101.806,6368.308,526.792,4541.856,1124.949,23497.81,2443.185,52061.565
2006-07-01,Monthly,,657.116,55.268,7597.522,1228.527,4521.245,6315.829,511.276,4428.08,1133.658,23630.718,2506.344,52674.861
2006-08-01,Monthly,,660.208,55.559,7567.674,1230.811,4391.735,6342.816,545.217,4530.502,1136.429,23626.207,2376.551,52552.051
2006-09-01,Monthly,,685.061,56.817,7105.894,1246.389,4050.222,6541.305,534.221,4614.842,1108.396,23145.85,2275.232,51364.229
2006-10-01,Monthly,,604.433,57.125,7030.162,1204.222,4420.388,6430.37,542.069,4323.986,1130.683,23621.983,2079.739,51445.16
2006-11-01,Monthly,,599.593,55.591,6963.176,1214.053,4099.364,6614.475,558.394,4425.131,1126.78,23213.378,2417.385,51287.32
2006-12-01,Monthly,,576.994,56.137,6512.668,1165.444,4066.246,5817.805,539.815,4371.631,1056.314,23713.07,2066.418,49942.542
2007-01-01,Monthly,,568.667,53.735,6645.542,1161.644,4068.041,5848.121,533.186,4188.048,1072.638,23915.115,1965.672,50020.409
2007-02-01,Monthly,,599.361,40.573,6658.734,1164.324,4129.501,5826.719,534.662,4070.434,1007.914,23931.325,1842.53,49806.077
2007-03-01,Monthly,,559.605,41.839,6598.433,1163.135,4139.458,5863.61,516.821,3912.416,1071.247,23555.228,1920.531,49342.323
2007-04-01,Monthly,,564.484,45.693,6638.828,1172.232,3992.099,5868.34,528.426,3681.603,1128.007,23564.331,1853.431,49037.474
2007-05-01,Monthly,,529.121,44.308,6925.789,1170.181,3988.112,5741.089,529.18,3711.888,1076.853,23224.028,1896.91,48837.459
2007-06-01,Monthly,,552.347,43.004,6592.944,1171.818,3856.26,5393.149,517.746,3437.46,1146.782,21988.461,1715.044,46415.015
2007-07-01,Monthly,,533.93,43.578,6623.334,1172.817,3843.288,5461.901,523.333,3424.338,1109.175,21840.485,1708.094,46284.273
2007-08-01,Monthly,,469.415,43.008,6428.362,1174.435,3775.228,5246.674,492.457,3362.436,1123.73,21584.688,1644.312,45344.745
2007-09-01,Monthly,,471.748,40.963,6417.195,1178.734,3770.022,5180.725,471.124,3327.545,1040.045,20339.187,1620.838,43858.126
2007-10-01,Monthly,,471.186,40.567,6491.735,1194.204,3758.83,5162.626,483.702,3332.16,1026.443,20074.825,1660.526,43696.804
2007-11-01,Monthly,,476.867,41.79,6447.182,1129.143,3721.59,5154.173,466.828,3257.429,1003.409,19781.411,1610.049,43089.871
2007-12-01,Monthly,,474.876,41.841,6257.647,1135.444,3559.829,4869.149,428.382,3150.566,993.461,19138.637,1527.504,41577.336
2008-01-01,Monthly,,456.67,39.813,6259.375,1152.26,3558.173,4813.908,433.478,3122.72,985.179,18990.117,1477.571,41289.264
2008-02-01,Monthly,,464.304,37.407,6388.585,1158.348,3540.685,4879.014,432.431,3122.127,959.522,18765.836,1778.348,41526.607
2008-03-01,Monthly,,452.951,35.082,6269.301,1161.867,3431.097,4765.18,438.656,2955.114,903.89,18045.153,1799.301,40257.592
2008-04-01,Monthly,,419.769,36.681,6343.932,1171.609,3355.513,4790.017,421.852,2991.509,905.82,17165.887,1759.235,39361.824
2008-05-01,Monthly,,399.825,33.781,6127.47,1154.766,3050.125,4397.203,361.553,2817.469,717.7,16764.731,1865.862,37690.485
2008-06-01,Monthly,,400.136,36.878,5822.41,1155.27,2935.964,4286.251,345.947,2894.912,700.886,16471.0,1750.369,36800.023
2008-07-01,Monthly,,391.902,40.32,5761.706,1158.125,2998.098,4328.663,346.655,2873.208,692.083,16214.483,1741.4,36546.643
2008-08-01,Monthly,,370.455,39.776,5700.742,1159.389,3032.023,4420.225,344.766,2845.678,724.096,16231.393,1758.867,36627.41
2008-09-01,Monthly,,368.459,41.074,5738.759,1160.992,3017.582,4163.728,335.568,2795.121,665.638,15888.942,1690.383,35866.246
2008-10-01,Monthly,,359.423,39.638,5869.046,1165.587,3037.634,4100.284,343.743,2752.778,618.733,16147.29,1692.546,36126.702
2008-11-01,Monthly,,354.068,44.253,5897.93,1167.51,2992.08,3799.705,336.614,2633.92,510.964,16307.235,1639.95,35684.229
2008-12-01,Monthly,,358.228,45.125,5843.824,609.205,2945.101,3654.657,344.759,2548.475,505.39,16331.903,1598.311,34784.978
2009-01-01,Monthly,,376.947,51.374,5817.138,200.207,2946.647,3706.433,354.102,2602.204,488.495,16721.364,1402.955,34667.866
2009-02-01,Monthly,,375.06,50.216,5813.195,200.724,2994.845,3667.573,365.452,2641.846,450.075,16581.746,1568.496,34709.228
2009-03-01,Monthly,,371.068,45.918,5698.64,199.269,2942.099,3327.035,337.256,2285.635,313.505,16250.576,1701.8,33472.801
2009-04-01,Monthly,,353.27,44.492,5971.056,199.651,3018.7,3356.307,339.174,2247.259,321.663,16145.364,1556.323,33553.259
2009-05-01,Monthly,,345.158,44.269,6066.222,211.365,3046.841,3332.031,325.562,2218.109,334.203,16256.302,1654.338,33834.4
2009-06-01,Monthly,,327.818,40.556,5800.637,183.196,2977.547,3271.454,279.297,2464.082,319.543,15863.051,1564.729,33091.91
2009-07-01,Monthly,,317.113,39.729,5836.072,182.723,3097.054,3329.921,276.629,2555.853,403.917,15501.6,1506.545,33047.156
2009-08-01,Monthly,,338.272,182.585,5914.45,194.287,3261.796,3319.95,277.904,2425.711,379.166,15515.578,1629.357,33439.056
2009-09-01,Monthly,,422.361,185.699,6123.364,191.465,3195.759,3365.977,288.526,2390.709,385.409,15354.304,1580.299,33483.872
2009-10-01,Monthly,,396.123,191.3,5872.385,190.958,3104.385,3236.234,289.829,2354.456,378.581,15240.339,1601.548,32856.138
2009-11-01,Monthly,,333.778,179.104,5119.027,191.951,2624.323,2990.389,257.573,2127.397,327.685,13640.614,1444.153,29235.994
2009-12-01,Monthly,,359.786,181.384,5254.829,178.499,2586.863,2992.942,270.85,2174.494,196.196,13339.792,1133.417,28669.052
2013-01-01,Monthly,Bank-bank Islam / Islamic banks,67.574,142.698,714.475,19.254,,360.486,137.913,,20.558,1740.667,390.991,4051.951
2013-01-01,Monthly,Bank-bank saudagar atau pelaburan / Merchant or Investment banks,6.641,5.893,181.89,0.016,,12.338,0.0,,0.0,9.226,0.0,450.825
2013-01-01,Monthly,Jumlah / Total,325.034,187.845,5434.882,74.332,,1766.751,1510.537,,157.166,9005.574,578.736,22470.471
2013-01-01,Monthly,Bank-bank perdagangan / Commercial banks,250.819,39.254,4538.517,55.062,,1393.927,1372.624,,136.608,7255.681,187.745,17967.695
2013-02-01,Monthly,Bank-bank Islam / Islamic banks,67.06,143.271,715.309,18.94,,360.573,137.124,,22.536,1778.367,386.215,4105.684
2013-02-01,Monthly,Bank-bank saudagar atau pelaburan / Merchant or Investment banks,6.648,5.893,182.419,0.016,,11.582,0.0,,0.0,9.242,0.0,451.759
2013-02-01,Monthly,Jumlah / Total,304.923,194.412,5409.626,74.501,,1762.153,1511.114,,161.129,8884.158,568.386,22460.157
2013-02-01,Monthly,Bank-bank perdagangan / Commercial banks,231.215,45.248,4511.898,55.545,,1389.998,1373.99,,138.593,7096.549,182.171,17902.714
2013-03-01,Monthly,Bank-bank Islam / Islamic banks,77.621,118.172,661.313,18.979,,357.778,141.29,,20.076,1709.472,376.28,3970.596
2013-03-01,Monthly,Bank-bank saudagar atau pelaburan / Merchant or Investment banks,6.648,5.899,182.725,0.016,,11.521,0.0,,0.0,8.428,0.0,450.519
2013-03-01,Monthly,Jumlah / Total,314.155,170.291,5806.291,73.696,,1748.401,1530.605,,153.143,8806.357,549.618,22554.441
2013-03-01,Monthly,Bank-bank perdagangan / Commercial banks,229.886,46.22,4962.253,54.701,,1379.102,1389.315,,133.067,7088.457,173.338,18133.326
2013-04-01,Monthly,Bank-bank Islam / Islamic banks,72.976,117.597,654.947,19.103,,348.178,130.263,,28.223,1748.35,273.806,3980.216
2013-04-01,Monthly,Bank-bank saudagar atau pelaburan / Merchant or Investment banks,6.648,5.899,179.78,0.016,,11.429,0.0,,0.0,6.074,0.0,445.226
2013-04-01,Monthly,Jumlah / Total,307.198,169.847,5927.791,74.686,,1723.926,1525.685,,161.667,8762.36,448.228,22561.216
2013-04-01,Monthly,Bank-bank perdagangan / Commercial banks,227.574,46.351,5093.064,55.567,,1364.319,1395.422,,133.444,7007.936,174.422,18135.774
2013-05-01,Monthly,Bank-bank perdagangan / Commercial banks,216.205,48.222,5363.471,55.484,,1373.969,1396.244,,131.663,7136.619,175.666,18561.893
2013-05-01,Monthly,Bank-bank Islam / Islamic banks,72.246,118.497,641.882,21.929,,329.458,132.328,,33.143,1788.102,279.761,4004.632
2013-05-01,Monthly,Bank-bank saudagar atau pelaburan / Merchant or Investment banks,6.648,5.909,178.501,0.016,,11.34,0.0,,0.0,9.07,0.0,447.746
2013-05-01,Monthly,Jumlah / Total,295.099,172.628,6183.854,77.429,,1714.767,1528.572,,164.806,8933.791,455.427,23014.271
2013-06-01,Monthly,Bank-bank perdagangan / Commercial banks,232.962,33.847,5691.863,54.775,,1358.009,1426.683,,131.178,7064.577,178.061,18840.342
2013-06-01,Monthly,Bank-bank Islam / Islamic banks,62.364,119.047,538.146,0.605,,333.767,131.896,,17.347,1655.8,183.473,3699.388
2013-06-01,Monthly,Bank-bank saudagar atau pelaburan / Merchant or Investment banks,6.648,5.909,170.983,0.016,,10.783,0.0,,0.0,9.828,0.0,440.825
2013-06-01,Monthly,Jumlah / Total,301.974,158.803,6400.992,55.396,,1702.559,1558.579,,148.525,8730.205,361.534,22980.555
2013-07-01,Monthly,Bank-bank Islam / Islamic banks,60.826,118.54,677.197,0.635,,339.801,130.404,,61.38,1635.505,192.68,3860.011
2013-07-01,Monthly,Bank-bank saudagar atau pelaburan / Merchant or Investment banks,6.648,5.909,171.594,0.016,,10.753,0.0,,0.0,12.121,0.0,440.916
2013-07-01,Monthly,Jumlah / Total,282.436,156.519,6785.452,54.211,,1708.742,1561.095,,200.657,8615.414,370.951,23369.284
2013-07-01,Monthly,Bank-bank perdagangan / Commercial banks,214.962,32.07,5936.661,53.56,,1358.188,1430.691,,139.277,6967.788,178.271,19068.357
2013-08-01,Monthly,Bank-bank perdagangan / Commercial banks,228.821,27.783,5888.223,53.824,,1272.552,1482.515,,145.634,7056.26,166.128,19119.795
2013-08-01,Monthly,Bank-bank Islam / Islamic banks,42.048,118.538,534.926,0.576,,353.76,146.499,,52.495,1699.854,330.922,3908.092
2013-08-01,Monthly,Bank-bank saudagar atau pelaburan / Merchant or Investment banks,6.649,5.919,172.208,0.016,,10.557,0.0,,0.0,12.26,0.0,443.458
2013-08-01,Monthly,Jumlah / Total,277.518,152.24,6595.357,54.416,,1636.869,1629.014,,198.129,8768.374,497.05,23471.345
2013-09-01,Monthly,Bank-bank Islam / Islamic banks,41.69,118.641,525.57,2.12,,342.053,191.528,,55.405,1676.068,118.584,3678.284
2013-09-01,Monthly,Bank-bank saudagar atau pelaburan / Merchant or Investment banks,6.649,5.959,137.805,0.016,,10.462,0.0,,0.0,13.73,0.0,413.707
2013-09-01,Monthly,Jumlah / Total,361.135,152.771,6871.245,56.322,,1621.559,1670.149,,198.844,8682.064,280.084,23553.713
2013-09-01,Monthly,Bank-bank perdagangan / Commercial banks,312.796,28.171,6207.87,54.186,,1269.044,1478.621,,143.439,6992.266,161.5,19461.722
2013-10-01,Monthly,Bank-bank perdagangan / Commercial banks,293.287,31.746,6207.093,54.442,,1292.812,1522.664,,141.215,6948.783,82.187,19351.775
2013-10-01,Monthly,Bank-bank Islam / Islamic banks,42.628,118.733,522.122,2.315,,359.48,188.386,,55.407,1776.155,124.356,3793.085
2013-10-01,Monthly,Bank-bank saudagar atau pelaburan / Merchant or Investment banks,6.649,5.959,138.418,0.016,,10.369,0.0,,0.0,10.011,0.0,410.173
2013-10-01,Monthly,Jumlah / Total,342.564,156.438,6867.633,56.773,,1662.661,1711.05,,196.622,8734.949,206.543,23555.033
2013-11-01,Monthly,Bank-bank perdagangan / Commercial banks,300.724,29.725,6300.745,54.649,,1292.233,1534.813,,147.558,7052.906,134.522,19588.993
2013-11-01,Monthly,Bank-bank Islam / Islamic banks,42.148,116.792,509.97,1.471,,369.416,191.64,,33.698,1854.795,124.507,3863.43
2013-11-01,Monthly,Bank-bank saudagar atau pelaburan / Merchant or Investment banks,6.649,5.959,139.017,0.016,,10.274,0.0,,0.0,9.706,0.0,410.787
2013-11-01,Monthly,Jumlah / Total,349.521,152.476,6949.732,56.136,,1671.923,1726.453,,181.256,8917.407,259.029,23863.21
2013-12-01,Monthly,Bank-bank Islam / Islamic banks,35.266,116.709,445.854,1.455,,348.975,150.778,,34.567,1828.916,418.409,3986.567
2013-12-01,Monthly,Bank-bank saudagar atau pelaburan / Merchant or Investment banks,6.649,5.959,139.634,0.016,,17.152,0.0,,0.0,8.901,0.0,279.531
2013-12-01,Monthly,Jumlah / Total,323.289,152.71,6228.274,55.582,,1596.611,1664.093,,144.053,8932.838,537.54,22790.703
2013-12-01,Monthly,Bank-bank perdagangan / Commercial banks,281.374,30.042,5642.786,54.111,,1230.484,1513.315,,109.486,7095.021,119.131,18524.605
2014-01-01,Monthly,Bank-bank perdagangan / Commercial banks,257.975,29.661,5618.573,54.486,,1202.634,1581.816,,110.382,7035.383,143.89,18451.656
2014-01-01,Monthly,Bank-bank Islam / Islamic banks,37.313,116.976,432.775,1.387,,344.201,149.435,,22.196,1869.097,524.09,4043.23
2014-01-01,Monthly,Bank-bank saudagar atau pelaburan / Merchant or Investment banks,6.649,5.959,140.251,0.016,,17.152,0.0,,0.0,8.705,0.0,279.927
2014-01-01,Monthly,Jumlah / Total,301.937,152.596,6191.599,55.889,,1563.987,1731.251,,132.578,8913.185,667.98,22774.813
2014-02-01,Monthly,Bank-bank perdagangan / Commercial banks,258.581,31.126,5579.531,55.099,,1197.448,1585.516,,108.107,7153.796,108.169,18467.783
2014-02-01,Monthly,Bank-bank Islam / Islamic banks,38.767,116.707,453.834,1.4,,323.154,151.351,,28.92,1964.282,512.183,4120.249
2014-02-01,Monthly,Bank-bank saudagar atau pelaburan / Merchant or Investment banks,6.65,5.959,140.817,0.016,,16.275,0.0,,0.0,9.444,0.0,280.535
2014-02-01,Monthly,Jumlah / Total,303.998,153.792,6174.182,56.515,,1536.877,1736.867,,137.027,9127.522,620.352,22868.567
2014-03-01,Monthly,Bank-bank perdagangan / Commercial banks,320.864,30.6,5589.896,55.431,,1323.989,1578.579,,182.886,6923.328,108.552,18428.967
2014-03-01,Monthly,Bank-bank Islam / Islamic banks,37.988,115.647,490.928,1.326,,330.22,156.561,,37.783,1856.835,505.087,4056.085
2014-03-01,Monthly,Bank-bank saudagar atau pelaburan / Merchant or Investment banks,6.654,0.0,141.436,0.016,,9.396,0.0,,0.0,10.673,0.0,269.77
2014-03-01,Monthly,Jumlah / Total,365.506,146.247,6222.26,56.773,,1663.605,1735.14,,220.669,8790.836,613.639,22754.822
2014-04-01,Monthly,Bank-bank perdagangan / Commercial banks,299.632,35.481,5515.111,55.709,,1335.884,1577.835,,182.324,6772.029,108.863,18177.319
2014-04-01,Monthly,Bank-bank Islam / Islamic banks,33.623,115.555,692.538,2.335,,327.519,180.455,,29.275,1853.109,245.697,4022.516
2014-04-01,Monthly,Jumlah / Total,339.909,151.036,6349.687,58.06,,1672.799,1758.29,,211.599,8634.416,354.56,22467.86
2014-04-01,Monthly,Bank-bank saudagar atau pelaburan / Merchant or Investment banks,6.654,0.0,142.038,0.016,,9.396,0.0,,0.0,9.278,0.0,268.025
2014-05-01,Monthly,Bank-bank Islam / Islamic banks,34.111,115.511,666.074,28.782,,329.607,170.322,,35.695,1931.653,258.816,4123.958
2014-05-01,Monthly,Bank-bank saudagar atau pelaburan / Merchant or Investment banks,6.654,0.0,142.659,0.016,,9.396,0.0,,0.0,9.665,0.0,259.865
2014-05-01,Monthly,Jumlah / Total,333.34,155.382,6275.953,84.868,,1681.37,1829.223,,218.022,8822.671,365.496,22830.982
2014-05-01,Monthly,Bank-bank perdagangan / Commercial banks,292.575,39.871,5467.22,56.07,,1342.367,1658.901,,182.327,6881.353,106.68,18447.159
2014-06-01,Monthly,Bank-bank Islam / Islamic banks,35.006,0.194,624.291,28.798,,327.695,158.164,,36.488,1998.863,231.942,3943.693
2014-06-01,Monthly,Bank-bank saudagar atau pelaburan / Merchant or Investment banks,6.654,0.0,143.263,0.016,,48.988,0.0,,0.0,8.781,0.0,299.219
2014-06-01,Monthly,Jumlah / Total,344.86,36.526,6109.216,91.992,,1722.894,1809.192,,215.406,8858.916,337.146,22536.264
2014-06-01,Monthly,Bank-bank perdagangan / Commercial banks,303.2,36.332,5341.662,63.178,,1346.211,1651.028,,178.918,6851.272,105.204,18293.352
2014-07-01,Monthly,Bank-bank perdagangan / Commercial banks,296.189,34.876,5258.497,63.52,,1191.256,1642.394,,172.099,6914.991,103.224,18119.08
2014-07-01,Monthly,Bank-bank saudagar atau pelaburan / Merchant or Investment banks,6.654,0.0,143.886,0.016,,49.298,0.0,,0.0,8.867,0.0,314.795
2014-07-01,Monthly,Jumlah / Total,336.889,35.36,5989.988,85.076,,1567.514,1813.034,,208.373,8865.873,393.944,22458.304
2014-07-01,Monthly,Bank-bank Islam / Islamic banks,34.046,0.484,587.605,21.54,,326.96,170.64,,36.274,1942.015,290.72,4024.429
2014-08-01,Monthly,Bank-bank Islam / Islamic banks,35.646,0.127,578.929,26.063,,310.979,174.676,,37.819,1961.132,260.673,3988.741
2014-08-01,Monthly,Bank-bank saudagar atau pelaburan / Merchant or Investment banks,6.654,0.0,144.509,0.016,,48.939,0.0,,0.0,11.571,0.0,283.3
2014-08-01,Monthly,Jumlah / Total,335.332,35.286,5970.303,89.267,,1578.795,1825.51,,207.201,8841.633,381.14,22379.524
2014-08-01,Monthly,Bank-bank perdagangan / Commercial banks,293.032,35.159,5246.865,63.188,,1218.877,1650.834,,169.382,6868.93,120.467,18107.483
2014-09-01,Monthly,Bank-bank Islam / Islamic banks,37.836,0.208,565.118,25.887,,333.185,176.72,,48.233,1993.549,217.776,4118.919
2014-09-01,Monthly,Bank-bank saudagar atau pelaburan / Merchant or Investment banks,6.654,0.0,145.115,0.016,,48.939,0.0,,0.0,8.457,0.0,279.53
2014-09-01,Monthly,Jumlah / Total,298.674,42.449,5884.853,48.135,,1591.443,1841.778,,237.21,8798.949,343.592,23108.269
2014-09-01,Monthly,Bank-bank perdagangan / Commercial banks,254.184,42.241,5174.62,22.232,,1209.319,1665.058,,188.977,6796.943,125.816,18709.82
2014-10-01,Monthly,Bank-bank perdagangan / Commercial banks,188.838,39.937,5071.646,20.023,,1564.094,1669.211,,187.838,6778.007,106.265,18554.318
2014-10-01,Monthly,Bank-bank saudagar atau pelaburan / Merchant or Investment banks,6.654,0.0,145.681,0.016,,48.942,0.0,,0.0,7.843,0.0,319.112
2014-10-01,Monthly,Jumlah / Total,230.629,40.176,5782.921,43.967,,1943.371,1842.822,,225.339,8800.521,325.145,22885.634
2014-10-01,Monthly,Bank-bank Islam / Islamic banks,35.137,0.239,565.594,23.928,,330.335,173.611,,37.501,2014.671,218.88,4012.204
2014-11-01,Monthly,Bank-bank Islam / Islamic banks,30.583,0.317,616.132,23.954,,344.661,173.445,,40.332,2032.58,244.431,4076.722
2014-11-01,Monthly,Bank-bank saudagar atau pelaburan / Merchant or Investment banks,6.654,0.0,146.29,0.016,,48.943,0.0,,0.0,10.164,0.0,325.674
2014-11-01,Monthly,Jumlah / Total,238.706,30.544,5476.823,41.952,,1941.502,1814.348,,220.959,8822.147,345.046,22548.66
2014-11-01,Monthly,Bank-bank perdagangan / Commercial banks,201.469,30.227,4714.401,17.982,,1547.898,1640.903,,180.627,6779.403,100.615,18146.264
2014-12-01,Monthly,Bank-bank Islam / Islamic banks,31.034,0.426,529.537,23.699,,315.326,260.488,,41.493,1998.761,202.243,3995.917
2014-12-01,Monthly,Bank-bank saudagar atau pelaburan / Merchant or Investment banks,6.654,0.0,146.33,0.016,,9.401,0.0,,0.0,8.313,3.084,360.198
2014-12-01,Monthly,Jumlah / Total,214.249,28.989,5262.369,41.925,,1805.48,1845.204,,214.074,8826.283,305.253,22179.126
2014-12-01,Monthly,Bank-bank perdagangan / Commercial banks,176.561,28.563,4586.502,18.21,,1480.753,1584.716,,172.581,6819.209,99.926,17823.011
2015-01-01,Monthly,Bank-bank perdagangan / Commercial banks,175.563,27.695,4556.317,18.093,,1454.675,1595.074,,166.077,6624.077,100.342,17596.133
2015-01-01,Monthly,Bank-bank Islam / Islamic banks,30.561,0.615,519.876,21.872,,349.095,256.953,,38.883,2014.724,201.851,4347.873
2015-01-01,Monthly,Bank-bank saudagar atau pelaburan / Merchant or Investment banks,6.654,0.0,146.373,0.016,,9.399,0.0,,0.0,8.874,3.079,360.767
2015-01-01,Monthly,Jumlah / Total,212.778,28.31,5222.566,39.981,,1813.169,1852.027,,204.96,8647.675,305.272,22304.773
2015-02-01,Monthly,Bank-bank Islam / Islamic banks,30.635,0.89,531.588,21.729,,302.676,289.574,,38.95,2152.415,205.962,4468.721
2015-02-01,Monthly,Bank-bank saudagar atau pelaburan / Merchant or Investment banks,6.654,0.0,146.36,0.016,,9.401,0.0,,0.0,9.128,0.0,307.49
2015-02-01,Monthly,Jumlah / Total,210.749,28.545,4904.664,37.701,,1712.087,1935.207,,232.163,9189.45,303.912,22553.594
2015-02-01,Monthly,Bank-bank perdagangan / Commercial banks,173.46,27.655,4226.716,15.956,,1400.01,1645.633,,193.213,7027.907,97.95,17777.383
2015-03-01,Monthly,Bank-bank perdagangan / Commercial banks,175.477,29.622,4139.351,3.776,,1305.622,1624.683,,163.742,6863.073,99.123,17513.654
2015-03-01,Monthly,Bank-bank Islam / Islamic banks,45.8,0.613,601.938,22.031,,296.387,297.406,,44.883,2035.047,203.122,4398.945
2015-03-01,Monthly,Bank-bank saudagar atau pelaburan / Merchant or Investment banks,6.689,0.0,146.403,0.016,,9.4,0.0,,0.0,12.046,0.0,303.484
2015-03-01,Monthly,Jumlah / Total,227.966,30.235,4887.692,25.823,,1611.409,1922.089,,208.625,8910.166,302.245,22216.083
2015-04-01,Monthly,Bank-bank Islam / Islamic banks,45.746,88.667,593.482,20.3,,269.259,220.363,,42.944,1982.585,197.701,4376.794
2015-04-01,Monthly,Bank-bank saudagar atau pelaburan / Merchant or Investment banks,6.689,0.0,146.425,0.016,,24.399,0.0,,0.0,11.091,0.0,316.957
2015-04-01,Monthly,Jumlah / Total,218.062,215.844,4262.674,22.372,,1560.339,1818.252,,207.025,8551.618,293.942,21315.993
2015-04-01,Monthly,Bank-bank perdagangan / Commercial banks,165.627,127.177,3522.767,2.056,,1266.681,1597.889,,164.081,6557.942,96.241,16622.242
2015-05-01,Monthly,Bank-bank Islam / Islamic banks,45.543,91.059,551.939,75.137,,319.289,230.02,,44.709,2000.235,235.115,4612.664
2015-05-01,Monthly,Bank-bank saudagar atau pelaburan / Merchant or Investment banks,6.689,0.0,146.464,0.016,,24.404,0.0,,0.0,6.292,0.0,312.442
2015-05-01,Monthly,Jumlah / Total,234.69,225.19,4236.982,77.481,,1589.266,1896.531,,311.861,8735.36,330.285,21918.308
2015-05-01,Monthly,Bank-bank perdagangan / Commercial banks,182.458,134.131,3538.579,2.328,,1245.573,1666.511,,267.152,6728.833,95.17,16993.202
2015-06-01,Monthly,Bank-bank Islam / Islamic banks,41.509,93.75,543.136,73.555,,289.621,246.355,,49.557,1944.049,179.596,4550.489
2015-06-01,Monthly,Bank-bank saudagar atau pelaburan / Merchant or Investment banks,6.689,0.0,147.067,0.016,,9.332,0.0,,0.0,6.062,0.0,305.037
2015-06-01,Monthly,Jumlah / Total,383.676,232.284,4276.497,75.911,,1606.291,1911.116,,315.168,8624.404,460.65,22520.631
2015-06-01,Monthly,Bank-bank perdagangan / Commercial banks,335.478,138.534,3586.294,2.34,,1307.338,1664.761,,265.611,6674.293,281.054,17665.105
2015-07-01,Monthly,Bank-bank Islam / Islamic banks,41.39,89.875,490.241,74.627,,331.483,278.593,,88.772,1958.568,166.781,4601.182
2015-07-01,Monthly,Bank-bank saudagar atau pelaburan / Merchant or Investment banks,6.689,0.0,147.687,0.016,,9.332,0.0,,0.0,6.7,0.0,298.21
2015-07-01,Monthly,Jumlah / Total,387.063,230.521,4239.431,76.824,,1781.857,1909.112,,331.274,8735.15,409.387,22619.354
2015-07-01,Monthly,Bank-bank perdagangan / Commercial banks,338.984,140.646,3601.503,2.181,,1441.042,1630.519,,242.502,6769.882,242.606,17719.962
2015-08-01,Monthly,Bank-bank perdagangan / Commercial banks,333.118,134.737,3314.486,98.161,,1408.403,1660.337,,236.277,6826.577,236.804,17605.032
2015-08-01,Monthly,Bank-bank Islam / Islamic banks,41.772,97.351,478.412,66.524,,354.041,279.201,,87.99,2007.881,205.292,4731.205
2015-08-01,Monthly,Bank-bank saudagar atau pelaburan / Merchant or Investment banks,6.689,0.0,148.305,0.016,,24.404,0.0,,0.0,6.968,0.0,328.848
2015-08-01,Monthly,Jumlah / Total,381.579,232.088,3941.203,164.701,,1786.848,1939.538,,324.267,8841.426,442.096,22665.085
2015-09-01,Monthly,Bank-bank Islam / Islamic banks,42.625,100.741,511.607,66.505,,236.534,450.713,,98.111,2050.817,204.985,4862.43
2015-09-01,Monthly,Bank-bank saudagar atau pelaburan / Merchant or Investment banks,6.689,0.0,148.901,0.016,,22.365,0.0,,20.0,6.861,0.0,365.73
2015-09-01,Monthly,Jumlah / Total,396.4,237.316,4199.127,164.098,,1652.481,2121.503,,354.465,8825.25,442.053,23101.133
2015-09-01,Monthly,Bank-bank perdagangan / Commercial banks,347.086,136.575,3538.619,97.577,,1393.582,1670.79,,236.354,6767.572,237.068,17872.973
2015-10-01,Monthly,Bank-bank Islam / Islamic banks,40.486,96.669,487.039,66.809,,176.254,473.207,,91.278,2128.056,168.181,4809.164
2015-10-01,Monthly,Bank-bank saudagar atau pelaburan / Merchant or Investment banks,3.8,0.0,149.024,0.016,,14.134,0.0,,0.0,7.537,0.0,432.206
2015-10-01,Monthly,Jumlah / Total,383.375,229.457,4209.408,164.735,,1578.823,2132.391,,331.642,8746.299,395.513,22862.021
2015-10-01,Monthly,Bank-bank perdagangan / Commercial banks,339.089,132.788,3573.345,97.91,,1388.435,1659.184,,240.364,6610.706,227.332,17620.651
2015-11-01,Monthly,Bank-bank perdagangan / Commercial banks,342.146,126.221,3627.815,97.855,,1368.599,1659.791,,246.508,6794.438,228.082,17792.342
2015-11-01,Monthly,Bank-bank Islam / Islamic banks,33.891,95.02,526.392,66.674,,250.813,410.911,,93.276,2029.051,167.501,4787.528
2015-11-01,Monthly,Bank-bank saudagar atau pelaburan / Merchant or Investment banks,3.8,0.0,149.64,0.016,,13.128,0.0,,0.0,7.778,0.0,432.934
2015-11-01,Monthly,Jumlah / Total,379.837,221.241,4303.847,164.545,,1632.54,2070.702,,339.784,8831.267,395.583,23012.804
2015-12-01,Monthly,Bank-bank perdagangan / Commercial banks,341.493,126.517,3683.671,99.078,,1414.972,1659.07,,252.798,6661.758,226.861,18058.596
2015-12-01,Monthly,Bank-bank saudagar atau pelaburan / Merchant or Investment banks,3.8,0.0,150.273,0.016,,27.221,0.0,,0.0,7.173,0.0,448.721
2015-12-01,Monthly,Jumlah / Total,379.695,220.736,4261.317,161.124,,1706.174,2065.273,,302.566,8675.726,472.708,23180.394
2015-12-01,Monthly,Bank-bank Islam / Islamic banks,34.402,94.219,427.373,62.03,,263.981,406.203,,49.768,2006.795,245.847,4673.077
2016-01-01,Monthly,Bank-bank perdagangan / Commercial banks,325.242,121.078,3620.413,2.048,,1436.933,1543.413,,251.687,6751.429,330.897,18057.255
2016-01-01,Monthly,Jumlah / Total,364.9,228.427,4316.115,26.674,,1737.607,1937.196,,336.818,8757.612,472.709,23274.847
2016-01-01,Monthly,Bank-bank Islam / Islamic banks,35.858,107.349,544.984,24.61,,274.371,393.783,,85.131,1998.609,141.812,4770.863
2016-01-01,Monthly,Bank-bank saudagar atau pelaburan / Merchant or Investment banks,3.8,0.0,150.718,0.016,,26.303,0.0,,0.0,7.574,0.0,446.729
2016-02-01,Monthly,Bank-bank perdagangan / Commercial banks,328.156,114.934,3556.402,1.976,,1472.98,1652.869,,254.511,6902.536,307.261,18345.786
2016-02-01,Monthly,Bank-bank Islam / Islamic banks,85.071,92.939,573.766,23.824,,264.673,397.933,,56.257,2171.055,139.112,4976.216
2016-02-01,Monthly,Bank-bank saudagar atau pelaburan / Merchant or Investment banks,3.8,0.0,151.133,0.0,,23.611,0.0,,0.0,7.272,0.0,445.346
2016-02-01,Monthly,Jumlah / Total,417.027,207.873,4281.301,25.8,,1761.264,2050.802,,310.768,9080.863,446.373,23767.348
2016-03-01,Monthly,Bank-bank Islam / Islamic banks,91.206,85.446,585.105,23.741,,294.032,374.195,,78.477,1943.676,138.048,4747.649
2016-03-01,Monthly,Bank-bank saudagar atau pelaburan / Merchant or Investment banks,3.8,0.0,151.578,0.0,,12.44,0.0,,0.0,7.151,0.0,432.504
2016-03-01,Monthly,Jumlah / Total,415.659,189.956,4318.322,25.915,,1784.965,1970.849,,322.894,8590.707,425.51,23191.376
2016-03-01,Monthly,Bank-bank perdagangan / Commercial banks,320.653,104.51,3581.639,2.174,,1478.493,1596.654,,244.417,6639.88,287.462,18011.223
2016-04-01,Monthly,Bank-bank Islam / Islamic banks,90.371,87.245,633.509,23.459,,235.273,370.327,,53.165,2043.404,142.269,4805.643
2016-04-01,Monthly,Bank-bank saudagar atau pelaburan / Merchant or Investment banks,3.8,0.0,152.007,0.0,,5.795,0.0,,0.0,6.542,0.0,517.794
2016-04-01,Monthly,Jumlah / Total,413.676,189.917,4173.512,25.547,,1705.006,1952.793,,293.251,8740.157,431.559,23153.453
2016-04-01,Monthly,Bank-bank perdagangan / Commercial banks,319.505,102.672,3387.996,2.088,,1463.938,1582.466,,240.086,6690.211,289.29,17830.016
2016-05-01,Monthly,Bank-bank Islam / Islamic banks,90.383,224.671,604.628,17.65,,565.581,367.416,,58.665,2090.253,138.452,5349.984
2016-05-01,Monthly,Bank-bank saudagar atau pelaburan / Merchant or Investment banks,3.8,0.0,152.451,0.0,,5.11,0.0,,0.0,6.539,0.0,501.639
2016-05-01,Monthly,Jumlah / Total,400.108,352.234,4362.337,19.742,,2081.275,1949.268,,299.207,8835.497,421.672,23915.906
2016-05-01,Monthly,Bank-bank perdagangan / Commercial banks,305.925,127.563,3605.258,2.092,,1510.584,1581.852,,240.542,6738.705,283.22,18064.283
2016-06-01,Monthly,Bank-bank Islam / Islamic banks,127.92,221.124,589.462,17.082,,815.654,340.234,,80.267,1979.775,158.42,5503.218
2016-06-01,Monthly,Bank-bank saudagar atau pelaburan / Merchant or Investment banks,3.8,0.0,152.882,0.0,,0.085,0.0,,0.0,6.577,0.0,498.161
2016-06-01,Monthly,Jumlah / Total,425.002,347.259,4413.681,112.944,,2284.376,2028.313,,315.412,8646.802,438.212,24166.767
2016-06-01,Monthly,Bank-bank perdagangan / Commercial banks,293.282,126.135,3671.337,95.862,,1468.637,1688.079,,235.145,6660.45,279.792,18165.388
2016-07-01,Monthly,Bank-bank Islam / Islamic banks,121.304,222.234,613.064,16.801,,699.66,358.222,,65.277,2148.305,151.088,5542.213
2016-07-01,Monthly,Bank-bank saudagar atau pelaburan / Merchant or Investment banks,3.8,0.0,153.326,0.0,,0.085,0.0,,0.0,6.67,0.0,498.414
2016-07-01,Monthly,Jumlah / Total,415.258,374.006,4685.879,123.088,,2078.096,2057.1,,300.273,9000.507,431.294,24710.99
2016-07-01,Monthly,Bank-bank perdagangan / Commercial banks,290.154,151.772,3919.489,106.287,,1378.351,1698.878,,234.996,6845.532,280.206,18670.363
2016-08-01,Monthly,Bank-bank perdagangan / Commercial banks,287.207,152.512,3829.085,100.72,,1473.007,1659.279,,149.29,6843.021,263.389,18503.439
2016-08-01,Monthly,Bank-bank Islam / Islamic banks,110.811,220.876,600.577,16.019,,669.857,355.329,,68.24,2154.6,149.208,5505.642
2016-08-01,Monthly,Bank-bank saudagar atau pelaburan / Merchant or Investment banks,3.8,0.0,149.983,0.0,,0.085,0.0,,0.0,6.713,0.0,395.466
2016-08-01,Monthly,Jumlah / Total,401.818,373.388,4579.645,116.739,,2142.949,2014.608,,217.53,9004.334,412.597,24404.547
2016-09-01,Monthly,Bank-bank perdagangan / Commercial banks,230.833,165.96,3962.713,104.654,,1404.534,1631.791,,153.331,6885.872,250.54,18520.946
2016-09-01,Monthly,Bank-bank saudagar atau pelaburan / Merchant or Investment banks,0.0,0.0,150.413,0.0,,0.086,0.0,,0.0,7.902,0.0,386.937
2016-09-01,Monthly,Jumlah / Total,286.018,388.513,4675.798,120.608,,2132.521,1979.559,,218.722,9065.731,399.406,24434.885
2016-09-01,Monthly,Bank-bank Islam / Islamic banks,55.185,222.553,562.672,15.954,,727.901,347.768,,65.391,2171.957,148.866,5527.002
2016-10-01,Monthly,Bank-bank perdagangan / Commercial banks,242.914,167.766,4094.649,102.376,,1430.717,1617.098,,154.008,6984.607,250.249,18730.089
2016-10-01,Monthly,Bank-bank Islam / Islamic banks,55.257,227.28,562.467,15.004,,728.869,331.848,,65.779,2244.029,146.575,5534.871
2016-10-01,Monthly,Bank-bank saudagar atau pelaburan / Merchant or Investment banks,0.0,0.0,110.606,0.0,,0.086,0.0,,0.0,7.985,0.0,325.306
2016-10-01,Monthly,Jumlah / Total,298.171,395.046,4767.722,117.38,,2159.672,1948.946,,219.787,9236.621,396.824,24590.266
2016-11-01,Monthly,Bank-bank perdagangan / Commercial banks,241.531,190.289,4089.201,103.326,,1347.044,1630.121,,57.995,6991.937,255.022,18525.572
2016-11-01,Monthly,Bank-bank saudagar atau pelaburan / Merchant or Investment banks,0.0,0.0,111.036,0.0,,0.086,0.0,,0.0,7.685,90.082,413.432
2016-11-01,Monthly,Jumlah / Total,296.551,740.993,4750.075,117.469,,1722.014,1961.613,,112.858,9273.571,491.723,24512.466
2016-11-01,Monthly,Bank-bank Islam / Islamic banks,55.02,550.704,549.838,14.143,,374.884,331.492,,54.863,2273.949,146.619,5573.462
2016-12-01,Monthly,Bank-bank Islam / Islamic banks,54.392,482.195,466.322,13.358,,236.125,632.627,,53.054,2255.491,171.474,5497.428
2016-12-01,Monthly,Bank-bank saudagar atau pelaburan / Merchant or Investment banks,0.0,0.0,111.48,0.0,,0.143,0.0,,0.0,7.517,89.169,411.435
2016-12-01,Monthly,Jumlah / Total,294.241,654.408,4199.848,108.129,,1565.728,2257.793,,101.771,9252.048,919.367,24515.717
2016-12-01,Monthly,Bank-bank perdagangan / Commercial banks,239.849,172.213,3622.046,94.771,,1329.46,1625.166,,48.717,6989.04,658.724,18606.854
2017-01-01,Monthly,Bank-bank perdagangan / Commercial banks,239.271,170.729,3665.099,94.903,,1313.332,1621.624,,48.491,7020.619,650.473,18669.323
2017-01-01,Monthly,Bank-bank Islam / Islamic banks,19.489,470.404,456.2,39.56,,222.63,632.339,,54.815,2317.524,94.534,5482.467
2017-01-01,Monthly,Bank-bank saudagar atau pelaburan / Merchant or Investment banks,0.0,0.0,111.925,0.0,,0.144,0.0,,0.0,15.478,88.877,421.698
2017-01-01,Monthly,Jumlah / Total,258.76,641.133,4233.224,134.463,,1536.106,2253.963,,103.306,9353.621,833.884,24573.488
2017-02-01,Monthly,Bank-bank perdagangan / Commercial banks,235.822,144.525,3690.212,97.154,,1308.859,1626.401,,61.095,7101.719,649.208,18889.509
2017-02-01,Monthly,Bank-bank Islam / Islamic banks,16.277,470.471,470.583,39.189,,211.216,629.296,,59.484,2393.568,94.941,5608.327
2017-02-01,Monthly,Bank-bank saudagar atau pelaburan / Merchant or Investment banks,0.0,0.0,112.329,0.0,,0.142,0.0,,0.0,8.12,88.793,418.004
2017-02-01,Monthly,Jumlah / Total,252.099,614.996,4273.124,136.343,,1520.217,2255.697,,120.579,9503.407,832.942,24915.84
2017-03-01,Monthly,Bank-bank perdagangan / Commercial banks,233.357,138.491,3739.231,96.061,,1305.96,1601.983,,64.979,6795.358,716.504,18918.965
2017-03-01,Monthly,Bank-bank Islam / Islamic banks,16.789,471.632,447.048,39.177,,222.522,627.481,,61.059,2272.544,95.113,5617.697
2017-03-01,Monthly,Bank-bank saudagar atau pelaburan / Merchant or Investment banks,0.0,0.0,106.323,0.0,,0.143,0.0,,0.0,8.481,86.346,409.371
2017-03-01,Monthly,Jumlah / Total,250.146,610.123,4292.602,135.238,,1528.625,2229.464,,126.038,9076.383,897.963,24946.033
2017-04-01,Monthly,Bank-bank Islam / Islamic banks,17.566,467.011,442.172,39.317,,226.542,641.295,,62.797,2377.903,91.478,5786.679
2017-04-01,Monthly,Bank-bank saudagar atau pelaburan / Merchant or Investment banks,0.0,0.0,106.753,0.0,,0.143,0.0,,0.0,8.604,86.899,366.578
2017-04-01,Monthly,Jumlah / Total,245.58,609.312,4290.212,135.493,,1575.737,2242.641,,204.129,9315.812,947.446,25479.751
2017-04-01,Monthly,Bank-bank perdagangan / Commercial banks,228.014,142.301,3741.287,96.176,,1349.052,1601.346,,141.332,6929.305,769.069,19326.494
2017-05-01,Monthly,Bank-bank Islam / Islamic banks,17.802,470.158,438.932,39.633,,229.426,640.565,,57.089,2430.142,129.897,5893.285
2017-05-01,Monthly,Bank-bank saudagar atau pelaburan / Merchant or Investment banks,0.0,0.0,92.11,0.0,,0.143,0.0,,0.0,9.204,87.471,353.816
2017-05-01,Monthly,Jumlah / Total,244.475,624.604,4347.968,136.554,,1549.014,2141.255,,227.994,9378.228,967.178,25697.725
2017-05-01,Monthly,Bank-bank perdagangan / Commercial banks,226.673,154.446,3816.926,96.921,,1319.445,1500.69,,170.905,6938.882,749.81,19450.624
2017-06-01,Monthly,Bank-bank perdagangan / Commercial banks,226.021,160.391,3515.182,99.316,,1264.199,1530.776,,170.384,6971.647,653.202,19035.878
2017-06-01,Monthly,Bank-bank Islam / Islamic banks,17.764,472.527,524.406,40.105,,217.583,766.531,,79.544,2419.254,179.182,6152.066
2017-06-01,Monthly,Bank-bank saudagar atau pelaburan / Merchant or Investment banks,0.0,0.0,92.455,0.0,,0.143,0.0,,0.0,9.035,89.853,352.979
2017-06-01,Monthly,Jumlah / Total,243.785,632.918,4132.043,139.421,,1481.925,2297.307,,249.928,9399.936,922.237,25540.923
2017-07-01,Monthly,Bank-bank Islam / Islamic banks,36.312,474.939,519.471,39.91,,238.33,760.188,,80.858,2470.528,173.279,6229.824
2017-07-01,Monthly,Bank-bank saudagar atau pelaburan / Merchant or Investment banks,0.0,0.0,85.312,0.0,,0.169,0.0,,0.0,9.562,100.972,340.86
2017-07-01,Monthly,Jumlah / Total,268.281,653.565,4403.372,137.672,,1479.385,2337.376,,236.898,9509.395,927.384,26098.924
2017-07-01,Monthly,Bank-bank perdagangan / Commercial banks,231.969,178.626,3798.589,97.762,,1240.886,1577.188,,156.04,7029.305,653.133,19528.24
2017-08-01,Monthly,Bank-bank perdagangan / Commercial banks,230.416,185.74,3815.15,98.809,,1191.532,1526.843,,175.376,7040.49,649.888,19423.853
2017-08-01,Monthly,Bank-bank Islam / Islamic banks,36.158,477.21,518.248,39.831,,236.456,759.089,,73.251,2450.735,182.331,6221.164
2017-08-01,Monthly,Bank-bank saudagar atau pelaburan / Merchant or Investment banks,0.0,0.0,85.667,0.0,,0.168,0.0,,0.0,9.547,101.108,331.165
2017-08-01,Monthly,Jumlah / Total,266.574,662.95,4419.065,138.64,,1428.156,2285.932,,248.627,9500.772,933.327,25976.182
2017-09-01,Monthly,Bank-bank perdagangan / Commercial banks,229.916,184.385,3759.314,99.04,,1183.97,1534.946,,152.089,7047.339,652.691,19328.511
2017-09-01,Monthly,Bank-bank Islam / Islamic banks,33.838,384.849,437.424,39.681,,241.49,716.03,,67.316,2471.598,486.701,6358.867
2017-09-01,Monthly,Bank-bank saudagar atau pelaburan / Merchant or Investment banks,0.0,0.0,86.013,0.0,,0.169,0.0,,0.0,9.666,101.216,331.775
2017-09-01,Monthly,Jumlah / Total,263.754,569.234,4282.751,138.721,,1425.629,2250.976,,219.405,9528.603,1240.608,26019.153
2017-10-01,Monthly,Bank-bank Islam / Islamic banks,31.153,376.959,427.788,39.518,,243.158,700.741,,66.577,2471.098,472.355,6175.286
2017-10-01,Monthly,Bank-bank saudagar atau pelaburan / Merchant or Investment banks,0.0,0.0,86.369,0.0,,0.169,0.0,,0.0,7.293,101.325,330.34
2017-10-01,Monthly,Jumlah / Total,259.517,559.879,4305.131,139.218,,1441.048,2233.399,,219.554,9465.9,1219.693,25763.051
2017-10-01,Monthly,Bank-bank perdagangan / Commercial banks,228.364,182.92,3790.974,99.7,,1197.721,1532.658,,152.977,6987.509,646.013,19257.425
2017-11-01,Monthly,Bank-bank perdagangan / Commercial banks,198.181,178.602,3664.933,100.242,,1200.986,1527.153,,144.768,6931.687,591.254,18982.009
2017-11-01,Monthly,Bank-bank Islam / Islamic banks,30.841,380.552,434.26,38.079,,354.826,712.844,,64.856,2504.047,373.859,5979.861
2017-11-01,Monthly,Bank-bank saudagar atau pelaburan / Merchant or Investment banks,0.0,12.113,86.714,0.0,,0.169,0.0,,0.0,7.27,101.426,253.04
2017-11-01,Monthly,Jumlah / Total,229.022,571.267,4185.907,138.321,,1555.981,2239.997,,209.624,9443.004,1066.539,25214.91
2017-12-01,Monthly,Bank-bank Islam / Islamic banks,31.911,379.853,383.139,40.809,,405.943,682.584,,49.921,2452.025,362.563,5913.399
2017-12-01,Monthly,Bank-bank saudagar atau pelaburan / Merchant or Investment banks,0.0,12.182,87.069,0.0,,36.715,0.0,,0.0,8.067,101.536,290.815
2017-12-01,Monthly,Jumlah / Total,228.664,558.202,3685.071,141.494,,1620.886,2495.037,,213.928,9188.741,685.238,24499.226
2017-12-01,Monthly,Bank-bank perdagangan / Commercial banks,196.753,166.167,3214.863,100.685,,1178.228,1812.453,,164.007,6728.649,221.139,18295.012
2018-01-01,Monthly,Bank-bank Islam / Islamic banks,32.502,374.048,390.887,59.929,,413.215,672.999,,48.999,2483.289,329.291,6023.659
2018-01-01,Monthly,Bank-bank saudagar atau pelaburan / Merchant or Investment banks,0.0,12.253,87.427,0.0,,36.714,0.0,,0.0,7.83,101.371,290.638
2018-01-01,Monthly,Jumlah / Total,179.772,546.611,3564.196,161.081,,1649.652,2488.942,,212.568,8950.865,653.769,24331.468
2018-01-01,Monthly,,179.772,546.611,3564.196,161.081,2417.841,1649.652,2488.942,3506.171,212.568,8950.865,653.769,24331.468
2018-01-01,Monthly,Bank-bank perdagangan / Commercial banks,147.27,160.31,3085.882,101.152,,1199.723,1815.943,,163.569,6459.746,223.107,18017.171
2018-02-01,Monthly,,172.97,549.079,3368.069,160.793,2462.082,1787.869,2453.093,3642.22,229.824,9205.094,613.409,24644.502
2018-02-01,Monthly,Bank-bank perdagangan / Commercial banks,135.479,159.831,2894.185,101.56,,1247.669,1802.379,,178.969,6589.082,222.389,18170.912
2018-02-01,Monthly,Bank-bank Islam / Islamic banks,37.491,376.929,386.135,59.233,,503.485,650.714,,50.855,2599.997,289.867,6174.641
2018-02-01,Monthly,Bank-bank saudagar atau pelaburan / Merchant or Investment banks,0.0,12.319,87.749,0.0,,36.715,0.0,,0.0,16.015,101.153,298.949
2018-02-01,Monthly,Jumlah / Total,172.97,549.079,3368.069,160.793,,1787.869,2453.093,,229.824,9205.094,613.409,24644.502
2018-03-01,Monthly,,158.096,837.756,3185.151,160.678,2520.513,1981.687,2421.485,3691.062,225.446,9086.465,753.916,25022.255
2018-03-01,Monthly,Bank-bank perdagangan / Commercial banks,115.42,164.28,2737.591,102.13,,1304.704,1766.857,,175.789,6521.032,345.53,18142.069
2018-03-01,Monthly,Bank-bank Islam / Islamic banks,42.676,661.057,359.455,58.548,,640.269,654.628,,49.657,2557.692,307.389,6589.265
2018-03-01,Monthly,Bank-bank saudagar atau pelaburan / Merchant or Investment banks,0.0,12.419,88.105,0.0,,36.714,0.0,,0.0,7.741,100.997,290.921
2018-03-01,Monthly,Jumlah / Total,158.096,837.756,3185.151,160.678,,1981.687,2421.485,,225.446,9086.465,753.916,25022.255
2018-04-01,Monthly,Bank-bank Islam / Islamic banks,44.402,647.035,354.15,57.891,,703.938,654.577,,122.005,3222.591,310.976,7403.786
2018-04-01,Monthly,Bank-bank saudagar atau pelaburan / Merchant or Investment banks,0.0,15.097,88.45,0.0,,36.714,0.0,,0.0,4.762,101.495,291.38
2018-04-01,Monthly,Jumlah / Total,151.722,827.391,3138.376,160.365,,2129.131,2449.316,,303.475,9780.92,763.213,25991.049
2018-04-01,Monthly,,151.722,827.391,3138.376,160.365,2541.355,2129.131,2449.316,3745.785,303.475,9780.92,763.213,25991.049
2018-04-01,Monthly,Bank-bank perdagangan / Commercial banks,107.32,165.259,2695.776,102.474,,1388.479,1794.739,,181.47,6553.567,350.742,18295.883
2018-05-01,Monthly,,154.514,806.809,2991.489,160.156,2612.604,2135.728,2453.214,3972.753,298.904,10139.293,763.069,26488.533
2018-05-01,Monthly,Bank-bank perdagangan / Commercial banks,109.133,161.814,2556.365,103.124,,1394.941,1805.071,,177.509,6758.669,351.118,18614.882
2018-05-01,Monthly,Bank-bank Islam / Islamic banks,45.381,629.798,346.318,57.032,,704.075,648.143,,121.395,3367.067,309.933,7527.432
2018-05-01,Monthly,Bank-bank saudagar atau pelaburan / Merchant or Investment banks,0.0,15.197,88.806,0.0,,36.712,0.0,,0.0,13.557,102.018,346.219
2018-05-01,Monthly,Jumlah / Total,154.514,806.809,2991.489,160.156,,2135.728,2453.214,,298.904,10139.293,763.069,26488.533
2018-06-01,Monthly,,217.685,742.363,3080.121,189.392,2620.01,2083.342,2449.58,3848.564,293.623,10278.884,772.614,26576.178
2018-06-01,Monthly,Bank-bank perdagangan / Commercial banks,107.365,92.239,2642.64,102.599,,1345.781,1800.712,,173.354,6815.553,352.744,18498.626
2018-06-01,Monthly,Bank-bank Islam / Islamic banks,110.32,634.83,348.33,86.793,,700.849,648.868,,120.269,3450.764,317.364,7731.176
2018-06-01,Monthly,Bank-bank saudagar atau pelaburan / Merchant or Investment banks,0.0,15.294,89.151,0.0,,36.712,0.0,,0.0,12.567,102.506,346.376
2018-06-01,Monthly,Jumlah / Total,217.685,742.363,3080.121,189.392,,2083.342,2449.58,,293.623,10278.884,772.614,26576.178
2018-07-01,Monthly,,155.429,668.558,3125.392,189.745,2582.974,2215.82,2446.927,3864.012,288.458,10210.079,772.613,26520.007
2018-07-01,Monthly,Bank-bank perdagangan / Commercial banks,110.25,91.1,2631.284,103.373,,1480.042,1799.713,,168.07,6748.005,352.264,18507.234
2018-07-01,Monthly,Bank-bank Islam / Islamic banks,45.179,562.064,404.6,86.372,,699.066,647.214,,120.388,3456.831,317.342,7672.539
2018-07-01,Monthly,Bank-bank saudagar atau pelaburan / Merchant or Investment banks,0.0,15.394,89.508,0.0,,36.712,0.0,,0.0,5.243,103.007,340.234
2018-07-01,Monthly,Jumlah / Total,155.429,668.558,3125.392,189.745,,2215.82,2446.927,,288.458,10210.079,772.613,26520.007
2018-08-01,Monthly,Bank-bank Islam / Islamic banks,47.406,502.612,425.492,122.906,,808.24,658.639,,116.982,3611.577,342.49,7905.517
2018-08-01,Monthly,Bank-bank saudagar atau pelaburan / Merchant or Investment banks,0.0,15.494,89.864,0.0,,36.712,0.0,,0.0,11.311069999999999,103.086,346.783
2018-08-01,Monthly,Jumlah / Total,158.609,608.643,3180.605,229.682,,2314.247,2473.998,,281.406,10365.20007,797.615,26702.131
2018-08-01,Monthly,,158.609,608.643,3180.605,229.682,2573.028,2314.247,2473.998,3719.098,281.406,10365.20007,797.615,26702.131
2018-08-01,Monthly,Bank-bank perdagangan / Commercial banks,111.203,90.537,2665.249,106.776,,1469.295,1815.359,,164.424,6742.312,352.039,18449.831
2018-09-01,Monthly,,159.202,600.783,2852.077,190.886,2553.149,2225.393,2471.206,3687.937,283.768,10228.542,716.283,25969.226
2018-09-01,Monthly,Bank-bank perdagangan / Commercial banks,112.443,94.002,2333.291,104.754,,1443.769,1813.554,,163.432,6548.669,333.451,17720.908
2018-09-01,Monthly,Bank-bank Islam / Islamic banks,46.759,491.19,428.577,86.132,,744.912,657.652,,120.336,3674.648,279.635,7906.834
2018-09-01,Monthly,Jumlah / Total,159.202,600.783,2852.077,190.886,,2225.393,2471.206,,283.768,10228.542,716.283,25969.226
2018-09-01,Monthly,Bank-bank saudagar atau pelaburan / Merchant or Investment banks,0.0,15.591,90.209,0.0,,36.712,0.0,,0.0,5.225,103.197,341.484
2018-10-01,Monthly,,158.908,681.917,2821.075,192.001,2553.422,2286.147,2428.693,3644.713,288.582,10141.464,725.513,25922.435
2018-10-01,Monthly,Bank-bank perdagangan / Commercial banks,112.088,174.563,2315.51,105.601,,1378.89,1770.75,,164.501,6469.43,334.077,17592.092
2018-10-01,Monthly,Bank-bank Islam / Islamic banks,46.82,491.67,431.392,86.4,,870.545,657.943,,124.081,3658.866,288.167,8000.607
2018-10-01,Monthly,Jumlah / Total,158.908,681.917,2821.075,192.001,,2286.147,2428.693,,288.582,10141.464,725.513,25922.435
2018-10-01,Monthly,Bank-bank saudagar atau pelaburan / Merchant or Investment banks,0.0,15.684,74.173,0.0,,36.712,0.0,,0.0,13.168,103.269,329.736
2018-11-01,Monthly,Bank-bank Islam / Islamic banks,47.042,480.597,407.396,86.419,,866.616,628.041,,125.685,3695.81,288.924,7948.127
2018-11-01,Monthly,Bank-bank saudagar atau pelaburan / Merchant or Investment banks,0.0,15.771,74.476,0.0,,36.712,0.0,,0.0,13.465,103.32,328.961
2018-11-01,Monthly,Jumlah / Total,160.48,639.098,2548.974,192.62,,2275.141,2370.211,,291.56,10274.126,727.836,25583.623
2018-11-01,Monthly,,160.48,639.098,2548.974,192.62,2496.837,2275.141,2370.211,3606.74,291.56,10274.126,727.836,25583.623
2018-11-01,Monthly,Bank-bank perdagangan / Commercial banks,113.438,142.73,2067.102,106.201,,1371.813,1742.17,,165.875,6564.851,335.592,17306.535
2018-12-01,Monthly,Bank-bank Islam / Islamic banks,46.153,376.634,434.28,80.327,,915.618,603.885,,139.083,3207.076,286.065,7578.466
2018-12-01,Monthly,Bank-bank saudagar atau pelaburan / Merchant or Investment banks,0.0,15.86,74.788,0.0,,36.713,0.0,,21.125,13.053,103.407,349.394
2018-12-01,Monthly,Jumlah / Total,160.991,536.368,2463.504,105.943,,2392.438,2297.608,,384.132,9799.271,725.81,24972.678
2018-12-01,Monthly,,160.991,536.368,2463.504,105.943,2312.676,2392.438,2297.608,3793.937,384.132,9799.271,725.81,24972.678
2018-12-01,Monthly,Bank-bank perdagangan / Commercial banks,114.838,143.874,1954.436,25.616,,1440.107,1693.723,,223.924,6579.142,336.338,17044.818
2019-01-01,Monthly,Bank-bank Islam / Islamic banks,102.629,376.096,447.44,80.911,,973.175,491.382,,135.399,3225.485,272.935,8084.206
2019-01-01,Monthly,Bank-bank saudagar atau pelaburan / Merchant or Investment banks,0.0,15.949,75.101,0.0,,36.714,0.0,,21.098,13.241,103.493,350.183
2019-01-01,Monthly,Jumlah / Total,237.981,539.652,2480.689,105.718,,2426.535,2172.491,,374.844,9859.512,731.166,25051.44
2019-01-01,Monthly,,237.981,539.652,2480.689,105.718,2360.001,2426.535,2172.491,3762.85,374.844,9859.512,731.166,25051.439
2019-01-01,Monthly,Bank-bank perdagangan / Commercial banks,135.352,147.607,1958.148,24.807,,1416.646,1681.109,,218.347,6620.786,354.738,16617.051
2019-02-01,Monthly,,297.615,542.699,2412.803,111.68,2386.348,2987.023,2192.95,3757.618,379.289,10087.965,725.973,25881.963
2019-02-01,Monthly,Bank-bank perdagangan / Commercial banks,137.905,150.567,1873.21,30.654,,1591.773,1697.437,,213.376,6713.033,349.623,16846.164
2019-02-01,Monthly,Bank-bank Islam / Islamic banks,159.71,376.102,464.21,81.026,,1358.537,495.513,,144.815,3334.397,273.092,8670.698
2019-02-01,Monthly,Bank-bank saudagar atau pelaburan / Merchant or Investment banks,0.0,16.03,75.383,0.0,,36.713,0.0,,21.098,40.535,103.258,365.101
2019-02-01,Monthly,Jumlah / Total,297.615,542.699,2412.803,111.68,,2987.023,2192.95,,379.289,10087.965,725.973,25881.963
2019-03-01,Monthly,,249.541,565.208,2461.599,111.857,2356.039,2444.154,2194.373,3647.173,368.532,9894.362,710.831,25003.669
2019-03-01,Monthly,Bank-bank perdagangan / Commercial banks,147.814,170.737,1912.912,30.385,,1632.056,1712.595,,212.702,6615.182,334.701,16861.108
2019-03-01,Monthly,Bank-bank Islam / Islamic banks,101.727,378.304,472.992,81.472,,775.431,481.778,,134.731,3239.288,272.777,7779.613
2019-03-01,Monthly,Bank-bank saudagar atau pelaburan / Merchant or Investment banks,0.0,16.167,75.695,0.0,,36.667,0.0,,21.098,39.892,103.353,362.948
2019-03-01,Monthly,Jumlah / Total,249.541,565.208,2461.599,111.857,,2444.154,2194.373,,368.531,9894.362,710.831,25003.669
2019-04-01,Monthly,,1164.165,544.563,2401.04,109.819,2401.0,2412.242,2250.758,3780.616,375.455,9772.694,704.38,25916.732
2019-04-01,Monthly,Bank-bank perdagangan / Commercial banks,212.53,153.389,1873.82,30.612,,1632.466,1744.372,,229.05,6509.534,323.108,16850.534
2019-04-01,Monthly,Bank-bank Islam / Islamic banks,951.636,374.916,451.222,79.207,,743.109,493.877,,125.306,3224.003,277.831,8702.904
2019-04-01,Monthly,Bank-bank saudagar atau pelaburan / Merchant or Investment banks,0.0,16.258,75.998,0.0,,36.667,12.509,,21.098,39.157,103.441,363.294
2019-04-01,Monthly,Jumlah / Total,1164.166,544.563,2401.04,109.819,,2412.242,2250.758,,375.454,9772.694,704.38,25916.732
2019-05-01,Monthly,Bank-bank Islam / Islamic banks,968.154,374.485,462.553,81.011,,700.46,561.799,,120.287,3314.148,277.796,8927.161
2019-05-01,Monthly,Bank-bank saudagar atau pelaburan / Merchant or Investment banks,0.0,16.353,96.535,0.0,,36.668,12.058,,21.098,40.226,103.536,381.19
2019-05-01,Monthly,Jumlah / Total,1184.095,543.475,2446.359,111.663,,2283.034,2338.498,,370.973,9967.607,707.934,26100.434
2019-05-01,Monthly,,1184.095,543.475,2446.359,111.663,2308.23,2283.034,2338.498,3838.566,370.973,9967.607,707.934,26100.434
2019-05-01,Monthly,Bank-bank perdagangan / Commercial banks,215.941,152.637,1887.271,30.652,,1545.906,1764.641,,229.588,6613.233,326.602,16792.083
2019-06-01,Monthly,,1241.049,522.335,3394.288,146.554,2231.874,2371.692,2323.017,3490.397,369.762,10127.285,705.832,26924.085
2019-06-01,Monthly,Bank-bank perdagangan / Commercial banks,263.154,128.411,2098.117,33.06,,1573.367,1763.556,,226.203,6718.691,326.18,16808.053
2019-06-01,Monthly,Bank-bank Islam / Islamic banks,977.896,377.479,1199.334,113.494,,761.657,547.703,,122.461,3368.664,276.026,9735.416
2019-06-01,Monthly,Bank-bank saudagar atau pelaburan / Merchant or Investment banks,0.0,16.445,96.837,0.0,,36.668,11.758,,21.098,39.93,103.626,380.616
2019-06-01,Monthly,Jumlah / Total,1241.05,522.335,3394.288,146.554,,2371.692,2323.017,,369.762,10127.285,705.832,26924.085
2019-07-01,Monthly,,1241.772,520.098,3594.595,146.465,2221.796,2451.259,2290.035,3415.151,371.829,10304.438,725.514,27282.952
2019-07-01,Monthly,Bank-bank perdagangan / Commercial banks,251.668,128.761,2234.088,33.525,,1610.003,1745.831,,224.321,6821.45,347.056,16995.507
2019-07-01,Monthly,Bank-bank Islam / Islamic banks,990.104,376.846,1263.557,112.94,,804.588,532.746,,126.41,3442.884,274.708,9908.497
2019-07-01,Monthly,Bank-bank saudagar atau pelaburan / Merchant or Investment banks,0.0,14.491,96.95,0.0,,36.668,11.458,,21.098,40.104,103.75,378.948
2019-07-01,Monthly,Jumlah / Total,1241.772,520.098,3594.595,146.465,,2451.259,2290.035,,371.829,10304.438,725.514,27282.952
2019-08-01,Monthly,Bank-bank Islam / Islamic banks,951.25,375.013,1444.625,111.014,,840.179,540.448,,115.952,3453.893,261.845,10095.526
2019-08-01,Monthly,Bank-bank saudagar atau pelaburan / Merchant or Investment banks,0.0,12.485,97.262,0.0,,36.672,11.158,,21.098,39.816,103.814,363.669
2019-08-01,Monthly,Jumlah / Total,1202.462,510.425,3898.528,168.909,,2505.651,2281.626,,365.039,10356.653,717.214,27618.403
2019-08-01,Monthly,,1202.462,510.425,3898.528,168.909,2309.224,2505.651,2281.626,3302.672,365.039,10356.653,717.215,27618.404
2019-08-01,Monthly,Bank-bank perdagangan / Commercial banks,251.212,122.927,2356.641,57.895,,1628.8,1730.02,,227.989,6862.944,351.555,17159.208
2019-09-01,Monthly,Bank-bank Islam / Islamic banks,949.566,372.311,1423.996,110.677,,821.271,475.035,,130.339,3573.93,205.214,10171.406
2019-09-01,Monthly,Bank-bank saudagar atau pelaburan / Merchant or Investment banks,0.0,12.547,97.565,0.0,,36.673,10.858,,21.098,40.275,103.902,364.462
2019-09-01,Monthly,Jumlah / Total,1143.296,503.991,3852.436,169.218,,2442.012,2249.446,,380.813,10684.884,635.593,27855.8
2019-09-01,Monthly,,1143.296,503.991,3852.436,169.218,2384.052,2442.012,2249.447,3410.056,380.815,10684.884,635.593,27855.8
2019-09-01,Monthly,Bank-bank perdagangan / Commercial banks,193.73,119.133,2330.875,58.541,,1584.068,1763.553,,229.376,7070.679,326.477,17319.932
2019-10-01,Monthly,,1138.905,468.66,3878.895,168.289,2385.647,2651.559,2230.207,3311.617,382.611,10707.492,651.533,27975.415
2019-10-01,Monthly,Bank-bank perdagangan / Commercial banks,186.215,117.062,2324.194,58.227,,1748.423,1745.233,,232.774,7071.192,342.802,17458.33
2019-10-01,Monthly,Bank-bank Islam / Islamic banks,952.691,341.08,1456.824,110.062,,866.464,474.416,,129.211,3592.763,204.734,10151.568
2019-10-01,Monthly,Bank-bank saudagar atau pelaburan / Merchant or Investment banks,0.0,10.518,97.877,0.0,,36.672,10.558,,20.626,43.537,103.997,365.517
2019-10-01,Monthly,Jumlah / Total,1138.906,468.66,3878.895,168.289,,2651.559,2230.207,,382.611,10707.492,651.533,27975.415
2019-11-01,Monthly,,1149.311,454.604,3754.407,168.545,2356.238,2609.733,2220.483,3293.446,384.611,10814.505,551.212,27757.095
2019-11-01,Monthly,Bank-bank perdagangan / Commercial banks,186.669,112.116,2230.228,58.427,,1674.879,1739.894,,230.601,7107.522,340.621,17309.591
2019-11-01,Monthly,Bank-bank Islam / Islamic banks,962.641,339.907,1425.999,110.118,,898.182,470.331,,133.384,3665.076,203.973,10188.056
2019-11-01,Monthly,Bank-bank saudagar atau pelaburan / Merchant or Investment banks,0.0,2.581,98.18,0.0,,36.672,10.258,,20.626,41.907,6.618,259.448
2019-11-01,Monthly,Jumlah / Total,1149.31,454.604,3754.407,168.545,,2609.733,2220.483,,384.611,10814.505,551.212,27757.095
2019-12-01,Monthly,Bank-bank Islam / Islamic banks,903.823,339.042,1261.294,76.821,,850.526,487.502,,134.864,3411.716,185.933,9451.052
2019-12-01,Monthly,Bank-bank saudagar atau pelaburan / Merchant or Investment banks,0.0,2.581,93.42,0.0,,36.672,11.73,,20.626,40.501,6.63,258.671
2019-12-01,Monthly,Jumlah / Total,1098.055,450.151,3461.224,134.581,,2654.984,1926.77,,459.865,10603.695,529.91,26793.638
2019-12-01,Monthly,,1098.054,450.151,3461.224,134.581,2160.534,2654.984,1926.77,3313.87,459.865,10603.695,529.91,26793.638
2019-12-01,Monthly,Bank-bank perdagangan / Commercial banks,194.232,108.528,2106.51,57.76,,1767.786,1427.538,,304.375,7151.478,337.347,17083.915
2020-01-01,Monthly,,1094.993,446.833,3409.107,134.563,2204.054,2782.493,1926.478,3282.986,463.481,10941.327,525.146,27211.461
2020-01-01,Monthly,Bank-bank perdagangan / Commercial banks,184.84,106.013,2094.047,57.373,,1777.86,1425.504,,308.431,7365.739,338.569,17369.852
2020-01-01,Monthly,Bank-bank Islam / Islamic banks,910.152,338.239,1221.328,77.19,,967.961,489.533,,134.424,3535.039,179.932,9585.038
2020-01-01,Monthly,Bank-bank saudagar atau pelaburan / Merchant or Investment banks,0.0,2.581,93.732,0.0,,36.672,11.441,,20.626,40.549,6.645,256.571
2020-01-01,Monthly,Jumlah / Total,1094.992,446.833,3409.107,134.563,,2782.493,1926.478,,463.481,10941.327,525.146,27211.461
2020-02-01,Monthly,Bank-bank Islam / Islamic banks,986.957,159.579,1324.282,77.498,,847.668,494.718,,133.841,3644.371,160.437,9587.933
2020-02-01,Monthly,Bank-bank saudagar atau pelaburan / Merchant or Investment banks,0.0,2.552,91.922,0.0,,36.545,11.152,,20.626,40.269,6.315,253.748
2020-02-01,Monthly,Jumlah / Total,1195.782,271.958,3663.315,135.506,,2685.564,2021.886,,467.405,11025.03,551.913,27524.102
2020-02-01,Monthly,,1195.782,271.958,3663.315,135.506,2206.311,2685.564,2021.886,3299.431,467.406,11025.03,551.913,27524.102
2020-02-01,Monthly,Bank-bank perdagangan / Commercial banks,208.825,109.827,2247.111,58.008,,1801.351,1516.016,,312.938,7340.39,385.161,17682.421
2020-03-01,Monthly,Bank-bank Islam / Islamic banks,1004.324,159.334,1306.454,63.7,,789.911,490.097,,130.373,3741.695,181.014,9625.925
2020-03-01,Monthly,Bank-bank saudagar atau pelaburan / Merchant or Investment banks,0.0,2.551,92.235,0.0,,36.545,10.862,,20.626,69.704,6.312,283.269
2020-03-01,Monthly,Jumlah / Total,1221.407,274.472,3835.086,122.038,,2577.179,2024.904,,469.523,11327.215,581.572,27937.907
2020-03-01,Monthly,,1221.406,274.472,3835.086,122.038,2209.227,2577.18,2024.904,3295.283,469.524,11327.215,581.572,27937.907
2020-03-01,Monthly,Bank-bank perdagangan / Commercial banks,217.083,112.587,2436.397,58.338,,1750.723,1523.945,,318.524,7515.816,394.246,18028.713
2020-04-01,Monthly,,1235.748,266.93,3866.515,121.411,2236.949,2576.479,2015.025,3503.935,485.478,10883.881,584.015,27776.366
2020-04-01,Monthly,Bank-bank perdagangan / Commercial banks,223.638,105.78,2440.813,58.291,,1761.166,1515.343,,321.133,7208.247,398.294,17808.349
2020-04-01,Monthly,Bank-bank Islam / Islamic banks,1012.109,158.774,1333.165,63.12,,778.768,489.11,,143.719,3629.771,179.842,9632.966
2020-04-01,Monthly,Bank-bank saudagar atau pelaburan / Merchant or Investment banks,0.0,2.376,92.537,0.0,,36.545,10.572,,20.626,45.863,5.879,335.051
2020-04-01,Monthly,Jumlah / Total,1235.747,266.93,3866.515,121.411,,2576.479,2015.025,,485.478,10883.881,584.015,27776.366
2020-05-01,Monthly,,1243.026,267.443,4219.916,121.131,2276.332,2494.791,1731.069,3489.536,519.648,10461.242,576.991,27401.125
2020-05-01,Monthly,Bank-bank perdagangan / Commercial banks,216.868,106.036,2782.389,58.294,,1578.518,1509.333,,355.541,6936.367,398.023,17797.147
2020-05-01,Monthly,Bank-bank Islam / Islamic banks,1026.158,159.032,1344.678,62.837,,879.415,211.453,,143.481,3475.357,173.09,9313.035
2020-05-01,Monthly,Bank-bank saudagar atau pelaburan / Merchant or Investment banks,0.0,2.375,92.849,0.0,,36.858,10.283,,20.626,49.518,5.878,290.943
2020-05-01,Monthly,Jumlah / Total,1243.026,267.443,4219.916,121.131,,2494.791,1731.069,,519.648,10461.242,576.991,27401.125
2020-06-01,Monthly,,1225.328,264.453,3829.826,110.676,2250.359,2310.198,1794.861,3508.102,510.239,9772.44,398.622,25975.104
2020-06-01,Monthly,Bank-bank perdagangan / Commercial banks,214.494,104.858,2378.067,58.033,,1433.447,1577.171,,347.067,6474.746,229.724,16646.167
2020-06-01,Monthly,Bank-bank saudagar atau pelaburan / Merchant or Investment banks,0.0,2.374,93.152,0.0,,36.791,8.423,,20.626,53.764,5.875,293.671
2020-06-01,Monthly,Jumlah / Total,1225.466,264.782,3827.301,110.582,,2308.859,1795.435,,510.18,9772.44,398.622,25975.105
2020-06-01,Monthly,Bank-bank Islam / Islamic banks,1010.972,157.55,1356.082,52.549,,838.621,209.841,,142.487,3243.93,163.023,9035.267
2020-07-01,Monthly,Bank-bank Islam / Islamic banks,1009.229,157.449,1354.825,39.003,,821.431,208.122,,139.924,3083.743,161.039,8845.04
2020-07-01,Monthly,Bank-bank saudagar atau pelaburan / Merchant or Investment banks,0.0,2.373,91.657,0.0,,36.792,8.384,,20.626,55.725,5.874,292.316
2020-07-01,Monthly,Jumlah / Total,1219.751,263.509,3809.565,96.642,,2291.69,1856.146,,519.231,9264.281,395.985,25436.045
2020-07-01,Monthly,,1219.751,263.509,3809.565,96.642,2266.42,2291.691,1856.146,3452.824,519.231,9264.281,395.985,25436.045
2020-07-01,Monthly,Bank-bank perdagangan / Commercial banks,210.522,103.687,2363.083,57.639,,1433.467,1639.64,,358.681,6124.813,229.072,16298.689
2020-08-01,Monthly,Bank-bank Islam / Islamic banks,1206.211,157.436,1391.296,39.141,,816.387,203.546,,139.272,2961.894,158.608,8907.762
2020-08-01,Monthly,Bank-bank saudagar atau pelaburan / Merchant or Investment banks,0.0,2.373,88.296,0.0,,36.694,8.363,,20.626,47.946,5.874,306.597
2020-08-01,Monthly,Jumlah / Total,1412.49,262.534,3801.402,96.44,,2271.326,1809.235,,519.387,8899.896,404.425,25117.513
2020-08-01,Monthly,,1412.49,262.534,3801.402,96.44,2176.058,2271.326,1809.235,3464.32,519.387,8899.896,404.425,25117.513
2020-08-01,Monthly,Bank-bank perdagangan / Commercial banks,206.279,102.725,2321.81,57.299,,1418.245,1597.326,,359.489,5890.056,239.943,15903.154
2020-09-01,Monthly,,1392.173,260.887,3961.738,96.379,2086.549,2316.387,1875.305,3413.136,509.242,8591.649,397.18,24900.625
2020-09-01,Monthly,Bank-bank perdagangan / Commercial banks,190.78,101.905,2499.352,57.066,,1437.448,1665.217,,350.834,5689.447,240.123,15860.206
2020-09-01,Monthly,Bank-bank Islam / Islamic banks,1201.393,156.61,1373.788,39.313,,842.244,201.795,,137.782,2857.16,157.057,8742.978
2020-09-01,Monthly,Bank-bank saudagar atau pelaburan / Merchant or Investment banks,0.0,2.372,88.598,0.0,,36.695,8.293,,20.626,45.042,0.0,297.441
2020-09-01,Monthly,Jumlah / Total,1392.173,260.887,3961.738,96.379,,2316.387,1875.305,,509.242,8591.649,397.18,24900.625
2020-10-01,Monthly,,1383.536,131.469,3973.22,187.581,2111.015,2321.189,1801.874,3472.644,510.142,9434.356,383.958,25710.984
2020-10-01,Monthly,Bank-bank perdagangan / Commercial banks,185.909,86.042,2512.456,56.997,,1442.272,1585.785,,351.504,6149.636,230.181,16311.263
2020-10-01,Monthly,Bank-bank saudagar atau pelaburan / Merchant or Investment banks,0.0,2.371,88.911,0.0,,36.696,8.263,,20.626,43.165,0.0,295.833
2020-10-01,Monthly,Jumlah / Total,1383.536,131.469,3973.22,187.581,,2321.189,1801.874,,510.142,9434.356,383.958,25710.984
2020-10-01,Monthly,Bank-bank Islam / Islamic banks,1197.627,43.056,1371.853,130.584,,842.221,207.826,,138.012,3241.555,153.777,9103.888
2020-11-01,Monthly,,1372.63,137.798,3907.392,188.465,2175.8,2265.756,1766.27,3287.796,904.212,11456.568,382.161,27844.848
2020-11-01,Monthly,Bank-bank perdagangan / Commercial banks,185.239,92.003,2489.132,57.197,,1408.156,1562.683,,742.636,7436.29,230.81,18012.953
2020-11-01,Monthly,Bank-bank Islam / Islamic banks,1187.391,43.425,1329.047,131.268,,820.903,195.367,,140.95,3976.935,151.351,9535.345
2020-11-01,Monthly,Bank-bank saudagar atau pelaburan / Merchant or Investment banks,0.0,2.37,89.213,0.0,,36.697,8.22,,20.626,43.343,0.0,296.55
2020-11-01,Monthly,Jumlah / Total,1372.63,137.798,3907.392,188.465,,2265.756,1766.27,,904.212,11456.568,382.161,27844.848
2020-12-01,Monthly,Bank-bank Islam / Islamic banks,1162.97,45.875,1293.328,131.581,,821.412,187.731,,129.353,3937.943,140.335,9449.32
2020-12-01,Monthly,Bank-bank saudagar atau pelaburan / Merchant or Investment banks,0.0,2.369,89.526,0.0,,36.698,7.92,,0.0,43.442,0.0,237.487
2020-12-01,Monthly,Jumlah / Total,1349.748,151.955,3740.566,188.645,,2706.798,2157.73,,819.317,11783.166,358.884,28631.525
2020-12-01,Monthly,,1349.748,151.955,3740.566,188.645,2250.192,2706.798,2157.73,3124.524,819.317,11783.166,358.884,28631.525
2020-12-01,Monthly,Bank-bank perdagangan / Commercial banks,186.778,103.711,2357.712,57.064,,1848.688,1962.079,,689.964,7801.781,218.549,18944.718
2021-01-01,Monthly,,1356.156,152.254,3743.268,188.417,2431.601,2706.381,2173.069,3191.014,851.903,12261.835,378.179,29434.077
2021-01-01,Monthly,Bank-bank perdagangan / Commercial banks,184.171,104.937,2361.541,56.538,,1843.477,1972.716,,719.411,8199.305,234.934,19585.725
2021-01-01,Monthly,Bank-bank Islam / Islamic banks,1171.985,44.949,1291.889,131.879,,826.205,192.733,,132.492,4018.83,143.245,9581.985
2021-01-01,Monthly,Bank-bank saudagar atau pelaburan / Merchant or Investment banks,0.0,2.368,89.838,0.0,,36.699,7.62,,0.0,43.7,0.0,266.367
2021-01-01,Monthly,Jumlah / Total,1356.156,152.254,3743.268,188.417,,2706.381,2173.069,,851.903,12261.835,378.179,29434.077
2021-02-01,Monthly,,1360.361,145.487,3827.572,186.384,2428.357,2737.383,2175.484,3196.856,831.366,12077.989,380.308,29347.547
2021-02-01,Monthly,Bank-bank perdagangan / Commercial banks,183.348,98.031,2391.875,56.5,,1875.118,1968.457,,701.494,8048.231,234.781,19456.427
2021-02-01,Monthly,Bank-bank Islam / Islamic banks,1177.013,45.088,1345.677,129.884,,825.716,199.407,,129.872,3986.074,145.527,9625.521
2021-02-01,Monthly,Bank-bank saudagar atau pelaburan / Merchant or Investment banks,0.0,2.368,90.02,0.0,,36.549,7.62,,0.0,43.684,0.0,265.599
2021-02-01,Monthly,Jumlah / Total,1360.361,145.487,3827.572,186.384,,2737.383,2175.484,,831.366,12077.989,380.308,29347.547
2021-03-01,Monthly,,1365.795,144.24,3834.556,186.642,2461.586,2485.859,2237.317,3238.261,817.032,12195.196,386.6,29353.084
2021-03-01,Monthly,Bank-bank perdagangan / Commercial banks,183.26,97.895,2418.122,56.748,,1629.165,2041.716,,687.867,8112.153,241.737,19416.473
2021-03-01,Monthly,Bank-bank Islam / Islamic banks,1182.535,43.978,1326.201,129.894,,820.149,188.452,,129.165,4039.075,144.863,9671.421
2021-03-01,Monthly,Bank-bank saudagar atau pelaburan / Merchant or Investment banks,0.0,2.367,90.233,0.0,,36.545,7.149,,0.0,43.968,0.0,265.19
2021-03-01,Monthly,Jumlah / Total,1365.795,144.24,3834.556,186.642,,2485.859,2237.317,,817.032,12195.196,386.6,29353.084
2021-04-01,Monthly,Bank-bank Islam / Islamic banks,1176.798,43.989,1288.974,128.594,,802.101,185.221,,120.391,3962.682,124.193,9602.747
2021-04-01,Monthly,Bank-bank saudagar atau pelaburan / Merchant or Investment banks,0.0,2.366,90.435,0.0,,36.545,6.994,,0.0,43.106,0.0,264.652
2021-04-01,Monthly,Jumlah / Total,1357.536,143.783,3695.564,185.002,,2544.233,2222.751,,814.148,11920.566,361.419,29059.225
2021-04-01,Monthly,,1357.536,143.783,3695.564,185.002,2474.022,2544.233,2222.751,3340.201,814.148,11920.566,361.419,29059.225
2021-04-01,Monthly,Bank-bank perdagangan / Commercial banks,180.738,97.428,2316.155,56.408,,1705.587,2030.536,,693.757,7914.778,237.226,19191.826
2021-05-01,Monthly,,1368.048,142.591,3870.337,184.63,2460.689,2575.601,2215.382,3342.154,814.666,12260.155,364.246,29598.499
2021-05-01,Monthly,Bank-bank perdagangan / Commercial banks,199.447,96.236,2507.522,56.199,,1722.395,2018.827,,695.796,8105.179,240.396,19592.97
2021-05-01,Monthly,Bank-bank Islam / Islamic banks,1168.601,43.99,1272.067,128.431,,816.661,190.039,,118.87,4111.521,123.85,9740.597
2021-05-01,Monthly,Bank-bank saudagar atau pelaburan / Merchant or Investment banks,0.0,2.365,90.748,0.0,,36.545,6.516,,0.0,43.455,0.0,264.932
2021-05-01,Monthly,Jumlah / Total,1368.048,142.591,3870.337,184.63,,2575.601,2215.382,,814.666,12260.155,364.246,29598.499
2021-06-01,Monthly,,1351.038,248.37,3958.716,179.921,2485.637,2803.67,2189.986,3579.421,815.836,12161.964,429.651,30204.21
2021-06-01,Monthly,Bank-bank perdagangan / Commercial banks,193.502,200.023,2516.31,51.019,,1828.653,1997.083,,698.829,8094.316,227.584,20036.795
2021-06-01,Monthly,Bank-bank Islam / Islamic banks,1157.536,45.983,1351.39,128.902,,938.472,186.648,,117.007,4025.521,202.067,9931.161
2021-06-01,Monthly,Bank-bank saudagar atau pelaburan / Merchant or Investment banks,0.0,2.364,91.016,0.0,,36.545,6.255,,0.0,42.127,0.0,263.359
2021-06-01,Monthly,Jumlah / Total,1351.038,248.37,3958.716,179.921,,2803.67,2189.986,,815.836,12161.964,429.651,30231.315
2021-07-01,Monthly,,1360.266,237.004,4013.275,180.778,2633.735,2772.139,2172.273,3586.15,791.196,12888.588,396.366,31031.77
2021-07-01,Monthly,Bank-bank perdagangan / Commercial banks,184.534,188.991,2539.343,51.677,,1783.958,1979.853,,672.14,8546.145,232.309,20497.557
2021-07-01,Monthly,Bank-bank Islam / Islamic banks,1175.732,45.869,1382.604,129.101,,951.636,186.45,,119.056,4300.053,164.057,10270.805
2021-07-01,Monthly,Bank-bank saudagar atau pelaburan / Merchant or Investment banks,0.0,2.144,91.328,0.0,,36.545,5.97,,0.0,42.39,0.0,263.408
2021-07-01,Monthly,Jumlah / Total,1360.266,237.004,4013.275,180.778,,2772.139,2172.273,,791.196,12888.588,396.366,31031.77
2021-08-01,Monthly,,1349.29,275.453,3981.191,180.501,2717.981,2733.064,2103.434,3592.266,802.476,12945.668,381.468,31062.792
2021-08-01,Monthly,Bank-bank perdagangan / Commercial banks,183.424,137.121,2529.852,51.504,,1730.618,1912.597,,673.816,8614.927,229.609,20439.601
2021-08-01,Monthly,Bank-bank Islam / Islamic banks,1165.866,136.189,1359.699,128.997,,965.901,185.016,,128.66,4288.628,151.859,10362.195
2021-08-01,Monthly,Bank-bank saudagar atau pelaburan / Merchant or Investment banks,0.0,2.143,91.64,0.0,,36.545,5.821,,0.0,42.113,0.0,260.996
2021-08-01,Monthly,Jumlah / Total,1349.29,275.453,3981.191,180.501,,2733.064,2103.434,,802.476,12945.668,381.468,31062.792
2021-09-01,Monthly,Bank-bank Islam / Islamic banks,963.342,74.757,771.125,129.023,,936.621,183.781,,129.794,4265.04,143.971,9234.043
2021-09-01,Monthly,Bank-bank saudagar atau pelaburan / Merchant or Investment banks,0.0,2.142,91.777,0.0,,36.545,5.671,,0.0,42.238,0.0,261.097
2021-09-01,Monthly,Jumlah / Total,1121.341,171.091,3212.382,180.5,,2532.175,2077.004,,825.554,13077.177,380.271,29468.678
2021-09-01,Monthly,Bank-bank perdagangan / Commercial banks,157.999,94.192,2349.48,51.477,,1559.009,1887.552,,695.76,8769.899,236.3,19973.538
2021-10-01,Monthly,Bank-bank Islam / Islamic banks,955.322,33.233,708.42,128.896,,950.387,307.71,,130.534,3954.677,141.11,8941.682
2021-10-01,Monthly,Bank-bank saudagar atau pelaburan / Merchant or Investment banks,0.0,2.141,92.09,0.0,,36.545,5.521,,0.0,45.65,0.0,265.247
2021-10-01,Monthly,Jumlah / Total,1111.457,128.072,3109.679,166.235,,2555.981,2024.712,,743.287,12554.13,384.985,28662.251
2021-10-01,Monthly,Bank-bank perdagangan / Commercial banks,156.135,92.698,2309.169,37.339,,1569.049,1711.481,,612.753,8553.803,243.875,19455.322
2021-11-01,Monthly,Bank-bank perdagangan / Commercial banks,155.445,88.916,2281.695,28.002,,1515.188,1703.847,,613.012,8278.858,242.02,19130.4
2021-11-01,Monthly,Bank-bank Islam / Islamic banks,974.167,33.193,710.756,129.074,,863.404,303.138,,130.116,3767.662,137.723,8613.132
2021-11-01,Monthly,Bank-bank saudagar atau pelaburan / Merchant or Investment banks,0.0,2.14,92.392,0.0,,36.545,5.371,,0.0,44.005,0.0,263.691
2021-11-01,Monthly,Jumlah / Total,1129.612,124.249,3084.843,157.076,,2415.137,2012.356,,743.128,12090.525,379.743,28007.223
2021-12-01,Monthly,Bank-bank perdagangan / Commercial banks,151.633,1154.811,2084.709,30.606,,1448.853,1689.813,,584.92,7965.269,191.531,19439.797
2021-12-01,Monthly,Bank-bank Islam / Islamic banks,964.422,346.985,644.666,136.952,,1082.173,271.886,,126.737,3561.489,127.408,8917.141
2021-12-01,Monthly,Bank-bank saudagar atau pelaburan / Merchant or Investment banks,0.0,2.139,6.669,0.0,,36.545,5.099,,0.0,43.446,0.0,259.22
2021-12-01,Monthly,Jumlah / Total,1116.055,1503.935,2736.044,167.558,,2567.571,1966.798,,711.657,11570.204,318.939,28616.158
2022-01-01,Monthly,Bank-bank perdagangan / Commercial banks,153.2,1155.245,2084.244,30.753,,1446.108,1667.778,,587.282,8049.079,187.989,19522.608
2022-01-01,Monthly,Bank-bank Islam / Islamic banks,969.455,402.981,592.798,136.355,,1087.522,296.68,,125.726,3628.043,125.796,8938.045
2022-01-01,Monthly,Bank-bank saudagar atau pelaburan / Merchant or Investment banks,0.0,2.139,6.669,0.0,,36.545,5.037,,0.0,43.454,0.0,259.786
2022-01-01,Monthly,Jumlah / Total,1122.655,1560.365,2683.711,167.108,,2570.175,1969.495,,713.008,11720.576,313.785,28720.439
2022-02-01,Monthly,Bank-bank perdagangan / Commercial banks,149.489,1130.282,2114.96,30.603,,1488.2,1671.761,,595.048,8128.002,188.579,19690.95
2022-02-01,Monthly,Bank-bank Islam / Islamic banks,976.664,753.164,589.417,143.847,,1098.682,290.189,,123.416,3750.519,124.851,9439.914
2022-02-01,Monthly,Bank-bank saudagar atau pelaburan / Merchant or Investment banks,0.0,2.138,6.469,0.0,,36.545,4.87,,0.0,43.36,0.0,258.644
2022-02-01,Monthly,Jumlah / Total,1126.153,1885.584,2710.846,174.45,,2623.427,1966.82,,718.464,11921.881,313.43,29389.508
2022-03-01,Monthly,Bank-bank perdagangan / Commercial banks,148.185,1095.112,2149.726,34.443,,1455.214,1601.282,,598.943,8199.28,189.377,19690.714
2022-03-01,Monthly,Bank-bank Islam / Islamic banks,879.823,572.727,611.738,270.183,,1232.432,265.442,,132.877,3792.392,508.185,10045.15
2022-03-01,Monthly,Bank-bank saudagar atau pelaburan / Merchant or Investment banks,0.0,57.655,6.469,0.0,,36.545,4.67,,0.0,43.372,0.0,314.484
2022-03-01,Monthly,Jumlah / Total,1028.008,1725.494,2767.933,304.626,,2724.191,1871.394,,731.82,12035.044,697.562,30050.348
2022-04-01,Monthly,Bank-bank perdagangan / Commercial banks,153.845,1092.658,2138.515,33.798,,1470.782,1593.57,,605.27,8369.304,195.984,19905.503
2022-04-01,Monthly,Bank-bank Islam / Islamic banks,912.664,564.631,762.376,274.246,,1216.215,271.537,,132.929,3955.038,520.687,10402.125
2022-04-01,Monthly,Bank-bank saudagar atau pelaburan / Merchant or Investment banks,0.0,57.877,6.269,0.0,,36.545,4.56,,0.0,43.701,0.0,314.816
2022-04-01,Monthly,Jumlah / Total,1066.509,1715.166,2907.16,308.044,,2723.542,1869.667,,738.199,12368.043,716.671,30622.444
2022-05-01,Monthly,Bank-bank perdagangan / Commercial banks,144.074,1107.838,2078.817,151.397,,1545.329,1554.918,,615.907,8807.425,198.168,20478.076
2022-05-01,Monthly,Bank-bank Islam / Islamic banks,922.442,850.455,816.888,273.646,,1361.48,299.963,,126.665,4195.77,520.641,11263.814
2022-05-01,Monthly,Bank-bank saudagar atau pelaburan / Merchant or Investment banks,0.0,58.106,6.269,0.0,,36.545,4.47,,0.0,43.688,0.0,312.078
2022-05-01,Monthly,Jumlah / Total,1066.516,2016.399,2901.974,425.043,,2943.354,1859.351,,742.572,13046.883,718.809,32053.968
2022-06-01,Monthly,Bank-bank Islam / Islamic banks,927.422,764.659,800.519,269.046,,1555.382,277.223,,126.642,4270.569,525.874,11403.255
2022-06-01,Monthly,Bank-bank saudagar atau pelaburan / Merchant or Investment banks,0.0,56.565,6.269,0.0,,36.545,0.0,,0.0,43.685,0.0,304.768
2022-06-01,Monthly,Jumlah / Total,1058.47,1929.544,2873.294,409.471,,3151.997,1773.801,,742.916,13276.715,749.485,32445.744
2022-06-01,Monthly,Bank-bank perdagangan / Commercial banks,131.048,1108.32,2066.506,140.425,,1560.07,1496.578,,616.274,8962.461,223.611,20737.721
