date,frequency,purpose,securities,fixed_assets_non_property_total,transport_vehicles_total,passenger_cars,transport_vehicles_others,fixed_assets_non_property_others,residential_property_total,cost_up_to_300k,cost_300k_to_500k,cost_500k_to_1m,cost_above_1m,non_residential_property_total,industrial_buildings_factories,land_only,commercial_complexes,shophouses_shoplots,other_non_residential_property,personal_uses_total,consumer_durable_goods,personal_uses_others,credit_card,construction,working_capital,other_purposes,total_impaired
2021-07-01,Monthly,Jumlah / Total,355.39102981999997,2073.4032956000005,1776.9348622800007,1303.8755058300003,473.0593564500003,296.4684333199997,9012.28728042,1962.0694613300002,1390.5452168699999,2500.54859589,3159.1240063299997,3811.7563591800003,445.80516728,994.5153665300002,304.41764942,1239.33486138,827.6833145700004,2743.4132125600004,1.9894576199999996,2741.4237549400004,340.47664754999994,4151.092975990001,9695.874772420002,1594.8305506999693,33778.52612423997
2021-07-01,Monthly,Bank-bank Islam / Islamic Banks,36.8947417,752.5428540300002,654.0355136600002,644.1152505100001,9.920263150000096,98.50734036999995,2649.2420403799997,560.96378125,478.7481085999999,757.5148742799998,852.01527625,1031.4581494400002,86.98997607000001,125.24290583999999,88.76935543999997,380.74566774000004,349.71024435000004,1100.23326417,0.88076675,1099.35249742,38.2738788,812.3611215900002,3606.3615669499995,558.3889008899987,10585.756517949996
2021-07-01,Monthly,Bank-bank Pelaburan / Investment Banks,101.66163127,2.58450916,2.58450916,0.43793266,2.1465765,0.0,1.0000738,1.0000738,0.0,0.0,0.0,1.0143436399999999,0.0,0.0,1.0143436399999999,0.0,0.0,0.0,0.0,0.0,0.0,1e-06,52.925159869999995,114.49585241000005,273.68157115
2021-07-01,Monthly,Bank-bank Perdagangan / Commercial Banks,216.83465685,1318.2759324100002,1120.3148394600005,659.3223226600003,460.9925168000002,197.96109294999974,6362.045166239999,1400.10560628,911.79710827,1743.03372161,2307.1087300799995,2779.2838661000005,358.81519120999997,869.2724606900001,214.63395033999998,858.5891936399998,477.9730702200004,1643.1799483900004,1.1086908699999996,1642.0712575200005,302.20276874999996,3338.7318534000005,6036.588045600003,921.9457973999706,22919.088035139976
2021-08-01,Monthly,Bank-bank Perdagangan / Commercial Banks,233.46054776000003,1319.8586405099998,1124.6265145699997,671.4033828899999,453.2231316799998,195.23212594000006,6395.481997600002,1402.14910914,917.0108049,1786.7073292300004,2289.614754330001,2797.6580984400002,356.39395182,868.1664834,212.52055191000002,857.6922726100001,502.8848387000003,1687.3626725399993,1.0285377,1686.3341348399993,295.0536769399999,3300.1526148899993,6036.604272600002,921.8267850199845,22987.45930629999
2021-08-01,Monthly,Jumlah / Total,408.06390280000005,2132.2997931599994,1833.6254174699995,1368.9335439999998,464.69187346999985,298.6743756899998,8960.450550560001,1946.05954765,1379.5091259600001,2514.1947572500003,3120.6871197000005,3842.29111816,452.55675401999997,1001.2460327299999,299.81444305,1233.4543337700002,855.2195545900003,2778.7757871999993,1.9116270499999999,2776.864160149999,333.20258553999986,4151.158733169999,9760.766272400002,1575.6323931799877,33942.641136169994
2021-08-01,Monthly,Bank-bank Pelaburan / Investment Banks,98.77660587000001,2.58590685,2.58590685,0.43997379,2.1459330600000004,0.0,0.97579428,0.97579428,0.0,0.0,0.0,0.0,0.0,0.0,0.0,0.0,0.0,0.0,0.0,0.0,0.0,1e-06,53.043613779999994,109.47473994999993,264.8566617299999
2021-08-01,Monthly,Bank-bank Islam / Islamic Banks,75.82674917000001,809.8552457999997,706.41299605,697.0901873199999,9.32280873000002,103.44224974999975,2563.9927586799995,542.93464423,462.4983210600001,727.4874280199999,831.0723653699997,1044.63301972,96.16280219999999,133.07954933,87.29389114,375.76206116000003,352.33471589,1091.4131146599998,0.88308935,1090.5300253099997,38.14890859999999,851.00611728,3671.118386019999,544.3308682100032,10690.32516814
2021-09-01,Monthly,Bank-bank Islam / Islamic Banks,62.06802925999999,734.2552318799999,649.3827974499999,641.7796776299999,7.603119819999961,84.87243443,2608.7293219700005,541.21384958,471.64022987000004,747.8883237000001,847.9869188200004,1005.4171998300001,89.90927952000001,118.92202039,87.85274926,360.97826343,347.75488722999995,1098.8495807000004,0.8017797,1098.0478010000004,45.90654975000001,829.7336328499999,2785.1118446400005,404.93622201999096,9575.007612899992
2021-09-01,Monthly,Bank-bank Pelaburan / Investment Banks,98.79806781,2.58712861,2.58712861,0.44203058000000006,2.14509803,0.0,0.9768568800000001,0.9768568800000001,0.0,0.0,0.0,0.0,0.0,0.0,0.0,0.0,0.0,0.0,0.0,0.0,0.0,1e-06,52.94895447,109.84371520000002,265.15472397
2021-09-01,Monthly,Jumlah / Total,383.76740033,1958.90373962,1682.7283449699994,1227.7243511199995,455.0039938499998,276.1753946500004,9265.668467909998,1957.5911616399997,1425.97854414,2622.40816731,3259.6905948199997,3784.6229946500007,448.4446505299999,978.7023537299999,298.81661124000004,1220.59487474,838.0645044100004,2797.1584669800004,1.9213197,2795.2371472800005,341.49213519999984,3978.26517917,8556.677134880001,1422.2944177800014,32488.849936520004
2021-09-01,Monthly,Bank-bank Perdagangan / Commercial Banks,222.90130326,1222.06137913,1030.7584189099996,585.5026429099997,445.25577599999986,191.3029602200004,6655.9622890599985,1415.4004551799997,954.3383142699998,1874.51984361,2411.703675999999,2779.2057948200004,358.5353710099999,859.78033334,210.96386198000005,859.61661131,490.3096171800005,1698.3088862800003,1.11954,1697.1893462800003,295.5855854499998,3148.53154532,5718.61633577,907.5144805600103,22648.68759965001
2021-10-01,Monthly,Bank-bank Islam / Islamic Banks,31.344624710000016,816.0933013499999,731.12268404,574.0812797899999,157.04140425000003,84.97061730999997,2549.36314592,523.15680945,462.30616608000014,732.6498372199999,831.2503331700001,1009.8148654799996,90.05854455,118.81459688999999,88.25509625000001,364.51731254999993,348.1693152399997,1086.4638017600003,0.79738322,1085.6664185400002,46.50785093999998,683.42638375,2799.6426455399987,400.2848367600109,9422.941456210008
2021-10-01,Monthly,Bank-bank Pelaburan / Investment Banks,102.76373293,2.5258618399999997,2.5258618399999997,0.38103578000000005,2.1448260599999998,0.0,0.97700028,0.97700028,0.0,0.0,0.0,0.0,0.0,0.0,0.0,0.0,0.0,0.0,0.0,0.0,0.0,1e-06,53.01954978,110.22574044999999,269.51188628
2021-10-01,Monthly,Jumlah / Total,346.2275592,1820.77017937,1550.15736727,1103.77693341,446.3804338599999,270.61281210000016,9104.95930567,1891.0048794099998,1406.4275932900005,2572.50626285,3235.02057012,3736.97112547,445.90016883,929.7941809600001,299.28281781000004,1224.01309841,837.9808594599998,2754.129588189999,1.9411969400000002,2752.188391249999,335.80944939,3813.64895525,8516.677716249995,1419.7897596000153,31848.98363839001
2021-10-01,Monthly,Bank-bank Perdagangan / Commercial Banks,212.11920156,1002.15101618,816.5088213899999,529.31461784,287.1942035499999,185.6421947900002,6554.619159469999,1366.87106968,944.1214272100002,1839.85642563,2403.77023695,2727.1562599900003,355.84162427999996,810.9795840700001,211.02772156000003,859.4957858600001,489.8115442200001,1667.665786429999,1.1438137200000003,1666.5219727099989,289.30159845000003,3130.2225705,5664.015520929997,909.2791823900043,22156.530295900004
2021-11-01,Monthly,Bank-bank Islam / Islamic Banks,20.906283310000006,712.4560311299999,633.1796555699997,476.9443742499998,156.2352813199999,79.27637556000025,2456.7932317799996,498.54714497000003,453.48356922999994,705.2736301499998,799.48888743,1018.6742261999999,92.76206687000001,148.08154274999998,85.06026571,344.69367486,348.07667601,975.1231557600001,0.7943598300000001,974.3287959300002,46.749240940000014,601.83077423,2783.8750459599983,394.9571195300032,9011.365108840002
2021-11-01,Monthly,Jumlah / Total,365.99096292,1619.4538344699997,1366.9868865499996,930.0846036099996,436.9022829399999,252.46694792000028,8877.78530515,1829.4510205200004,1380.4582598399998,2507.4648224499997,3160.41120234,3726.31183384,445.84822020000007,940.9023330499999,297.02574979999997,1182.5955276599998,859.9400031300004,2615.884313120001,2.299103840000001,2613.585209280001,337.89010098000006,3725.1711947600006,8479.777372659999,1402.8538463100099,31151.118764210016
2021-11-01,Monthly,Bank-bank Pelaburan / Investment Banks,101.15563326,2.41255664,2.41255664,0.26875109999999997,2.1438055400000002,0.0,0.9473552100000001,0.9473552100000001,0.0,0.0,0.0,0.0,0.0,0.0,0.0,0.0,0.0,0.0,0.0,0.0,0.0,1e-06,53.10164489,110.59396486999998,268.21115586999997
2021-11-01,Monthly,Bank-bank Perdagangan / Commercial Banks,243.92904635,904.5852466999999,731.3946743399998,452.87147825999983,278.52319608,173.19057236000003,6420.04471816,1329.9565203400002,926.9746906099999,1802.1911923,2360.92231491,2707.63760764,353.08615333000006,792.8207903,211.96548409,837.9018527999999,511.86332712000035,1640.7611573600007,1.5047440100000005,1639.2564133500007,291.14086004000006,3123.340419530001,5642.80068181,897.3027619100067,21871.54249950001
2021-12-01,Monthly,Jumlah / Total,459.79659855,1462.9795252400002,1208.6507608200002,778.7329465900003,429.91781423000003,254.32876441999997,8594.9066207,1750.7139436899997,1330.0105120500002,2433.42484034,3080.75732462,3774.15786911,452.57404156999996,1012.9252291099998,282.90420866,1160.2692939199999,865.4850958500003,2527.65101125,2.27147776,2525.3795334899996,314.7527167500001,3736.712782910001,9918.463722479999,1292.2821734200152,32081.703020410016
2021-12-01,Monthly,Bank-bank Pelaburan / Investment Banks,182.59016995,2.41265738,2.41265738,0.26949518,2.1431622000000004,0.0,0.8687197899999999,0.8687197899999999,0.0,0.0,0.0,0.0,0.0,0.0,0.0,0.0,0.0,0.0,0.0,0.0,0.0,1e-06,52.873148910000005,25.14013478000004,263.88483181000004
2021-12-01,Monthly,Bank-bank Perdagangan / Commercial Banks,259.05432913000004,822.55710052,647.2750416299999,374.7445814799999,272.53046015,175.28205889000003,6256.09639195,1305.9583987299998,891.08877558,1748.6581456900003,2310.39107195,2622.22782461,347.64654536,751.8455312699998,204.49509756,826.6136094699998,491.6270409500005,1580.4119995999997,1.47226427,1578.9397353299996,270.5835920100001,3132.158892950001,6429.877031200001,877.5565060300178,22250.52366800002
2021-12-01,Monthly,Bank-bank Islam / Islamic Banks,18.15209947,638.0097673400003,558.9630618100003,403.7188699300003,155.24419188000002,79.04670552999994,2337.9415089599997,443.88682517,438.92173647000016,684.7666946499999,770.3662526699998,1151.9300445,104.92749620999999,261.07969784,78.4091111,333.65568445,373.8580548999998,947.2390116500002,0.79921349,946.4397981600001,44.16912474000001,604.5538889600002,3435.7135423699983,389.58553260999724,9567.294520599995
2022-01-01,Monthly,Bank-bank Islam / Islamic Banks,27.36703857,596.4936789100002,518.5169873700002,363.9899780500002,154.52700931999993,77.97669154000005,2406.21592687,445.1880389499998,448.4959228300001,703.6246261800002,808.90733891,1075.6808118899999,96.61465777,261.227522,78.62900857999999,335.7801146799999,303.42950885999994,986.5482636800007,0.79984066,985.7484230200007,42.788324910000014,575.29633458,3598.324100440002,388.94055757000024,9697.655037420003
2022-01-01,Monthly,Jumlah / Total,466.2494066,1394.83324505,1144.2540472599999,715.1058029100002,429.1482443499998,250.57919779000008,8796.79142765,1737.9827329600002,1364.0335414,2497.255704179999,3197.5194491100006,3696.70610416,447.78834810999996,1015.0915794,285.82456829999995,1151.96001852,796.0415898299999,2569.117672970001,2.13945607,2566.978216900001,307.4229867699999,3710.455161280001,10050.434917530001,1300.6669158900104,32292.67783790001
2022-01-01,Monthly,Bank-bank Pelaburan / Investment Banks,183.17063601,2.41276097,2.41276097,0.27024496000000003,2.14251601,0.0,0.9500207199999999,0.9500207199999999,0.0,0.0,0.0,0.0,0.0,0.0,0.0,0.0,0.0,0.0,0.0,0.0,0.0,1e-06,53.05906121,25.207444239999973,264.79992415
2022-01-01,Monthly,Bank-bank Perdagangan / Commercial Banks,255.71173201999997,795.9268051699999,623.3242989199998,350.84557989999996,272.47871901999986,172.60250625000003,6389.62548006,1291.8446732900004,915.5376185700001,1793.6310779999992,2388.6121102000006,2621.02529227,351.17369033999995,753.8640574,207.19555971999998,816.1799038400001,492.61208096999997,1582.56940929,1.33961541,1581.22979388,264.6346618599999,3135.158825700001,6399.051755879999,886.5189140800103,22330.222876330008
2022-02-01,Monthly,Jumlah / Total,467.79772913,1411.11943136,1169.4503365199998,733.76533085,435.68500567,241.66909483999996,8988.132737509999,1765.5021162399996,1412.7917169800003,2576.25542708,3233.5834772100006,3756.9050477599994,458.46172959,1029.4195386899999,293.66994429,1175.17163386,800.1822013299998,2589.0654957399997,2.1459170899999997,2586.9195786499995,312.27311890000004,3732.473158040001,10051.943845710002,1315.66050463999,32625.37106878999
2022-02-01,Monthly,Bank-bank Perdagangan / Commercial Banks,256.10694847,811.15404171,640.06988706,362.56175723,277.50812983000003,171.08415464999996,6495.81805365,1305.0148678599999,944.8669920900002,1839.8865387499998,2406.0496549500003,2670.40179558,358.43970999000004,767.4340899599999,212.11817422000001,838.16739924,494.24242216999994,1572.3962213199993,1.3450928199999999,1571.0511284999993,270.62004064000007,3122.8215563000012,6440.005718920003,900.7985258899826,22540.122902479987
2022-02-01,Monthly,Bank-bank Pelaburan / Investment Banks,182.31140281999998,2.4128557,2.4128557,0.27100049,2.14185521,0.0,0.9660403899999999,0.9660403899999999,0.0,0.0,0.0,0.0,0.0,0.0,0.0,0.0,0.0,0.0,0.0,0.0,0.0,1e-06,52.91187676,25.268838670000036,263.87101534
2022-02-01,Monthly,Bank-bank Islam / Islamic Banks,29.37937784,597.55253395,526.96759376,370.93257313000004,156.03502062999996,70.58494019,2491.34864347,459.5212079899999,467.92472489,736.3688883300001,827.5338222600001,1086.5032521799997,100.0220196,261.98544873,81.55177006999999,337.00423462,305.9397791599998,1016.6692744200004,0.80082427,1015.8684501500004,41.65307825999997,609.65160074,3559.026250029999,389.5931400800073,9821.377150970007
2022-03-01,Monthly,Jumlah / Total,471.39828545,1286.2096923400004,1042.7301032400003,683.8716619300002,358.85844131000005,243.47958910000006,9116.42940751,1772.41221105,1431.51167969,2636.4196429200006,3276.0858738499996,3802.7817497800006,459.33917297,1022.5387299699998,304.04998869,1218.70172322,798.1521349300002,2594.82352377,2.6624430199999995,2592.16108075,299.06298546,4060.236061619999,9960.815880319999,1493.3705516199875,33085.128137869986
2022-03-01,Monthly,Bank-bank Perdagangan / Commercial Banks,255.97155072,708.56293789,538.07091716,337.19397638,200.87694078000004,170.49202072999992,6592.6588131,1303.7424109,964.5653993799999,1881.6691616400003,2442.6818411799995,2694.5928295000003,358.4223765,770.3090290599998,217.23638243,844.80621326,503.81882825000025,1547.4701103500004,1.8574589799999996,1545.6126513700003,259.26231548,3080.3989809599993,6461.122292449999,904.0895464999812,22504.12937694998
2022-03-01,Monthly,Bank-bank Pelaburan / Investment Banks,182.956816,2.3120856,2.3120856,0.17169748,2.14038812,0.0,0.88138562,0.88138562,0.0,0.0,0.0,0.0,0.0,0.0,0.0,0.0,0.0,0.0,0.0,0.0,0.0,55.518688659999995,52.992415769999994,25.339860550000026,320.0012522
2022-03-01,Monthly,Bank-bank Islam / Islamic Banks,32.46991873,575.3346688500003,502.34710048000017,346.50598807000017,155.84111241,72.98756837000013,2522.8892087900003,467.78841452999995,466.94628030999996,754.7504812800003,833.4040326700002,1108.18892028,100.91679647000001,252.22970091,86.81360626000001,373.89550996,294.33330667999996,1047.3534134199997,0.8049840399999999,1046.5484293799998,39.80066997999999,924.3183919999999,3446.7011720999994,563.9411445700061,10260.997508720005
2022-04-01,Monthly,Bank-bank Islam / Islamic Banks,42.71641951999998,550.8823965900001,477.4785567900001,318.8420247000002,158.6365320899999,73.40383980000001,2597.4590344999997,465.52899718000003,466.06215811000004,789.2629282399997,876.60495097,1129.8207146,104.60749451000002,254.16885304999994,85.42640492999999,382.1977055199999,303.42025659000024,1149.65458959,0.8046361100000001,1148.8499534799998,38.745993609999985,989.8643266699999,3393.1980495500006,577.2914770400002,10469.633001670001
2022-04-01,Monthly,Jumlah / Total,484.50936823999996,1250.34380688,1004.5829476800002,635.7055070200003,368.87744066,245.7608591999999,9329.462037230001,1732.2523662600001,1436.5600675199998,2729.7169469100004,3430.9326565399997,3849.9373438000002,460.92959345,1025.8454025199999,313.70809612,1249.8286615199997,799.6255901900007,2724.24208686,2.47520311,2721.7668837500005,296.47592105999985,4108.43911109,9944.56377311,1541.7526967499953,33529.726145019995
2022-04-01,Monthly,Bank-bank Pelaburan / Investment Banks,183.30370822,2.31079475,2.31079475,0.17169748,2.1390972699999997,0.0,0.8814608399999999,0.8814608399999999,0.0,0.0,0.0,0.0,0.0,0.0,0.0,0.0,0.0,0.0,0.0,0.0,0.0,55.74155167,52.95074966000001,25.405693319999955,320.59395845999995
2022-04-01,Monthly,Bank-bank Perdagangan / Commercial Banks,258.4892405,697.15061554,524.7935961400001,316.69178483999997,208.10181130000012,172.3570193999999,6731.121541890001,1265.84190824,970.4979094099999,1940.4540186700006,2554.3277055699996,2720.1166292000003,356.32209894,771.6765494699998,228.28169119,867.6309559999999,496.2053336000005,1574.5874972700003,1.670567,1572.9169302700004,257.7299274499999,3062.8332327499993,6498.4149738999995,939.0555263899951,22739.499184889995
2022-05-01,Monthly,Bank-bank Perdagangan / Commercial Banks,240.72319464999998,724.0208290099999,553.81820156,347.79034413000005,206.02785742999998,170.2026274499999,7056.636908160001,1254.4414225600003,999.7095543499996,2038.7756872700006,2763.710243980001,2804.3759542399994,379.35973414,775.3726380399999,233.84995294,914.84897876,500.9446503599994,1634.42502658,1.67240653,1632.75262005,263.46489918000015,3194.7244239200004,6455.2721515099975,925.057677190016,23298.701064440014
2022-05-01,Monthly,Jumlah / Total,467.77229980000004,1298.78256203,1047.7134866499998,681.6188240800001,366.0946625699999,251.06907538000007,9795.448581370003,1731.1873424900002,1493.1272436299998,2875.956785360001,3695.177209890001,3993.0958593099995,498.02862323,1060.01095221,319.04379221,1309.7707819,806.2417097599994,2858.4409199700003,2.48580479,2855.95511518,303.5273141600002,4315.421458910001,10404.464114829996,1506.3180845800066,34943.271194960005
2022-05-01,Monthly,Bank-bank Pelaburan / Investment Banks,180.47741303,2.3091568700000003,2.3091568700000003,0.17169748,2.13745939,0.0,0.7240044199999999,0.7240044199999999,0.0,0.0,0.0,0.0,0.0,0.0,0.0,0.0,0.0,0.0,0.0,0.0,0.0,55.97238592,53.14635043,25.474788079999996,318.10409875
2022-05-01,Monthly,Bank-bank Islam / Islamic Banks,46.57169212,572.4525761500001,491.58612822,333.65678247000005,157.92934574999992,80.86644793000016,2738.0876687900004,476.02191551,493.4176892800003,837.1810980900003,931.46696591,1188.71990507,118.66888909000001,284.63831417,85.19383927000001,394.92180314,305.2970594,1224.0158933900002,0.81339826,1223.2024951300002,40.06241498000001,1064.7246490700004,3896.045612889998,555.7856193099906,11326.46603176999
2022-06-01,Monthly,Bank-bank Pelaburan / Investment Banks,179.21213569999998,2.30768392,2.30768392,0.17169748,2.13598644,0.0,0.7253525700000001,0.7253525700000001,0.0,0.0,0.0,0.0,0.0,0.0,0.0,0.0,0.0,0.0,0.0,0.0,0.0,54.43369306,48.93113125,25.54327430000012,311.1532708000001
2022-06-01,Monthly,Jumlah / Total,442.39654506,1270.69711652,1020.22884645,646.5008997400001,373.72794670999997,250.46827006999996,10000.96276395,1737.8032313599997,1527.95091091,2943.1935278799992,3792.0150937999997,3988.2094950700002,489.9096861499999,1050.40309919,316.6363705,1311.98452404,819.2758151900009,2908.3773819199996,2.5347479799999997,2905.84263394,320.78019401000006,4453.890589920001,10744.34236411,1481.335737329995,35610.99218789
2022-06-01,Monthly,Bank-bank Perdagangan / Commercial Banks,231.18298594000004,695.88370819,531.12984996,319.99003726000007,211.13981269999994,164.75385823,7192.214886669999,1254.5410555899998,1014.1938271199997,2080.2387719399994,2843.24123202,2794.4028290300002,372.60971656999993,769.4056824099999,230.34453010000001,910.08260897,511.96029098000065,1651.86951074,1.7210682999999998,1650.1484424399998,282.7603126800001,3178.7380389200007,6543.68913412,910.4118600200018,23481.15326631
2022-06-01,Monthly,Bank-bank Islam / Islamic Banks,32.00142341999999,572.50572441,486.79131257,326.339165,160.45214757000002,85.71441183999997,2808.0225247099997,482.5368231999999,513.7570837900003,862.9547559399998,948.7738617799998,1193.80666604,117.29996958,280.99741678,86.2918404,401.9019150699999,307.3155242100002,1256.50787118,0.81367968,1255.6941915,38.01988132999998,1220.71885794,4151.722098740001,545.3806030099931,11818.685650779995
2022-07-01,Monthly,Bank-bank Perdagangan / Commercial Banks,234.79752002,697.2353785299999,545.9050118499999,342.44479743999995,203.46021441,151.33036668,7164.901218859997,1243.8803916499996,1012.0940937099995,2055.6620558399995,2853.264677659999,2819.9572973199997,385.22702005,737.6421114699999,241.96456842999999,949.27046938,505.8531279899995,1698.4607291499995,1.9193295899999998,1696.5413995599995,288.4849710999999,3194.8588311799995,6852.156240519998,914.6482819800112,23865.500468660004
2022-07-01,Monthly,Bank-bank Pelaburan / Investment Banks,179.05709756,2.30661932,2.30661932,0.17169748,2.1349218399999996,0.0,0.75184862,0.75184862,0.0,0.0,0.0,0.0,0.0,0.0,0.0,0.0,0.0,0.0,0.0,0.0,0.0,54.214015229999994,49.22047854,25.61466280999997,311.16472208
2022-07-01,Monthly,Jumlah / Total,444.72466711,1304.36341515,1068.6712998599999,698.03262461,370.63867525,235.69211529000006,10068.728119539997,1741.7596665799995,1547.8010378399997,2952.5483994399992,3826.619015679999,4019.98093264,499.67835565,1018.7914062799999,328.70175740999997,1359.11161182,813.6978014799997,3008.4167257299996,2.7339141299999996,3005.6828115999997,325.8457862299999,4625.098802029999,11141.412851209998,1500.8643621800097,36439.43566182
2022-07-01,Monthly,Bank-bank Islam / Islamic Banks,30.870049530000003,604.8214173000001,520.4596686900001,355.41612969000005,165.043539,84.36174861000006,2903.07505206,497.12742631,535.7069441300002,896.8863435999999,973.35433802,1200.0236353200003,114.4513356,281.14929481,86.73718898,409.84114244,307.8446734900002,1309.9559965800001,0.8145845399999999,1309.1414120400002,37.36081513000001,1376.0259556199994,4240.0361321499995,560.6014173899985,12262.770471079997
2022-08-01,Monthly,Bank-bank Perdagangan / Commercial Banks,136.48196808,699.4483820899999,551.9346552299999,350.20637940999995,201.7282758199999,147.51372686000002,6901.138203440003,1199.79954824,959.7088655499998,1943.5888929399998,2798.0408967100025,2790.11816987,388.91537299000004,716.53564552,238.87081241999996,955.3093384199999,490.4870005200005,1632.3866602300002,1.7896304399999996,1630.59702979,299.5846226000002,3162.2360342399998,7277.138699129997,909.4155749699967,23807.948314649995
2022-08-01,Monthly,Bank-bank Islam / Islamic Banks,38.22398847,616.6886634700002,533.6618948500002,367.69861969000016,165.96327516000002,83.02676861999998,2832.5792516500005,498.43636339,521.6387226200002,865.5334767800002,946.97068886,1346.0665495,194.67396726999993,285.61284368,146.45135814000002,416.51828170000005,302.8100987100002,1286.44452991,0.7655251,1285.67900481,38.713308919999974,1404.9159906200002,4227.72723826,622.5979105899987,12413.95743139
2022-08-01,Monthly,Bank-bank Pelaburan / Investment Banks,175.88818894,2.30495356,2.30495356,0.17169748,2.1332560799999998,0.0,0.72699627,0.72699627,0.0,0.0,0.0,0.0,0.0,0.0,0.0,0.0,0.0,0.0,0.0,0.0,0.0,54.45271838,49.419197319999995,25.684952029999977,308.47700649999996
2022-08-01,Monthly,Jumlah / Total,350.59414548999996,1318.44199912,1087.90150364,718.0766965800002,369.82480705999996,230.54049548,9734.444451360003,1698.9629079,1481.34758817,2809.1223697200003,3745.0115855700024,4136.1847193700005,583.58934026,1002.1484892000001,385.32217056,1371.82762012,793.2970992300006,2918.83119014,2.5551555399999994,2916.2760346,338.2979315200002,4621.60474324,11554.285134709997,1557.6984375899954,36530.38275253999
2022-09-01,Monthly,Bank-bank Islam / Islamic Banks,27.128286279999994,655.8715288999998,572.9974576699998,401.65331716999987,171.34414049999992,82.87407123000003,2911.6541660800003,516.3509558399999,549.2340460800003,899.03866067,947.03050349,1370.3004856199998,186.93909922,304.67097506,145.08227570999998,425.6385594399999,307.96957619,1302.1931482799996,0.75703901,1301.4361092699996,40.68719032000003,1492.1341325599997,3810.429499720001,623.0920356900006,12233.490473450001
2022-09-01,Monthly,Jumlah / Total,339.87004099,1346.71690018,1117.03276109,742.80199386,374.23076722999986,229.68413909000014,9675.968359659999,1649.9494208599995,1506.5374127400005,2837.3845218599986,3682.097004200001,4283.494271389999,587.36656253,1035.82082008,501.79642320000005,1370.80827028,787.7021952999994,2966.7471059500003,2.2647252,2964.4823807500006,345.89526995,4603.54038742,11255.74717283,1574.1728536800083,36392.15236205
2022-09-01,Monthly,Bank-bank Pelaburan / Investment Banks,174.07601376,2.3140406600000003,2.3140406600000003,0.18244168000000002,2.13159898,0.0,0.69950745,0.69950745,0.0,0.0,0.0,0.0,0.0,0.0,0.0,0.0,0.0,0.0,0.0,0.0,0.0,1e-06,49.300550539999996,25.752427290000014,252.14254069999998
2022-09-01,Monthly,Bank-bank Perdagangan / Commercial Banks,138.66574095,688.5313306200002,541.7212627600001,340.9662350100001,200.75502774999995,146.81006786000012,6763.6146861299985,1132.8989575699995,957.3033666600002,1938.3458611899985,2735.066500710001,2913.1937857699995,400.42746331000006,731.14984502,356.7141474900001,945.1697108400001,479.7326191099994,1664.553957670001,1.50768619,1663.046271480001,305.20807963,3111.40625386,7396.01712257,925.3283907000077,23906.519347900005
2022-10-01,Monthly,Jumlah / Total,335.87252824,1379.5164456999998,1146.4441149099998,774.21881775,372.22529715999997,233.07233079000002,9792.706899230001,1676.5906139800004,1545.4572468,2875.73422,3694.92481845,4358.64317162,576.28084932,1125.4429815,497.3478954099999,1399.99481496,759.5766304300007,3005.4593394800004,2.3105354100000004,3003.1488040700006,376.15195567000006,4630.726666370002,11223.815138430004,1567.0758710199987,36669.96801576001
2022-10-01,Monthly,Bank-bank Islam / Islamic Banks,20.99569336000001,667.5324915299999,584.6424076999999,417.23185600999994,167.41055168999998,82.89008382999998,3026.2846566000007,540.3938669400002,582.08319156,926.3668581999999,977.4407399000004,1444.4742019300004,188.49007218999998,372.17882079000003,144.81953506999997,423.28394314,315.70183074000033,1338.2192833700008,0.9980355200000001,1337.2212478500007,47.952956319999984,1462.104322840001,3874.1239760800017,624.6092513699914,12506.296833399996
2022-10-01,Monthly,Bank-bank Perdagangan / Commercial Banks,140.48238745,709.68212484,559.49987788,356.81526426,202.68461362,150.18224696000004,6765.56381928,1135.3383236900002,963.3740552399998,1949.3673617999998,2717.4840785499996,2914.1689696900003,387.79077713000004,753.26416071,352.52836033999995,976.71087182,443.8747996900004,1667.2400561099998,1.3124998900000004,1665.9275562199998,328.19899935000007,3117.425826700001,7300.499406020002,916.6128186600072,23859.874408100008
2022-10-01,Monthly,Bank-bank Pelaburan / Investment Banks,174.39444742999999,2.30182933,2.30182933,0.17169748,2.1301318499999997,0.0,0.8584233500000001,0.8584233500000001,0.0,0.0,0.0,0.0,0.0,0.0,0.0,0.0,0.0,0.0,0.0,0.0,0.0,51.19651683,49.19175633,25.853800990000025,303.79677426
2022-11-01,Monthly,Bank-bank Islam / Islamic Banks,17.56747135,700.6297904599999,613.1531712899998,445.57776218999993,167.5754090999999,87.47661917000005,3179.2721265300006,572.7424685500001,618.0456095600001,964.7862028100004,1023.6978456100001,1454.51605367,192.66136940999996,371.43196673,143.17644902999996,430.15605107,317.09021743000017,1216.9851267799995,0.98037253,1216.0047542499995,52.25521176000001,1418.8211505500008,3852.65713036,691.7436394700089,12584.447700930008
2022-11-01,Monthly,Bank-bank Perdagangan / Commercial Banks,132.58039898,728.8794845200001,583.96253346,377.81007612,206.15245734,144.9169510600001,6897.1362247199995,1162.7094651300001,986.09176214,1979.4866365299997,2768.8483609199993,2967.98466752,365.32581624,742.1162559599999,374.05463532,994.25748243,492.2304775700002,1533.6686303199995,1.6084446199999998,1532.0601856999995,347.1490090300001,3076.271177569999,7297.52375422,909.3930894399928,23890.58643631999
2022-11-01,Monthly,Bank-bank Pelaburan / Investment Banks,173.52818985,2.30037044,2.30037044,0.17169748,2.12867296,0.0,1.15242387,1.15242387,0.0,0.0,0.0,0.0,0.0,0.0,0.0,0.0,0.0,0.0,0.0,0.0,0.0,50.2073769,48.216740230000006,25.92582391000002,301.3309252
2022-11-01,Monthly,Jumlah / Total,323.67606018000004,1431.8096454200002,1199.41607519,823.55953579,375.8565393999999,232.39357023000014,10077.56077512,1736.6043575500003,1604.1373717000001,2944.2728393400002,3792.5462065299994,4422.50072119,557.9871856499999,1113.5482226899999,517.23108435,1424.4135335,809.3206950000003,2750.653757099999,2.5888171499999997,2748.064939949999,399.4042207900001,4545.299705019999,11198.39762481,1627.0625528200017,36776.36506245
2022-12-01,Monthly,Bank-bank Pelaburan / Investment Banks,142.5059628,2.2991287999999996,2.2991287999999996,0.17169748,2.1274313199999995,0.0,1.15227439,1.15227439,0.0,0.0,0.0,0.0,0.0,0.0,0.0,0.0,0.0,0.0,0.0,0.0,0.0,50.45880211,48.22711403,6.114794480000086,250.75807661000007
2022-12-01,Monthly,Jumlah / Total,291.79877066999995,1409.4771486500001,1194.8648457900003,819.1567532300003,375.70809256000007,214.6123028599999,10188.026783490002,1769.1063351000003,1641.58103984,3007.3134515600004,3770.0259569900013,4391.908384429999,527.37643957,1070.53756292,510.57783125000003,1357.21637392,926.2001767699996,2757.510314899999,2.1304657099999997,2755.379849189999,405.87909534000005,2537.7488741999996,11166.456360799999,1646.4220024500232,34795.22773493002
2022-12-01,Monthly,Bank-bank Islam / Islamic Banks,18.945861839999996,686.27473406,616.9722169500002,451.01271504000016,165.95950191000003,69.30251710999983,3273.6351693100005,598.4959310299998,653.11297452,1007.1716095900005,1014.8546541700001,1415.7869970599997,183.72735614999996,370.75054217999997,130.58962522,415.84551351999994,314.87395999,1217.1285139099998,0.27225632000000005,1216.8562575899998,51.95982318,1325.77530343,3747.76881258,745.8963534099948,12483.171568779995
2022-12-01,Monthly,Bank-bank Perdagangan / Commercial Banks,130.34694603,720.9032857900002,575.5935000400001,367.9723407100001,207.62115933,145.30978575000006,6913.239339790001,1169.4581296800004,988.46806532,2000.14184197,2755.171302820001,2976.12138737,343.64908342,699.78702074,379.98820603,941.3708604000001,611.3262167799996,1540.3818009899992,1.8582093899999998,1538.5235915999992,353.91927216000005,1161.51476866,7370.4604341899985,894.4108545600284,22061.298089540025
2023-01-01,Monthly,Bank-bank Islam / Islamic Banks,13.836525520000002,706.2166524699998,634.6405252599998,469.2206315699998,165.41989368999998,71.57612720999998,3325.3200237799997,626.0308339399999,690.3335904100002,1030.5503621399998,978.40523729,1409.4123720600003,182.39548727,374.99798051,125.59757701000001,412.06539501,314.3559322600005,1255.4882752999993,0.27323907000000003,1255.2150362299992,54.54148593999999,1330.6975048100003,3778.05317924,742.7207703100048,12616.286789430003
2023-01-01,Monthly,Bank-bank Pelaburan / Investment Banks,142.22939746,2.29744458,2.29744458,0.17169748,2.1257471,0.0,1.161185,1.161185,0.0,0.0,0.0,0.0,0.0,0.0,0.0,0.0,0.0,0.0,0.0,0.0,0.0,50.22871543,48.240484509999995,6.116798190000054,250.27402517000002
2023-01-01,Monthly,Jumlah / Total,286.63056077,1448.29246138,1229.1905023499999,852.4927494999998,376.6977528500001,219.10195903,10123.905056730002,1804.3348360499997,1685.5663009100006,3026.1876055700004,3607.816314200001,4424.20716532,525.57826734,1081.66256008,510.31265733000004,1378.88712304,927.7665575300002,2783.7353688,1.7501233799999998,2781.98524542,420.33016397000017,2536.21029732,11207.807330489997,1707.8938694700357,34939.01227425003
2023-01-01,Monthly,Bank-bank Perdagangan / Commercial Banks,130.56463779,739.7783643300002,592.2525325100002,383.10042045000006,209.1521120600001,147.52583182,6797.423847950002,1177.14281711,995.2327105000004,1995.6372434300008,2629.411076910001,3014.7947932599996,343.18278007000004,706.66457957,384.71508032,966.8217280299999,613.4106252699997,1528.2470935000006,1.4768843099999998,1526.7702091900005,365.7886780300002,1155.2840770799996,7381.513666739996,959.0563009700309,22072.451459650027
2023-02-01,Monthly,Bank-bank Pelaburan / Investment Banks,141.6913229,2.2959601600000004,2.2959601600000004,0.17169748,2.12426268,0.0,0.8526463999999999,0.8526463999999999,0.0,0.0,0.0,0.0,0.0,0.0,0.0,0.0,0.0,0.0,0.0,0.0,0.0,50.47286092,48.50367102,6.122216960000031,249.93867836
2023-02-01,Monthly,Jumlah / Total,287.58321132,1377.9662510500002,1170.68139197,799.74575039,370.93564158000004,207.28485908000016,10277.84911055,1791.8022455799999,1728.6129068799996,3084.97822584,3672.4557322499995,4177.764160650001,468.29909876,1070.5879031000002,496.60895683,1352.74558883,789.5226131300012,2932.7477711700017,1.71362444,2931.034146730002,422.0072745599999,2538.35195466,11338.972209909998,1649.1178085500064,35002.35975242001
2023-02-01,Monthly,Bank-bank Perdagangan / Commercial Banks,129.61871373,687.1162027800001,544.2550462300001,341.89629194,202.35875429000004,142.86115655000003,6807.7046235,1147.79748947,994.3311375399999,2018.8712154800003,2646.7047810099994,2903.2746979300005,281.20452303999997,696.2581832000001,372.64095268,932.39389429,620.7771447200004,1656.1104138300016,1.4391172300000001,1654.6712966000016,365.4008178599999,1161.2742676300002,7403.041432569996,970.7832869800004,22084.324456809998
2023-02-01,Monthly,Bank-bank Islam / Islamic Banks,16.273174689999994,688.5540881100001,624.1303855799999,457.67776096999995,166.45262461,64.42370253000013,3469.29184065,643.1521097099999,734.2817693399998,1066.10701036,1025.7509512400002,1274.4894627200008,187.09457572000005,374.32971990000004,123.96800415,420.3516945399999,168.74546841000085,1276.63735734,0.27450720999999995,1276.3628501300002,56.60645670000001,1326.60482611,3887.4271063200017,672.212304610006,12668.096617250008
2023-03-01,Monthly,Bank-bank Pelaburan / Investment Banks,141.41697288,2.29449299,2.29449299,0.17169748,2.12279551,0.0,0.85189236,0.85189236,0.0,0.0,0.0,0.0,0.0,0.0,0.0,0.0,0.0,0.0,0.0,0.0,0.0,50.745677,48.52143158,6.130408859999932,249.96087566999995
2023-03-01,Monthly,Jumlah / Total,281.47770535000006,1359.1027853899998,1146.4809575799998,784.6757058199997,361.8052517600001,212.62182781,10108.75199674,1758.59164681,1707.8044381600002,3021.7587345500006,3620.597177219999,4152.912345750001,481.23080513,1011.9706554699999,489.65561356999996,1379.2995261799997,790.7557454000012,2801.1374568400006,1.7089518799999999,2799.428504960001,416.3891466099999,2642.46897808,11449.336242559999,1579.118312579997,34790.694969899996
2023-03-01,Monthly,Bank-bank Islam / Islamic Banks,15.879611330000008,684.57324273,613.2680259699998,453.74732758999977,159.52069838000006,71.30521676000012,3461.4414786300003,648.6323133600001,740.1654048700001,1059.2090662400003,1013.4346941599999,1269.3743553300005,188.677492,379.64103133000003,121.30066620999999,417.64548983999987,162.10967595000056,1178.01335705,0.27547951,1177.73787754,52.61116062,1471.97947565,3922.273275120001,670.9630325700018,12727.108989030006
2023-03-01,Monthly,Bank-bank Perdagangan / Commercial Banks,124.18112114000002,672.2350496699999,530.91843862,330.75668074999993,200.16175787000003,141.3166110499999,6646.45862575,1109.1074410899998,967.63903329,1962.54966831,2607.1624830599994,2883.5379904200004,292.55331313,632.3296241399999,368.35494736,961.65403634,628.6460694500006,1623.1240997900009,1.4334723699999998,1621.690627420001,363.7779859899999,1119.74382543,7478.5415358599985,902.0248711499953,21813.625105199993
2023-04-01,Monthly,Bank-bank Islam / Islamic Banks,78.78956538000004,719.9166593500001,648.72293476,489.6812332300001,159.04170152999995,71.1937245900001,3704.4447955799997,713.2602982299999,817.0814588899999,1140.22554288,1033.8774955799997,1286.1671256500001,197.2345939200001,371.2935528400001,120.86905864,433.52457582999995,163.24534441999987,1292.5152083799999,0.37719414,1292.1380142399998,53.169087539999985,1467.04730518,3945.9116290699994,671.9092958800047,13219.870672010004
2023-04-01,Monthly,Bank-bank Perdagangan / Commercial Banks,134.57315331999996,689.0455559800001,552.1869575000002,348.2882492900001,203.89870821000005,136.85859847999996,6761.549479999999,1151.34968183,990.1998698499996,2003.57811577,2616.4218125499992,2885.7223721399996,291.71040711,623.35006421,367.72069672,975.2315136099999,627.7096904899995,1624.627229980001,1.3872373,1623.239992680001,366.23392089000026,1063.96332765,7516.368638480002,878.717782030013,21920.801460470015
2023-04-01,Monthly,Jumlah / Total,353.97955111,1411.2557100600002,1203.2033869900001,838.1411800000002,365.06220699,208.05232307000006,10467.199092309998,1865.52605265,1807.5700728799995,3143.80365865,3650.299308129999,4171.88949779,488.94500103000007,994.6436170500001,488.58975535999997,1408.7560894399999,790.9550349099993,2917.1424383600006,1.76443144,2915.378006920001,419.4030084300002,2582.0222323599996,11510.705148900002,1556.7597564600178,35390.35643578001
2023-04-01,Monthly,Bank-bank Pelaburan / Investment Banks,140.61683241,2.29349473,2.29349473,0.17169748,2.1217972499999997,0.0,1.2048167300000001,0.91607259,0.28874414000000004,0.0,0.0,0.0,0.0,0.0,0.0,0.0,0.0,0.0,0.0,0.0,0.0,51.01159953,48.42488135,6.132678549999952,249.68430329999995
2023-05-01,Monthly,Bank-bank Perdagangan / Commercial Banks,127.83586094000002,719.5067552499999,574.2334452599999,364.9450788,209.28836645999996,145.27330998999992,6911.47910817,1174.51624878,1019.9236624200001,2033.08363234,2683.9555646299996,2913.04420533,301.02315569000007,595.7238999,369.84334218000004,1017.0246818799998,629.4291256799996,1622.7713086,1.0289940300000002,1621.7423145700002,364.9727437800001,1066.3245504300003,7525.514472669999,905.3489028300028,22156.797908
2023-05-01,Monthly,Jumlah / Total,318.01341048999996,1503.4371062100001,1281.4356260900004,910.7355645600002,370.70006152999997,222.00148011999988,10737.102133639999,1923.1799534500003,1881.3312852800004,3208.7568650799994,3723.834029829999,4241.81844286,500.4699172600001,966.7175962199999,490.68738369000005,1469.01787629,814.9256693999994,2946.4196009099996,1.4189220100000002,2945.0006789,419.8968744500001,2603.5117516800005,11596.571424310001,1566.7210836699999,35933.491828219994
2023-05-01,Monthly,Bank-bank Pelaburan / Investment Banks,145.70726498,2.29155566,2.29155566,0.17169748,2.11985818,0.0,1.2057054699999998,0.9166166599999999,0.28908881,0.0,0.0,0.0,0.0,0.0,0.0,0.0,0.0,0.0,0.0,0.0,0.0,51.2921451,48.33692868,6.143940269999973,254.97754015999996
2023-05-01,Monthly,Bank-bank Islam / Islamic Banks,44.470284569999976,781.6387953000002,704.9106251700002,545.6187882800002,159.29183689,76.72817012999997,3824.4173199999996,747.7470880100001,861.1185340500002,1175.6732327399998,1039.8784651999997,1328.77423753,199.44676157,370.99369631999997,120.84404151000001,451.9931944100001,185.49654371999975,1323.6482923099995,0.38992798,1323.2583643299995,54.92413067000002,1485.89505615,4022.7200229600007,655.2282405699971,13521.716380059996
2023-06-01,Monthly,Jumlah / Total,309.90328291000003,1229.0033755,992.1768443200001,898.213221,93.9636233200001,236.8265311799999,10852.87859779,1968.02981145,1935.3925285900004,3209.1939685800007,3740.2622891700016,4225.68659349,485.5843621299999,977.4236408900001,490.2841547,1452.1455578300001,820.2488779399991,2851.924604390001,1.5772009700000003,2850.347403420001,442.16259656000017,2579.0339428200004,11137.447709650001,1564.0531540300055,35192.09385714001
2023-06-01,Monthly,Bank-bank Pelaburan / Investment Banks,138.0844583,2.2900966400000002,2.2900966400000002,0.17169748,2.11839916,0.0,1.21013835,0.92104954,0.28908881,0.0,0.0,0.0,0.0,0.0,0.0,0.0,0.0,0.0,0.0,0.0,0.0,51.571170020000004,48.23844667,6.149306479999979,247.54361645999998
2023-06-01,Monthly,Bank-bank Perdagangan / Commercial Banks,128.16195628000003,580.57893798,424.22289581,356.92518306,67.29771275000002,156.35604216999997,6947.908893380001,1182.66876457,1036.70249216,2010.0657817600006,2718.4718548900014,2882.5766388199995,292.1331207699999,598.2314349600001,369.73671918,991.2523740500001,631.2229898599994,1611.4650652200003,1.1123742800000003,1610.3526909400002,389.9232013600001,1134.4398707400003,7732.5953693,902.5178801799993,22310.16781326
2023-06-01,Monthly,Bank-bank Islam / Islamic Banks,43.65686832999997,646.13434088,565.66385187,541.11634046,24.547511410000084,80.47048900999994,3903.75956606,784.4399973399999,898.4009476200002,1199.1281868199999,1021.7904342800002,1343.1099546699998,193.45124135999998,379.19220592999994,120.54743551999998,460.89318377999996,189.02588807999973,1240.4595391700007,0.46482669,1239.9947124800005,52.239395200000025,1393.0229020600002,3356.613893680001,655.3859673700063,12634.382427420009
2023-07-01,Monthly,Bank-bank Islam / Islamic Banks,42.45927052999999,670.4173582200001,590.4586185500001,566.7968370300001,23.661781519999977,79.95873967,4178.99189634,844.8718373799999,989.7311774399997,1278.5510056899996,1065.8378758300003,1334.10609514,195.94225680000002,335.5403638,121.66496996000001,465.09670408,215.86180049999996,1327.60310815,0.47621529,1327.12689286,52.20796715999998,1418.1422261400003,3244.4351616399995,679.9156919399884,12948.278775259989
2023-07-01,Monthly,Bank-bank Perdagangan / Commercial Banks,150.14219988999997,575.6618172899999,458.94239222999994,387.38866935999994,71.55372287,116.71942505999999,7216.753023840001,1228.2665350700004,1124.72206471,2090.73402339,2773.030400670001,3042.56768313,359.11671056999995,641.0970234199999,376.05315095,1030.54545606,635.7553421300001,1655.1827714999997,1.7647506400000001,1653.4180208599996,414.0938819199997,1181.45897631,7895.936157539997,887.491784389993,23019.28829580999
2023-07-01,Monthly,Jumlah / Total,360.71811647999994,1248.3678049799998,1051.68964025,954.35720387,97.33243637999998,196.67816473,11396.95614491,2074.06050837,2114.74233096,3369.2850290799997,3838.8682765000012,4376.67377827,555.05896737,976.6373872199999,497.71812091,1495.6421601400002,851.6171426300001,2982.7858796499995,2.24096593,2980.5449137199994,466.30184907999967,2651.4614199200005,11188.519852899995,1573.5642808599814,36245.34912704998
2023-07-01,Monthly,Bank-bank Pelaburan / Investment Banks,168.11664606,2.2886294699999996,2.2886294699999996,0.17169748,2.1169319899999994,0.0,1.21122473,0.92213592,0.28908881,0.0,0.0,0.0,0.0,0.0,0.0,0.0,0.0,0.0,0.0,0.0,0.0,51.86021747,48.148533719999996,6.156804529999988,277.78205598
2023-08-01,Monthly,Bank-bank Perdagangan / Commercial Banks,150.34667345999998,597.6069752300001,469.48126512,393.7989689500001,75.68229616999992,128.1257101100001,7154.49817268,1218.8337973499997,1123.2157109100003,2070.73503074,2741.71363368,3041.8686337400004,356.98515525000005,634.5417296400001,378.6250990000001,1026.27033472,645.4463151300004,1629.7731508300003,1.72304917,1628.0501016600003,429.8167522,1177.2549201,8084.787244429998,888.9183363800039,23154.870859050003
2023-08-01,Monthly,Jumlah / Total,354.10182876999994,1295.5473449600001,1088.6471869199997,985.7230817000001,102.9241052199999,206.90015804000018,11383.652047770001,2075.14088887,2150.2207867300003,3365.22321604,3793.06715613,4422.054021710001,555.89342732,998.59292028,497.4023247200001,1497.2261672700001,872.9391821200003,2952.7557743899997,2.06021674,2950.69555765,482.98418768,2654.46875534,11708.333037369997,1569.5424189700045,36823.43941696
2023-08-01,Monthly,Bank-bank Pelaburan / Investment Banks,166.82103719999998,2.2874112199999996,2.2874112199999996,0.17169748,2.1157137399999995,0.0,1.19597233,0.90688352,0.28908881,0.0,0.0,0.0,0.0,0.0,0.0,0.0,0.0,0.0,0.0,0.0,0.0,52.15298093,48.05800638,6.167383450000045,276.68279151
2023-08-01,Monthly,Bank-bank Islam / Islamic Banks,36.93411811,695.65295851,616.8785105799999,591.7524152699999,25.126095309999982,78.77444793000006,4227.95790276,855.400208,1026.7159870100002,1294.4881852999997,1051.3535224500001,1380.18538797,198.90827206999995,364.05119063999996,118.77722571999999,470.9558325500001,227.49286698999992,1322.9826235599996,0.33716757,1322.6454559899996,53.16743548,1425.06085431,3575.4877865599983,674.4566991400006,13391.885766399997
2023-09-01,Monthly,Bank-bank Islam / Islamic Banks,40.33290619000002,689.65542882,612.57676797,588.1306404500001,24.44612751999989,77.07866085,3891.4826808999997,816.64250177,949.98022607,1172.8082560999994,952.0516969600001,1324.8271831600002,203.85313802000002,326.96902723000005,119.66572536000001,462.33377449999995,212.00551805000026,1349.2131450300005,0.33939277,1348.8737522600006,52.43397902000001,1451.7603153300004,3610.4937398699994,679.4609652499967,13089.660343569998
2023-09-01,Monthly,Jumlah / Total,357.67737352000006,1266.78521416,1062.0456445399998,969.60819959,92.43744494999987,204.73956962000005,10649.752610639998,2014.31515341,2046.4210743899998,3148.4231702199995,3440.5932126199987,4315.95008118,560.1560686600001,959.19249323,499.37070329999995,1441.35037814,855.8804378499999,2943.3115305500005,1.41127942,2941.900251130001,464.0375752399998,2394.43583527,11864.98434208,1593.9613033799974,35850.89586601999
2023-09-01,Monthly,Bank-bank Pelaburan / Investment Banks,167.00196688,2.28593777,2.28593777,0.17169748,2.1142402899999997,0.0,1.19402594,0.9049371300000001,0.28908881,0.0,0.0,0.0,0.0,0.0,0.0,0.0,0.0,0.0,0.0,0.0,0.0,52.439626170000004,48.33740043,6.174606500000152,277.43356369000014
2023-09-01,Monthly,Bank-bank Perdagangan / Commercial Banks,150.34250045000002,574.8438475699999,447.1829387999998,381.30586165999983,65.87707713999998,127.66090877000005,6757.075903799999,1196.7677145100001,1096.15175951,1975.6149141199999,2488.5415156599984,2991.1228980199994,356.30293064000006,632.2234659999999,379.70497793999994,979.0166036400001,643.8749197999996,1594.0983855200002,1.0718866500000002,1593.0264988700003,411.6035962199998,890.23589377,8206.153201780002,908.3257316300005,22483.80195876
2023-10-01,Monthly,Bank-bank Perdagangan / Commercial Banks,123.08976943,567.3297542699997,442.0110202299998,377.0797944199998,64.93122581,125.31873403999992,6692.51907645,1189.5588990099998,1097.1641494800003,1976.44689609,2429.34913187,2989.0257699100002,356.2860567899999,640.92404411,377.74565565999995,988.9558241200001,625.1141892300003,1570.9645529799989,1.1537865299999999,1569.810766449999,429.84025813999995,894.16818847,7872.089891060002,918.4284631899754,22057.455723899973
2023-10-01,Monthly,Bank-bank Pelaburan / Investment Banks,165.49742748,2.11252456,2.11252456,0.0,2.11252456,0.0,1.19348512,0.9043963100000001,0.28908881,0.0,0.0,0.0,0.0,0.0,0.0,0.0,0.0,0.0,0.0,0.0,0.0,52.73700366,47.864478010000006,6.184988299999986,275.58990713
2023-10-01,Monthly,Jumlah / Total,323.23419438999997,1250.6556115399999,1051.92314564,958.9859717999998,92.93717384000001,198.7324658999999,10630.92649089,2017.6082874399997,2080.2507234700006,3149.1374330199997,3383.93004696,4292.75582404,556.3050122699999,943.42405447,496.82027588999995,1453.0891631000002,843.1173183100005,3120.526085699999,1.7288458899999999,3118.797239809999,483.87020719,2397.78990731,11569.498781310003,1609.1614706599707,35678.41857302997
2023-10-01,Monthly,Bank-bank Islam / Islamic Banks,34.64699748,681.21333271,607.79960085,581.90617738,25.893423470000016,73.41373185999998,3937.21392932,827.14499212,982.79748518,1172.6905369299998,954.5809150899998,1303.7300541300003,200.01895548,302.50001036000003,119.07462023000001,464.1333389800001,218.00312908000024,1549.56153272,0.57505936,1548.98647336,54.029949050000035,1450.8847151800003,3649.5444122400017,684.5480191699953,13345.372941999998
2023-11-01,Monthly,Bank-bank Pelaburan / Investment Banks,165.24925671,0.0,0.0,0.0,0.0,0.0,1.19051192,0.90142311,0.28908881,0.0,0.0,0.0,0.0,0.0,0.0,0.0,0.0,0.0,0.0,0.0,0.0,53.02861564,47.07616298,5.886852439999984,272.43139969
2023-11-01,Monthly,Jumlah / Total,322.1861027,1286.4568570899999,1081.5266798299997,991.2588828799998,90.26779694999993,204.93017726000016,10602.91845777,2016.6243642599993,2087.95240731,3147.3379975199996,3351.0036886800003,4268.37170636,555.2170999599999,952.4542221099999,489.90537932999996,1426.5500168499998,844.2449881100001,3138.718364209999,1.54575533,3137.172608879999,498.7897618299999,2297.793475130001,11548.75814082,1582.934073880007,35546.926939790006
2023-11-01,Monthly,Bank-bank Islam / Islamic Banks,39.94356106,706.8062465599999,630.8713680899998,603.5895072999998,27.281860789999996,75.93487847000006,3921.31045547,834.1941691199996,984.5827677000001,1157.86853892,944.66497973,1297.1658415999998,198.00054385,305.5983021599999,118.32780783,462.02266766,213.2165200999999,1558.1712969999987,0.80813637,1557.3631606299987,55.59930767999999,1360.5667697100002,3641.743042149999,667.6800515100076,13248.986572740005
2023-11-01,Monthly,Bank-bank Perdagangan / Commercial Banks,116.99328493,579.65061053,450.6553117399999,387.66937557999995,62.98593615999994,128.9952987900001,6680.417490379999,1181.5287720299998,1103.0805507999999,1989.4694585999996,2406.33870895,2971.20586476,357.21655610999994,646.85591995,371.5775715,964.5273491899999,631.0284680100002,1580.5470672100005,0.73761896,1579.8094482500005,443.19045414999994,884.1980897800004,7859.938935690002,909.3671699299994,22025.50896736
2023-12-01,Monthly,Jumlah / Total,279.981924,1291.7675213099997,1088.4303857499995,996.4587283199999,91.97165742999977,203.33713555999998,10587.431461839999,2018.8766713500002,2107.83286782,3152.66010168,3308.0618209899994,4102.4402945,528.2503458100001,858.0863689,455.36657095,1416.9016138099998,843.8353950300007,3064.8983057800006,1.76474059,3063.133565190001,451.45918771000004,2426.3993549700003,11465.76823863,1571.2869566099973,35241.433245349996
2023-12-01,Monthly,Bank-bank Pelaburan / Investment Banks,165.41235996999998,0.0,0.0,0.0,0.0,0.0,1.06310985,0.77398604,0.28912381,0.0,0.0,0.0,0.0,0.0,0.0,0.0,0.0,0.0,0.0,0.0,0.0,53.33249518,47.35910314,5.896660480000037,273.06372862
2023-12-01,Monthly,Bank-bank Islam / Islamic Banks,15.031223700000002,704.5419638999996,636.8520070799997,608.5275285099998,28.324478569999883,67.6899568199999,3909.559805789999,833.60730252,989.6697129999999,1154.6022346899992,931.6805555799998,1265.4809257200004,204.61619301000007,251.15990043000008,114.21955198,479.7513481100001,215.73393219000002,1494.5469773200005,1.0122867299999998,1493.5346905900005,51.01537534000002,1347.8274191999997,3717.471258719999,669.7488836299963,13175.223833319995
2023-12-01,Monthly,Bank-bank Perdagangan / Commercial Banks,99.53834033,587.22555741,451.5783786699999,387.93119981,63.64717885999988,135.64717874000007,6676.8085462,1184.4953827900003,1117.87403101,1998.0578669900008,2376.3812654099997,2836.95936878,323.63415280000004,606.9264684699999,341.14701897,937.1502656999997,628.1014628400006,1570.3513284600003,0.7524538600000001,1569.5988746000003,400.44381237,1025.2394405900004,7700.937876770002,895.641412500001,21793.145683410003
2024-01-01,Monthly,Bank-bank Perdagangan / Commercial Banks,116.96587642,604.4908846699999,463.68762072,400.76660303999995,62.921017680000034,140.80326394999992,6698.19654386,1205.03825255,1147.8038861599998,1998.5574509400008,2346.7969542099995,2852.6946648900002,338.74827319,607.8617317599999,342.28798157000006,943.9836284899998,619.8130498800006,1582.193358119999,0.7684631300000001,1581.4248949899988,396.0210921600001,1035.6312199699996,7701.374576960001,892.4267062600156,21879.994923310016
2024-01-01,Monthly,Jumlah / Total,407.07398636,1334.59987287,1124.93983186,1033.14497041,91.79486145000004,209.66004100999993,10645.64346433,2040.9132390499997,2151.66822408,3182.1834523800007,3270.8785488199997,4138.642163730001,545.27938166,859.83287817,459.30862674,1432.1454902799996,842.0757868800008,3054.3330851999995,1.9874349100000002,3052.3456502899994,446.30480990000007,2439.06169675,10685.022676520002,1903.6336862800142,35054.315441940016
2024-01-01,Monthly,Bank-bank Pelaburan / Investment Banks,271.71997074,0.0,0.0,0.0,0.0,0.0,1.06619857,0.77707476,0.28912381,0.0,0.0,0.0,0.0,0.0,0.0,0.0,0.0,0.0,0.0,0.0,0.0,53.64265354,47.64529632,5.935541810000188,380.00966098000015
2024-01-01,Monthly,Bank-bank Islam / Islamic Banks,18.388139199999998,730.1089882,661.25221114,632.37836737,28.873843770000008,68.85677706000001,3946.3807218999996,835.0979117399997,1003.5752141099999,1183.6260014399998,924.08159461,1285.9474988400002,206.53110847,251.97114641000002,117.02064516999998,488.16186179,222.26273700000024,1472.1397270800005,1.21897178,1470.9207553000006,50.28371773999998,1349.7878232400003,2936.0028032400005,1005.2714382099985,12794.310857649998
2024-02-01,Monthly,Jumlah / Total,375.52876127,1354.08929162,1146.78667967,1049.7311867600001,97.05549291000005,207.3026119499999,10823.817500640002,2040.42706236,2212.5395130300003,3252.6470158800003,3318.20390937,4173.24062893,566.737444,851.66144485,464.1960291999999,1443.65640399,846.9893068900005,3135.1418569400003,2.0201999699999997,3133.12165697,417.0612272999998,2439.0293226400004,11037.420117420002,1577.4333007800076,35332.76200754001
2024-02-01,Monthly,Bank-bank Perdagangan / Commercial Banks,87.73242232999999,613.9336257199999,472.63026363000006,407.57919280000004,65.05107083000001,141.30336208999984,6778.6067619000005,1190.2137073000001,1178.1898400200002,2024.9824139900002,2385.22080059,2875.911156,357.09503091,605.4030283,347.40551744999993,945.4757908099999,620.5317885300004,1585.3328478100002,0.79480498,1584.5380428300002,365.63462598999985,1035.1642954800004,7490.014026750002,899.5575347400008,21731.887296720004
2024-02-01,Monthly,Bank-bank Islam / Islamic Banks,24.21050439999999,740.1556659000001,674.1564160400001,642.15199396,32.00442208000004,65.99924986000008,4044.14541287,849.4371529999999,1034.0605492,1227.6646018900003,932.98310878,1297.32947293,209.64241309000002,246.25841655000005,116.79051174999998,498.18061318,226.4575183600001,1549.80900913,1.2253949899999999,1548.58361414,51.426601309999995,1349.9304570800002,3499.4923000900008,671.9602145500066,13228.459638260007
2024-02-01,Monthly,Bank-bank Pelaburan / Investment Banks,263.58583454,0.0,0.0,0.0,0.0,0.0,1.06532587,0.7762020599999999,0.28912381,0.0,0.0,0.0,0.0,0.0,0.0,0.0,0.0,0.0,0.0,0.0,0.0,53.93457008,47.91379058,5.915551490000041,372.41507256000006
2024-03-01,Monthly,Bank-bank Islam / Islamic Banks,18.97368924,743.3886175600002,679.1149528100002,643.0445337100001,36.070419100000095,64.27366474999997,3977.71387279,823.7983147600003,1009.33749543,1214.0244141800001,930.55364842,1325.58871251,232.37690940000005,246.16597139999996,115.23463665,502.53796618,229.27322887999992,1558.1081474600007,1.79603013,1556.3121173300008,49.60137585999998,1305.0091355900001,3504.69724304,675.5970852900082,13158.677879340008
2024-03-01,Monthly,Jumlah / Total,346.97640942,1322.68898405,1114.9870813300001,1016.3176262899999,98.66945504000012,207.70190271999996,10628.597359689998,1978.6581698800003,2165.01509872,3191.67037802,3293.2537130699984,4191.568005940001,629.80705089,853.9258083700001,433.04257248,1428.90188596,845.8906882400005,3120.1491506500006,2.53288207,3117.616268580001,410.57077233000024,2408.6960516500003,10991.761404600005,1579.0545012999937,35000.06263962999
2024-03-01,Monthly,Bank-bank Pelaburan / Investment Banks,267.19314109,0.0,0.0,0.0,0.0,0.0,1.0623319,0.77320809,0.28912381,0.0,0.0,0.0,0.0,0.0,0.0,0.0,0.0,0.0,0.0,0.0,0.0,54.24645864,48.201714380000006,5.928063619999989,376.63170963
2024-03-01,Monthly,Bank-bank Perdagangan / Commercial Banks,60.80957908999999,579.3003664899999,435.8721285199999,373.27309257999985,62.59903594000002,143.42823797,6649.821154999998,1154.08664703,1155.38847948,1977.64596384,2362.7000646499987,2865.979293430001,397.4301414899999,607.7598369700002,317.80793583,926.3639197800001,616.6174593600006,1562.0410031899999,0.73685194,1561.30415125,360.9693964700003,1049.4404574199998,7438.862447180004,897.5293523899854,21464.753050659987
2024-04-01,Monthly,Bank-bank Pelaburan / Investment Banks,227.0656083,0.0,0.0,0.0,0.0,0.0,1.06382331,0.7746995000000001,0.28912381,0.0,0.0,0.0,0.0,0.0,0.0,0.0,0.0,0.0,0.0,0.0,0.0,54.55143869,48.481132409999994,5.939365929999894,337.1013686399999
2024-04-01,Monthly,Jumlah / Total,301.11237741,1327.4146068999999,1124.7653936099998,1023.55404734,101.21134626999986,202.6492132900001,10659.764910490001,1978.56841043,2199.0067083500003,3201.0727993600003,3281.1169923500006,4158.812300119999,632.46548983,855.29755908,430.85107149,1419.362995,820.8351847199992,3111.5910104999994,2.53832736,3109.0526831399993,418.3574313499999,2485.5999910399996,11138.94681209,1650.8923535899771,35252.49179348997
2024-04-01,Monthly,Bank-bank Islam / Islamic Banks,20.39760555,745.1311657,682.13878501,644.7108050200001,37.427979989999926,62.992380690000005,4065.6847737300004,840.33605726,1036.1134862699998,1227.13393002,962.1013001800005,1307.96543688,241.41311075000004,247.65366447999997,103.60618964,502.62804946000006,212.66442254999993,1567.4706451400004,1.8100325599999998,1565.6606125800004,52.47074511999998,1303.3246777599998,3537.422353759999,674.1588279599891,13274.02623159999
2024-04-01,Monthly,Bank-bank Perdagangan / Commercial Banks,53.64916356,582.2834412,442.6266085999999,378.84324231999994,63.78336627999994,139.6568326000001,6593.01631345,1137.4576536700001,1162.6040982700003,1973.93886934,2319.01569217,2850.8468632399995,391.05237908000004,607.6438946000001,327.24488184999996,916.7349455399999,608.1707621699993,1544.1203653599987,0.7282948,1543.3920705599987,365.8866862299999,1127.72387459,7553.043325920001,970.7941596999881,21641.364193249985
2024-05-01,Monthly,Bank-bank Pelaburan / Investment Banks,252.27165867000002,0.0,0.0,0.0,0.0,0.0,0.97771049,0.6882189599999999,0.28949153000000005,0.0,0.0,0.0,0.0,0.0,0.0,0.0,0.0,0.0,0.0,0.0,0.0,54.310416100000005,48.77070539,5.9519205199999305,362.28241116999993
2024-05-01,Monthly,Bank-bank Perdagangan / Commercial Banks,57.978457230000004,600.0783063399999,454.95235933999993,389.1743775899999,65.77798175000004,145.125947,6525.65818241,1098.07249562,1158.1371749100003,1967.0691331900002,2302.3793786899996,2868.56238158,394.8627951100001,606.7786893099999,325.7022637,933.1049791400001,608.1136543199998,1549.318207229999,0.6297492400000001,1548.688457989999,352.1367496600001,1063.4085725099994,7535.629391450003,858.778154949996,21411.548403359997
2024-05-01,Monthly,Jumlah / Total,327.59066867,1363.7086855999999,1152.0536396899997,1047.5867951099997,104.4668445800001,211.65504591,10517.156224340002,1907.2777864,2181.72222072,3183.7037085400007,3244.45250868,4183.78452509,640.20838946,859.0754301599999,430.73377836,1435.90536556,817.8615615499997,2940.326936029999,2.28113751,2938.045798519999,405.0324614700001,2418.460372419999,11583.532347030005,1536.8114570699804,35276.40367771999
2024-05-01,Monthly,Bank-bank Islam / Islamic Banks,17.340552770000002,763.6303792599999,697.1012803499999,658.4124175199998,38.68886283000006,66.52909891000002,3990.5203314400005,808.51707182,1023.2955542799999,1216.6345753500004,942.0731299900002,1315.22214351,245.34559435,252.29674085,105.03151465999998,502.8003864200001,209.7479072299999,1391.0087288000004,1.65138827,1389.3573405300003,52.89571181,1300.7413838099997,3999.1322501900017,672.0813815999845,13502.572863189986
2024-06-01,Monthly,Bank-bank Perdagangan / Commercial Banks,55.086135519999985,578.88992584,437.77743471,370.95105695000007,66.82637775999996,141.11249113000002,6374.909191909999,1069.5811657499999,1134.9073843199997,1916.04300768,2254.377634159999,2918.8552282600003,379.2029821,705.6652898799999,327.26633143999993,912.5883135900001,594.1323112500004,1549.50563014,0.8786830999999999,1548.62694704,355.35331408999986,1054.9474381499997,7319.171081930001,861.2836429400013,21068.00158878
2024-06-01,Monthly,Bank-bank Islam / Islamic Banks,20.974576659999997,781.4491860799998,717.5348639299998,677.6398512499998,39.895012680000036,63.914322149999975,3974.524723989999,808.6866090999998,1024.9164158999997,1209.4644744899997,931.4572245,1276.84628097,248.30033407999997,264.03338518000004,105.60368400999998,474.7394515,184.16942619999986,1345.7814136599998,1.24420903,1344.5372046299997,46.776745930000004,1309.2933275099997,4010.789782690001,672.976452619996,13439.412490109997
2024-06-01,Monthly,Jumlah / Total,321.11826781999997,1360.3391119199998,1155.3122986399999,1048.5909081999998,106.72139044,205.02681328,10350.411787799998,1878.9561552199996,2160.1132917499995,3125.50748217,3185.834858659999,4195.701509230001,627.50331618,969.6986750599999,432.8700154499999,1387.32776509,778.3017374500002,2895.2870438,2.12289213,2893.1641516699997,402.13006001999986,2418.595457669999,11379.01267614,1540.2224711399972,34862.81838554
2024-06-01,Monthly,Bank-bank Pelaburan / Investment Banks,245.05755564,0.0,0.0,0.0,0.0,0.0,0.9778719000000001,0.6883803700000001,0.28949153000000005,0.0,0.0,0.0,0.0,0.0,0.0,0.0,0.0,0.0,0.0,0.0,0.0,54.35469201,49.05181152,5.962375579999957,355.40430664999997
2024-07-01,Monthly,Bank-bank Pelaburan / Investment Banks,243.42245343,0.0,0.0,0.0,0.0,0.0,0.9780783100000001,0.6885867800000001,0.28949153000000005,0.0,0.0,0.0,0.0,0.0,0.0,0.0,0.0,0.0,0.0,0.0,0.0,54.40044397,1e-06,6.001243689999967,304.80222039999995
2024-07-01,Monthly,Bank-bank Perdagangan / Commercial Banks,54.99478740000001,577.3157523600001,439.4753917700001,379.76612216,59.70926961000009,137.84036059000005,6291.06457003,1047.3074359700001,1128.143553449999,1867.7917223099996,2247.8218583000016,2925.25265194,393.60571075999985,709.5208286999999,327.97502308,911.3233128699999,582.8277765299999,1546.5774627999997,0.6458749500000001,1545.9315878499997,352.2869223100002,1034.1766241999997,7099.515676879996,853.6427088199998,20734.827156739997
2024-07-01,Monthly,Jumlah / Total,315.21508931,1355.6120513900005,1159.1970529400003,1057.9930471300001,101.20400581000013,196.4149984500001,10276.1180799,1858.12046404,2159.9910365999986,3076.81181148,3181.1947677800013,4233.09947245,641.7118236599998,975.1279978099999,432.33437200000003,1391.88927345,792.0360055299998,2932.1051450799996,1.5093663300000002,2930.59577875,397.9871565300002,2353.474675759999,10867.489964999999,1844.8469946699918,34575.94863008999
2024-07-01,Monthly,Bank-bank Islam / Islamic Banks,16.79784848,778.2962990300002,719.7216611700002,678.2269249700001,41.494736200000034,58.57463786000005,3984.0754315599993,810.1244412899998,1031.5579916199997,1209.0200891700001,933.3729094799997,1307.8468205099998,248.1061129,265.60716911,104.35934892000002,480.5659605800001,209.2082289999998,1385.5276822800001,0.86349138,1384.6641909000002,45.70023422,1264.8976075899993,3767.974287120002,985.203042159992,13536.319252949994
2024-08-01,Monthly,Bank-bank Pelaburan / Investment Banks,243.25546476000002,0.0,0.0,0.0,0.0,0.0,0.9751913500000001,0.6856998200000001,0.28949153000000005,0.0,0.0,0.0,0.0,0.0,0.0,0.0,0.0,0.0,0.0,0.0,0.0,54.44619593,1e-06,6.040265809999994,304.71711885
2024-08-01,Monthly,Bank-bank Islam / Islamic Banks,15.607211800000009,791.41413973,733.38773536,693.00807072,40.37966463999999,58.02640437000002,3932.97933277,801.6503668999998,1016.0807136700003,1183.3564579299998,931.8917942699998,1374.5453697999997,254.45021516999992,265.22667197000004,105.99267397,505.8243310400001,243.05147764999964,1434.3376876500004,1.0853228,1433.2523648500003,45.08565306999998,1286.0309685200002,3832.595026329998,920.0588569299962,13632.654246599996
2024-08-01,Monthly,Jumlah / Total,312.95493552000005,1377.0962326899999,1182.03040151,1081.04661063,100.98379088000002,195.06583117999992,10117.84823173,1818.4455760199999,2104.3569707600004,3047.3653018199993,3147.6803831299985,4292.811961740001,658.0542752200001,962.9268738600001,430.40441281,1412.42617409,829.0002257600004,2958.7582565600014,1.7334874299999998,2957.024769130001,386.1905373299999,2447.2082047400004,11000.314386249996,1775.8989732699981,34669.08171983
2024-08-01,Monthly,Bank-bank Perdagangan / Commercial Banks,54.092258959999995,585.6820929599999,448.64266614999997,388.03853990999994,60.60412624000003,137.0394268099999,6183.893707609999,1016.1095093,1087.98676556,1864.0088438899995,2215.788588859999,2918.2665919400006,403.60406005000016,697.70020189,324.41173884,906.6018430499998,585.9487481100007,1524.420568910001,0.64816463,1523.772404280001,341.10488425999995,1106.73104029,7167.719358919998,849.799850530002,20731.71035438
2024-09-01,Monthly,Bank-bank Pelaburan / Investment Banks,243.07678811,0.0,0.0,0.0,0.0,0.0,0.97340086,0.68390933,0.28949153000000005,0.0,0.0,0.0,0.0,0.0,0.0,0.0,0.0,0.0,0.0,0.0,0.0,54.490471840000005,1e-06,6.07818103999989,304.6188428499999
2024-09-01,Monthly,Jumlah / Total,309.37194180999995,1408.6788316800003,1211.8180629400003,1111.2844561800002,100.53360676,196.8607687399999,10058.088934419999,1833.6130210100002,2120.411467109999,3051.5734358699992,3052.4910104299997,4189.569026990001,656.75842493,943.41305704,367.19909869,1413.95105415,808.2473921800002,2911.4915613099993,1.6023794100000002,2909.889181899999,399.14198423999994,2400.6200136699995,11028.445707410003,1354.0243098199821,34059.432311349985
2024-09-01,Monthly,Bank-bank Perdagangan / Commercial Banks,52.74001135999999,588.8413403499999,447.2049850899999,388.0585301499999,59.14645494000001,141.63635525999996,6112.398642999999,1019.1250290500002,1090.5438362999992,1876.6939600799994,2126.03581757,2877.5188709100003,399.53727553,674.34796237,319.14104340000006,902.14219479,582.3503948200004,1536.7315970600002,0.6315034700000001,1536.1000935900001,356.55978639999995,1090.37493225,6901.493969730002,857.6218991299902,20374.28105018999
2024-09-01,Monthly,Bank-bank Islam / Islamic Banks,13.555142339999998,819.8374913300004,764.6130778500004,723.2259260300004,41.387151819999985,55.22441347999995,3944.7168905599997,813.80408263,1029.57813928,1174.8794757899998,926.45519286,1312.0501560799999,257.22114940000006,269.06509466999995,48.05805529,511.80885935999993,225.8969973599999,1374.7599642499993,0.9708759400000001,1373.7890883099992,42.58219784000001,1255.7546095799999,4126.95173668,490.32422964999205,13380.532418309991
2024-10-01,Monthly,Bank-bank Pelaburan / Investment Banks,242.01310542000004,0.0,0.0,0.0,0.0,0.0,0.97081428,0.68132275,0.28949153000000005,0.0,0.0,0.0,0.0,0.0,0.0,0.0,0.0,0.0,0.0,0.0,0.0,54.536223799999995,1e-06,6.117530889999898,303.63767538999997
2024-10-01,Monthly,Jumlah / Total,306.37617952000005,1421.6777213600008,1222.6605915600005,1123.9538505200007,98.70674103999994,199.0171298000002,10005.998680749997,1797.6524831499999,2118.567663289999,3039.722633059999,3050.05590125,4163.012658290001,647.33316078,925.39580368,368.19706209,1404.9334271700002,817.1532045700003,2775.72639935,1.35367705,2774.3727222999996,428.73133267,2403.11513828,11083.515141360003,1270.515461020004,33858.6687126
2024-10-01,Monthly,Bank-bank Perdagangan / Commercial Banks,52.02542244,597.21240848,451.70693610999996,394.01380143999995,57.693134670000006,145.50547237000006,6081.642480969999,998.9400859699999,1080.8290348399994,1862.9165973299994,2138.95676283,2847.524178450001,394.73059279999995,656.21313545,314.26048667,892.6944647600003,589.6254987700004,1323.6404539099995,0.6376858599999999,1323.0027680499995,384.20991304,1091.3575259299998,6825.093966880005,830.5852658299991,20033.291615930004
2024-10-01,Monthly,Bank-bank Islam / Islamic Banks,12.337651659999999,824.4653128800007,770.9536554500006,729.9400490800007,41.013606369999934,53.51165743000013,3923.385385499999,798.03107443,1037.4491369199995,1176.8060357299998,911.0991384199999,1315.4884798399999,252.60256798,269.18266823000005,53.936575420000004,512.2389624099999,227.52770579999992,1452.0859454400004,0.71599119,1451.3699542500003,44.52141962999999,1257.2213885500003,4258.421173479997,433.81266430000505,13521.739421280003
2024-11-01,Monthly,Bank-bank Islam / Islamic Banks,18.882420599999993,841.45804373,795.20676178,754.63295714,40.573804639999935,46.25128195000002,3955.07880778,804.5321360100002,1054.6921806699995,1182.62790712,913.2265839800003,1335.45470712,257.14035308,269.88501465,58.699358610000004,518.99137827,230.73860250999985,1487.7639478800004,0.8120816399999999,1486.9518662400003,47.90029738000002,1262.5923323999998,3877.0315908600014,744.3732777700134,13570.535425520015
2024-11-01,Monthly,Bank-bank Perdagangan / Commercial Banks,51.134010769999996,611.5702124900001,466.29737706000026,407.4909009100002,58.80647615000004,145.27283542999987,6023.103869829999,975.1448999199997,1090.0915617199996,1878.047119409999,2079.8202887800007,2827.1913943999994,388.88360436999994,651.2800393699999,317.31683726000006,874.4391543499999,595.2717590499997,1338.804839360001,0.66332306,1338.141516300001,379.5232393300001,1062.9755205500003,6821.975058249999,831.6758389000133,19947.953983880012
2024-11-01,Monthly,Jumlah / Total,229.41461114999998,1453.02825622,1261.5041388400002,1162.1238580500003,99.38028078999997,191.5241173799999,9978.855978639998,1780.06084543,2145.073233919999,3060.675026529999,2993.046872760001,4162.646101519999,646.0239574499999,921.16505402,376.01619587000005,1393.43053262,826.0103615599995,2826.5687872400013,1.4754047,2825.0933825400016,427.4235367100001,2380.14835266,10699.006650110001,1582.2048656700267,33739.297139920025
2024-11-01,Monthly,Bank-bank Pelaburan / Investment Banks,159.39817978,0.0,0.0,0.0,0.0,0.0,0.6733010300000001,0.3838095,0.28949153000000005,0.0,0.0,0.0,0.0,0.0,0.0,0.0,0.0,0.0,0.0,0.0,0.0,54.58049971,1e-06,6.155749000000014,220.80773052
2024-12-01,Monthly,Bank-bank Pelaburan / Investment Banks,159.15566866,0.0,0.0,0.0,0.0,0.0,0.6539570800000001,0.36446555,0.28949153000000005,0.0,0.0,0.0,0.0,0.0,0.0,0.0,0.0,0.0,0.0,0.0,0.0,54.62625167,1e-06,6.195391769999986,220.63127017999997
2024-12-01,Monthly,Bank-bank Perdagangan / Commercial Banks,44.412890839999996,563.0504909399998,426.99967113999986,374.0929229899998,52.906748150000055,136.05081979999994,5960.9144879999985,956.87505334,1079.8771612099995,1865.788242959999,2058.37403049,2712.6168132600005,378.45403512000007,560.30219451,318.08841353,863.01453119,592.7576389100003,1338.1523978200007,0.7388239,1337.4135739200008,368.6139009800003,950.2417595100001,6814.656362260003,832.2876076300054,19584.94671124001
2024-12-01,Monthly,Jumlah / Total,215.47633726,1372.74328389,1190.2537866700002,1100.04292764,90.21085903000011,182.4894972199998,9839.594287439997,1746.6680908999997,2122.681805909999,3037.5416082699994,2932.70278236,4032.599292590001,630.3653015300001,825.49505987,375.18421084,1375.55385785,826.0008625000005,2721.0257118800014,1.3733433699999997,2719.6523685100015,414.7426098200003,2149.61519698,10507.081790080007,1236.0279939499858,32488.906503889997
2024-12-01,Monthly,Bank-bank Islam / Islamic Banks,11.90777776,809.6927929500001,763.2541155300003,725.9500046500002,37.30411088000005,46.43867741999986,3878.02584236,789.4285720099997,1042.5151531699998,1171.7533653100004,874.3287518700001,1319.9824793300004,251.91126641000005,265.19286536,57.095797309999995,512.5393266600001,233.24322359000018,1382.8733140600007,0.6345194699999999,1382.2387945900007,46.12870883999998,1144.7471858,3692.425426820002,397.5449945499804,12683.328522469985
2025-01-01,Monthly,Bank-bank Pelaburan / Investment Banks,157.82196464,0.0,0.0,0.0,0.0,0.0,1.0859619299999999,0.35183347,0.73412846,0.0,0.0,0.0,0.0,0.0,0.0,0.0,0.0,0.0,0.0,0.0,0.0,54.672003630000006,1e-06,6.235186240000019,219.81511744000002
2025-01-01,Monthly,Bank-bank Perdagangan / Commercial Banks,43.951605959999995,600.0944252300001,460.94853685000004,404.83955410999994,56.1089827400001,139.14588838000003,5995.302792059997,943.1336921799998,1083.7377462800002,1903.3586382599985,2065.0727153399985,2729.3897068399992,384.80963832000003,564.9758985299999,322.2299885599999,866.1030161199997,591.2711653099996,1364.79855895,0.71833547,1364.0802234799999,383.50157231999987,970.5013506900001,6834.81442332,829.3994547000184,19751.753890070013
2025-01-01,Monthly,Jumlah / Total,214.03856841,1452.4341259700002,1264.4374986300002,1171.91558235,92.52191628000003,187.9966273400001,9974.032698999998,1748.6245617999996,2162.9487303300007,3117.428753459999,2945.030653409998,4040.494186249999,630.65469257,825.9075346899998,379.13834123999993,1386.0021480999997,818.7914696499997,2807.508561929999,1.29477097,2806.2137909599987,432.48146451999986,2170.2794750900002,10607.274269100002,1233.5335844600168,32932.07693473001
2025-01-01,Monthly,Bank-bank Islam / Islamic Banks,12.264997810000002,852.3397007400001,803.4889617800001,767.0760282400001,36.412933539999926,48.85073896000006,3977.6439450100006,805.1390361499998,1078.4768555900005,1214.0701152000006,879.9579380699997,1311.10447941,245.84505424999995,260.9316361599999,56.90835268000001,519.89913198,227.52030434000017,1442.7100029799988,0.5764355,1442.1335674799989,48.9798922,1145.1061207700004,3772.4598447800013,397.8989435199983,12960.507927219998
2025-02-01,Monthly,Bank-bank Pelaburan / Investment Banks,158.75412252999996,0.0,0.0,0.0,0.0,0.0,1.0839808199999998,0.34985236,0.73412846,0.0,0.0,0.0,0.0,0.0,0.0,0.0,0.0,0.0,0.0,0.0,0.0,54.713327899999996,1e-06,19.366488990000022,233.91792123999997
2025-02-01,Monthly,Bank-bank Islam / Islamic Banks,12.916838920000002,872.5461304700004,827.8176735800004,789.9027301600005,37.91494341999987,44.728456890000075,3997.3915192199997,812.8418846200002,1103.7407546799998,1202.9297321900003,877.8791477299997,1317.09551262,249.71256795999994,266.78501295,55.51967206999999,518.0291192299999,227.04914041000018,1490.4748022600004,0.48894578000000005,1489.9858564800004,52.58263430999999,896.59331805,3811.95681862,400.2693472900082,12851.826921760008
2025-02-01,Monthly,Jumlah / Total,216.32423408999995,1481.7106971800006,1299.4092193500005,1202.5890387200006,96.82018062999987,182.30147783000012,9902.50765745,1753.8003841200007,2166.93678477,3095.9067816,2885.86370696,4036.5568081699994,651.4792017799998,834.7498976100001,385.26645032000005,1349.5186234299997,815.5426350300003,2854.36334792,1.10707488,2853.2562730399995,438.7150072999999,1919.7359062199998,10722.122587799997,1245.039566960003,32817.07581309
2025-02-01,Monthly,Bank-bank Perdagangan / Commercial Banks,44.65327264,609.1645667100001,471.5915457700001,412.6863085600001,58.905237209999996,137.57302094000005,5904.032157410001,940.6086471400005,1062.46190163,1892.9770494099998,2007.9845592300003,2719.4612955499997,401.7666338199999,567.96488466,329.74677825000003,831.4895041999998,588.4934946200001,1363.8885456599994,0.6181291,1363.2704165599994,386.1323729899999,968.42926027,6910.165768179996,825.4037306799946,19731.33097008999
2025-03-01,Monthly,Bank-bank Pelaburan / Investment Banks,139.26232702,0.0,0.0,0.0,0.0,0.0,0.6543526000000001,0.34790449,0.28949153000000005,0.016956580000000002,0.0,0.0,0.0,0.0,0.0,0.0,0.0,0.0,0.0,0.0,0.0,54.75907986,1e-06,13.255796980000127,207.93155746000014
2025-03-01,Monthly,Jumlah / Total,196.34729268,1423.05068213,1247.79683896,1147.98968114,99.8071578200001,175.25384316999993,9708.930494719998,1729.65873247,2133.6608204499994,3030.332282109999,2815.2786596900005,4010.84667459,641.5212846000001,836.96100128,383.59436782,1315.8371105400001,832.93291035,2760.99482344,1.28352905,2759.71129439,431.6500877900001,1885.2144066200003,10526.226304020003,1234.6694369700162,32177.93020296002
2025-03-01,Monthly,Bank-bank Perdagangan / Commercial Banks,46.08637388000001,570.69141656,432.43400435999996,370.6254103299999,61.80859403000005,138.25741220000003,5733.1596963699985,918.00210101,1040.0099665299995,1837.3281991399992,1937.81942969,2678.27299889,385.93260389000005,563.1874525000001,328.51839341,808.46104072,592.17350837,1340.7398512999998,0.70665401,1340.0331972899999,380.0899248800001,941.2291083,6686.461634590003,821.6684333400117,19198.399438110013
2025-03-01,Monthly,Bank-bank Islam / Islamic Banks,10.998591779999996,852.35926557,815.3628346000002,777.3642708100001,37.99856379000005,36.99643096999989,3975.11644575,811.30872697,1093.3613623899998,1192.9871263899997,877.4592300000004,1332.5736757,255.58868071,273.77354877999994,55.07597441,507.37606982,240.75940198,1420.2549721400003,0.57687504,1419.6780971000003,51.560162909999995,889.2262184600003,3839.7646684299993,399.74520665000455,12771.599207390003
2025-04-01,Monthly,Bank-bank Pelaburan / Investment Banks,139.28877831,0.0,0.0,0.0,0.0,0.0,0.6544102100000001,0.34790449,0.28949153000000005,0.01701419,0.0,0.0,0.0,0.0,0.0,0.0,0.0,0.0,0.0,0.0,0.0,54.80335577,1e-06,13.406348800000046,208.15289409000005
2025-04-01,Monthly,Jumlah / Total,194.88994557,1474.7409663099997,1290.2394765299998,1190.53234254,99.70713398999999,184.50148977999987,9804.260501159999,1740.2548068700003,2156.03796351,3076.2931376599995,2831.674593119999,4053.4841049999995,676.18832453,852.0504935299999,363.6689309899998,1317.6696263699996,843.9067295800003,2839.0009530000016,1.44760546,2837.5533475400016,432.6316283399998,1885.7819915900004,10490.61315446,1218.9542546499988,32394.35750008
2025-04-01,Monthly,Bank-bank Perdagangan / Commercial Banks,44.7001539,596.9775662199999,451.05033755999995,389.28273985999994,61.76759770000001,145.9272286599999,5760.06584048,911.6904005400002,1042.0105651200001,1851.65029022,1954.714584599999,2697.0866510499995,375.9464201,574.8329771199999,329.43264510999984,808.9959813899998,607.87862733,1361.5215796700006,0.70929563,1360.8122840400006,379.7894523799998,933.45564763,6622.3578038000005,806.4284370299974,19202.38313216
2025-04-01,Monthly,Bank-bank Islam / Islamic Banks,10.901013360000002,877.7634000899999,839.1891389699999,801.24960268,37.93953628999998,38.57426111999996,4043.5402504699996,828.2165018400001,1113.7379068599998,1224.6258332499997,876.9600085199999,1356.3974539500002,300.24190443,277.21751641000003,34.23628588,508.67364497999995,236.0281022500003,1477.4793733300012,0.73830983,1476.7410635000012,52.84217596,897.5229881900002,3868.255349659999,399.1194688200012,12983.821473830001
2025-05-01,Monthly,Bank-bank Pelaburan / Investment Banks,135.99092648999996,0.0,0.0,0.0,0.0,0.0,0.65394321,0.34699587,0.28987721,0.01707013,0.0,0.0,0.0,0.0,0.0,0.0,0.0,0.0,0.0,0.0,0.0,54.84910773,1e-06,38.29460467999999,229.78858310999996
2025-05-01,Monthly,Jumlah / Total,190.85842836999996,1543.3455134799997,1355.0224248899997,1254.1594411499996,100.86298374000006,188.32308859000017,10060.331424060001,1744.2010273800001,2194.1503509100007,3180.9743779000005,2941.0056678700003,4119.9552775,687.60457466,859.62221904,372.99989966999993,1341.8247522,857.90383193,2936.36454977,1.8029964299999999,2934.56155334,440.6746626599999,1903.32145064,10710.95835946,1239.47923973,33145.28890567
2025-05-01,Monthly,Bank-bank Perdagangan / Commercial Banks,43.74872685999999,627.06100715,478.61094698999995,416.8736728199999,61.737274170000035,148.45006016000008,5944.56031218,904.4983141700001,1061.2433086499998,1922.00893168,2056.8097576800005,2734.0947525600004,378.60070988,584.26891176,335.71176740999994,827.0025184399999,608.5108450700004,1401.9118774899996,0.67539227,1401.2364852199996,388.0211553699999,935.4344201599998,6691.08014638,804.0478772899951,19569.960275439997
2025-05-01,Monthly,Bank-bank Islam / Islamic Banks,11.118775020000001,916.2845063299998,876.4114778999997,837.2857683299997,39.125709570000026,39.87302843000009,4115.117168670002,839.3557173400001,1132.6171650500007,1258.9483760900007,884.19591019,1385.8605249399996,309.00386477999996,275.35330727999997,37.28813226,514.82223376,249.3929868599996,1534.4526722800003,1.12760416,1533.3250681200004,52.65350728999998,913.0379227500001,4019.8782120800006,397.1367577600049,13345.540047120006
2025-06-01,Monthly,Bank-bank Islam / Islamic Banks,9.676023789999997,904.48969814,871.7813976599999,833.5506075599999,38.230790100000036,32.70830048000005,4130.9114352999995,845.42761008,1133.6714799499996,1266.2238530100003,885.5884922600002,1392.3762859499998,321.77572936,271.88736335,34.90215652,516.82261764,246.98841907999986,1346.08204484,1.2276391299999998,1344.85440571,51.97775130000002,869.78454006,3867.0947863099964,393.0548273099939,12965.44739299999
2025-06-01,Monthly,Bank-bank Pelaburan / Investment Banks,123.40505689000001,0.0,0.0,0.0,0.0,0.0,0.63687308,0.34699587,0.28987721,0.0,0.0,0.0,0.0,0.0,0.0,0.0,0.0,0.0,0.0,0.0,0.0,54.89338364,1e-06,42.43158219999998,221.36689681
2025-06-01,Monthly,Jumlah / Total,176.2420737,1602.2580266,1445.5745422599998,1347.41054158,98.16400067999996,156.68348434000018,9966.704795760003,1737.72401384,2179.7660558,3150.895089140002,2898.3196369800003,4176.94578423,706.10115435,882.02412521,380.99392226,1342.62082723,865.2057551800002,2645.2225467,1.8966726699999998,2643.32587403,434.41361514,1873.72843258,10562.124729029994,1243.3989293599798,32681.03893309998
2025-06-01,Monthly,Bank-bank Perdagangan / Commercial Banks,43.16099302,697.76832846,573.7931445999999,513.85993402,59.93321057999992,123.97518386000013,5835.156487380002,891.94940789,1045.80469864,1884.6712361300013,2012.7311447200002,2784.5694982800005,384.32542499,610.13676186,346.09176573999997,825.79820959,618.2173361000004,1299.14050186,0.66903354,1298.47146832,382.43586383999997,949.0505088799999,6695.0299417199985,807.912519849986,19494.22464328999
2025-07-01,Monthly,Bank-bank Islam / Islamic Banks,10.411681260000002,905.3192121799999,871.48722057,835.6964185699999,35.7908020000001,33.83199160999993,4095.728306570001,828.4443870499999,1126.04787238,1267.7746577600012,873.46138938,1402.3693886800002,329.14762281000003,266.42486134999996,34.95280863999999,523.15150964,248.6925862400003,1379.734718359999,1.4681136700000001,1378.266604689999,54.65438556999996,906.8771958600003,4408.631591160001,455.4617793099933,13619.188258949996
2025-07-01,Monthly,Bank-bank Pelaburan / Investment Banks,123.74471688999996,0.0,0.0,0.0,0.0,0.0,0.63687308,0.34699587,0.28987721,0.0,0.0,0.0,0.0,0.0,0.0,0.0,0.0,0.0,0.0,0.0,0.0,54.9391356,1e-06,42.59440717999996,221.91513374999994
2025-07-01,Monthly,Jumlah / Total,197.76314659999997,1492.8363037900003,1337.9593529500003,1244.08238978,93.87696317000012,154.87695083999995,9833.263905700001,1700.1340954199998,2159.99245551,3106.7632791200012,2866.37407565,4188.52235906,722.7766077499999,877.30359408,385.63958309000003,1324.46550649,878.3370676500002,2696.9823772699997,2.0797405500000004,2694.9026367199995,450.8070773100002,1912.3820907700006,10959.713912830006,1442.1014256699923,33174.372599
2025-07-01,Monthly,Bank-bank Perdagangan / Commercial Banks,63.60674845,587.5170916100003,466.4721323800003,408.38597121000026,58.086161170000025,121.04495923000002,5736.89872605,871.3427125,1033.6547059199997,1838.9886213599998,1992.91268627,2786.15297038,393.6289849399999,610.87873273,350.68677445000003,801.3139968500001,629.6444814099999,1317.2476589100006,0.61162688,1316.6360320300007,396.1526917400002,950.5657593100001,6551.082320670004,944.045239179999,19333.269206300007
2025-08-01,Monthly,Bank-bank Islam / Islamic Banks,9.741985820000002,923.8930140200004,891.1338428200004,854.5891298800003,36.54471294000007,32.75917119999997,4148.84997349,825.5192497400002,1155.9980943299997,1294.4270414300004,872.9055879899997,1393.3580406900003,330.47011088000005,264.92306147,34.83915468,523.08349881,240.04221485000028,1432.8386017700002,3.3610451799999996,1429.4775565900002,57.95279116,1053.6108754000006,4377.3710513,460.88903556999867,13858.505369219998
2025-08-01,Monthly,Bank-bank Perdagangan / Commercial Banks,41.749232209999995,602.243037,480.93019724,421.40038516999994,59.52981207000005,121.31283975999997,5728.64169522,850.5152822800001,1044.02876901,1857.5945268500002,1976.5031170799998,2767.2087172399997,381.71973201000003,586.16017407,355.90419382999994,808.7455256899999,634.6790916399999,1186.031398,0.42019314,1185.61120486,402.6489968500004,949.3273341099998,6460.65993094,929.2153819999985,19067.725723569998
2025-08-01,Monthly,Jumlah / Total,174.74711981,1526.1360510200002,1372.0640400600005,1275.9895150500001,96.07452501000012,154.07201095999994,9878.12854179,1676.3815278900004,2200.31674055,3152.021568280001,2849.4087050699995,4160.56675793,712.1898428900001,851.08323554,390.7433485099999,1331.8290244999998,874.7213064900002,2618.8699997700005,3.7812383199999995,2615.08876145,460.6017880100004,2057.9230970700005,10838.03098324,1432.8438746499971,33147.848213289995
2025-08-01,Monthly,Bank-bank Pelaburan / Investment Banks,123.25590177999999,0.0,0.0,0.0,0.0,0.0,0.63687308,0.34699587,0.28987721,0.0,0.0,0.0,0.0,0.0,0.0,0.0,0.0,0.0,0.0,0.0,0.0,54.984887560000004,1e-06,42.73945708000002,221.6171205
2025-09-01,Monthly,Bank-bank Perdagangan / Commercial Banks,41.08733736,576.9046173200002,457.2211110800001,399.23867205000005,57.98243903000008,119.68350624000004,5799.44146375,858.43696476,1068.33145112,1884.51346584,1988.15958203,2751.7618219,391.92352281999996,564.4632841399999,359.9888644900001,804.0333463599999,631.3528040900002,1211.0836698299997,0.5104585199999999,1210.5732113099998,407.04139874000003,966.7904114200002,6163.233573890003,840.7753955199878,18758.119689729992
2025-09-01,Monthly,Jumlah / Total,172.62867817,1523.8924111900005,1371.0438649500006,1274.1458533900004,96.89801156000016,152.84854624000002,10014.63432165,1707.39269007,2266.3651910600006,3192.98038985,2847.89605067,4130.6675307900005,715.82214221,831.0443883099999,396.05753231000006,1312.10396183,875.6395061300003,2572.6419285600014,2.3624852400000003,2570.2794433200015,465.15697504,2075.796408,10565.977321430004,1266.664617669991,32788.060192499994
2025-09-01,Monthly,Bank-bank Pelaburan / Investment Banks,121.95600624000001,0.0,0.0,0.0,0.0,0.0,0.63687308,0.34699587,0.28987721,0.0,0.0,0.0,0.0,0.0,0.0,0.0,0.0,0.0,0.0,0.0,0.0,55.02916347,1e-06,42.740044739999945,220.36208852999997
2025-09-01,Monthly,Bank-bank Islam / Islamic Banks,9.585334569999999,946.9877938700004,913.8227538700004,874.9071813400003,38.91557253000008,33.165039999999976,4214.555984820001,848.60872944,1197.74386273,1308.46692401,859.7364686400002,1378.9057088900001,323.89861939,266.58110417,36.068667819999995,508.07061547,244.28670204000014,1361.5582587300016,1.8520267200000002,1359.7062320100017,58.11557629999997,1053.9768331099997,4402.74374654,383.1491774100032,13809.578414240006
2025-10-01,Monthly,Jumlah / Total,170.67238705,1535.9193853200004,1402.7525491500003,1307.1536494400004,95.59889970999996,133.16683616999995,9953.40331852,1688.6533715099997,2260.932855549999,3237.672315810001,2766.14477565,4149.26193268,710.4640802299999,841.70286524,396.44214297999997,1317.7951155500002,882.8577286799998,2629.59432743,3.0683659499999996,2626.5259614799998,467.2651517500002,2071.25758154,10263.152669820003,1305.9353293000036,32546.462083410006
2025-10-01,Monthly,Bank-bank Perdagangan / Commercial Banks,40.11853461,563.0153619199999,462.19119439,406.32140431,55.86979008000003,100.8241675299999,5787.22253142,849.4689029,1063.9729374799997,1932.1628481200003,1941.6178429200004,2758.37142584,378.39637411,570.98648188,363.49600469999996,809.0402637900002,636.4523013599996,1220.9571113200006,0.51359067,1220.4435206500007,408.0520287600002,964.9824171599998,5969.193810720003,861.4495754100062,18573.362797160007
2025-10-01,Monthly,Bank-bank Pelaburan / Investment Banks,121.24112868,0.0,0.0,0.0,0.0,0.0,0.63687308,0.34699587,0.28987721,0.0,0.0,0.0,0.0,0.0,0.0,0.0,0.0,0.0,0.0,0.0,0.0,55.07491543,1e-06,42.692262680000056,219.64518087000005
2025-10-01,Monthly,Bank-bank Islam / Islamic Banks,9.312723760000004,972.9040234000004,940.5613547600003,900.8322451300004,39.729109629999925,32.342668640000056,4165.54391402,838.8374727399998,1196.6700408599995,1305.5094676900005,824.52693273,1390.8905068400002,332.0677061199999,270.71638336,32.94613828,508.75485176,246.40542732000023,1408.6372161099994,2.5547752799999994,1406.0824408299993,59.213122989999995,1051.20024895,4293.9588581,401.7934912099972,13753.454105379997
2025-11-01,Monthly,Bank-bank Islam / Islamic Banks,9.275117480000002,999.3367598500002,966.4586230700003,930.72963569,35.72898738000026,32.87813677999998,4195.881743819999,845.6926926299999,1218.46119581,1310.91312985,820.8147255299998,1389.0316601399993,329.03271672999995,281.17452386,33.86969608,498.2143209799999,246.74040248999938,1478.7586643199998,2.4725440099999996,1476.2861203099997,60.25203665999998,1050.4358547100003,4417.88751809,415.6315343099941,14016.490889379993
2025-11-01,Monthly,Bank-bank Pelaburan / Investment Banks,120.66901696999999,0.0,0.0,0.0,0.0,0.0,0.34699587,0.34699587,0.0,0.0,0.0,0.0,0.0,0.0,0.0,0.0,0.0,0.0,0.0,0.0,0.0,55.11919134,1e-06,42.82961444999998,218.96481962999997
2025-11-01,Monthly,Jumlah / Total,168.74811047999998,1579.0216789800002,1445.4678676500002,1354.44609305,91.0217746000003,133.55381132999992,10060.24054174,1696.99011348,2313.3422415799996,3299.625655229999,2750.2825314500005,4137.197866909999,713.76228535,835.1677374099999,402.42348879,1310.48714637,875.3572089899995,2719.3658924,2.9187756499999997,2716.44711675,474.88427866999973,1958.8648513200005,10568.970117699999,1309.3235191099993,32976.61685730999
2025-11-01,Monthly,Bank-bank Perdagangan / Commercial Banks,38.803976029999994,579.68491913,479.0092445800001,423.71645736000005,55.29278722000004,100.67567454999994,5864.01180205,850.9504249800002,1094.88104577,1988.7125253799995,1929.4678059200005,2748.16620677,384.72956861999995,553.9932135499998,368.55379271000004,812.27282539,628.6168065000002,1240.6072280800004,0.44623164000000004,1240.1609964400004,414.63224200999974,853.3098052700002,6151.082598609999,850.8623703500052,18741.161148300005
2025-12-01,Monthly,Bank-bank Islam / Islamic Banks,67.70891244,1003.5699547699998,973.8124994499997,935.0459167299997,38.766582719999974,29.757455320000076,4038.9045609800005,820.3452767400001,1197.24454906,1262.5076246900003,758.8071104900001,1388.9212737799996,329.59471638,290.43186737999997,32.22439992,491.03981538000005,245.6304747199997,1424.8009536200004,2.65922664,1422.1417269800004,61.41284743999996,1048.1673197199996,4328.424058810001,406.53628071001185,13768.446162270013
2025-12-01,Monthly,Jumlah / Total,238.34705761,1566.5228172099996,1422.6730455699997,1332.1456172699995,90.5274283,143.84977164000009,9667.216125219999,1637.7984699400001,2261.95951164,3164.5958790699997,2602.8622645699998,4201.0829631199995,702.63323059,850.26514802,448.98281876000004,1318.80136834,880.4003974099994,2662.0324543700003,3.11875013,2658.9137042400002,458.5290425799999,2085.8804018499995,10121.100396680005,1291.5355245100088,32292.24678315001
2025-12-01,Monthly,Bank-bank Pelaburan / Investment Banks,133.73972559,0.0,0.0,0.0,0.0,0.0,0.34728909,0.34728909,0.0,0.0,0.0,0.0,0.0,0.0,0.0,0.0,0.0,0.0,0.0,0.0,0.0,55.1649433,1e-06,41.990913029999916,231.24287200999993
2025-12-01,Monthly,Bank-bank Perdagangan / Commercial Banks,36.89841958,562.95286244,448.86054612,397.09970053999996,51.76084558000002,114.09231632000001,5627.964275149999,817.1059041100001,1064.71496258,1902.0882543799992,1844.0551540799995,2812.1616893399996,373.03851420999996,559.83328064,416.75841884000005,827.76155296,634.7699226899997,1237.23150075,0.45952349,1236.7719772599999,397.11619513999995,982.5481388300001,5792.676336870003,843.008330769997,18292.55774887
2026-01-01,Monthly,Jumlah / Total,204.22970567000002,1633.4665678899996,1487.3714881899998,1397.1686097399997,90.20287845000001,146.09507969999993,9825.64828183,1660.4818213400001,2318.7188295299993,3228.5134826699996,2617.93414829,4258.4979881399995,729.19679548,867.07933411,449.17684569000005,1323.5344831300001,889.5105297299988,2835.9136907400007,3.1635483299999994,2832.7501424100005,458.6115939099999,2099.2205358300002,10359.807726000003,1296.7768702099818,32972.17296021998
2026-01-01,Monthly,Bank-bank Perdagangan / Commercial Banks,17.52092277,608.5512135299999,498.03234562,446.46558615,51.56675947000002,110.51886790999993,5655.304902,820.8953383,1084.3580331799997,1928.1775552699994,1821.87397525,2825.482813269999,379.98653687999996,564.5205314699999,417.84487043000007,822.35097108,640.7799034099988,1312.7971400599997,0.5020153300000001,1312.2951247299998,394.6269462899999,984.2173387500001,5856.395619249999,813.6778811899858,18468.574777109985
2026-01-01,Monthly,Bank-bank Pelaburan / Investment Banks,120.18420543,0.0,0.0,0.0,0.0,0.0,0.34728909,0.34728909,0.0,0.0,0.0,0.0,0.0,0.0,0.0,0.0,0.0,0.0,0.0,0.0,0.0,55.21069526,1e-06,42.144695669999976,217.88688645
2026-01-01,Monthly,Bank-bank Islam / Islamic Banks,66.52457747000001,1024.9153543599998,989.3391425699998,950.7030235899998,38.63611897999999,35.57621179,4169.99609074,839.23919395,1234.3607963499996,1300.3359274000004,796.0601730399999,1433.0151748700002,349.21025860000003,302.55880264,31.33197526,501.18351205000005,248.73062632,1523.1165506800007,2.6615329999999995,1520.4550176800008,63.98464762,1059.79250182,4503.412105750002,440.9542933499961,14285.711296659998
2026-02-01,Monthly,Bank-bank Pelaburan / Investment Banks,120.96364288,0.0,0.0,0.0,0.0,0.0,0.34728909,0.34728909,0.0,0.0,0.0,0.0,0.0,0.0,0.0,0.0,0.0,0.0,0.0,0.0,0.0,55.25201953,1e-06,42.267601540000015,218.83055404
2026-02-01,Monthly,Bank-bank Perdagangan / Commercial Banks,85.68159644999999,622.40744448,511.20514246,458.38076224,52.824380219999966,111.20230201999999,5719.295858799998,831.0453019899998,1101.7583207900002,1955.4300552999991,1831.0621807199998,2847.8622714200005,378.44237393,573.46505097,424.25726384999996,819.8359320700001,651.8616506000003,1302.9811415199995,0.5425269600000001,1302.4386145599995,399.89125865000005,982.29066154,5930.034485089995,817.9903190800105,18708.435037030005
2026-02-01,Monthly,Jumlah / Total,273.20082909999996,1685.1836887200002,1536.8225390799998,1443.91650246,92.9060366199999,148.36114964000018,10006.086512139997,1695.9752496499998,2374.37527788,3288.7512762099996,2646.9847083999994,4301.556919170001,734.4932489600001,878.04584925,455.98140801999995,1330.21995663,902.8164563100004,2909.14146447,3.4316198499999997,2905.70984462,467.2184456400001,2090.8076079,10590.725041499998,1314.0698096300155,33637.990318270015
2026-02-01,Monthly,Bank-bank Islam / Islamic Banks,66.55558977,1062.77624424,1025.61739662,985.53574022,40.08165639999993,37.15884762000019,4286.44336425,864.58265857,1272.6169570899997,1333.3212209100002,815.9225276799998,1453.69464775,356.05087503000004,304.58079827999995,31.72414417,510.38402456,250.95480571000002,1606.1603229500004,2.8890928899999997,1603.2712300600003,67.32718699000004,1053.2649268300001,4660.690555410002,453.81188901000496,14710.724727200006
2026-03-01,Monthly,Bank-bank Pelaburan / Investment Banks,121.24826211,0.0,0.0,0.0,0.0,0.0,0.71308672,0.34753804,0.36554868,0.0,0.0,0.0,0.0,0.0,0.0,0.0,0.0,0.0,0.0,0.0,0.0,55.29777149,1e-06,14.948532119999953,192.20765343999997
2026-03-01,Monthly,Bank-bank Perdagangan / Commercial Banks,124.57654188,595.5857384599999,486.90366123999996,435.0851804699999,51.818480770000065,108.68207721999994,5674.5954309499975,817.7157631000001,1095.10233002,1942.2990511199987,1819.4782867099989,2862.09235539,401.9690420500001,571.9802772700001,413.77501181,821.2436637199997,653.1243605400003,1293.5944534899995,0.33894854,1293.2555049499995,402.92155302000043,950.7957168999999,5825.935256120001,821.4525646199982,18551.549610829996
2026-03-01,Monthly,Jumlah / Total,314.04524505,1644.2214668699999,1498.13812973,1404.9202703899998,93.21785934000002,146.08333713999997,9983.976857089996,1690.34946011,2391.5056486699996,3252.3180809899986,2649.8036673199986,4332.22924107,681.9368716100001,885.71216171,531.8093754,1330.2755184399998,902.4953139100003,2817.55912961,3.22849108,2814.33063853,468.84694484000045,2054.2225824999996,10521.271595220001,1302.6601892700064,33439.03325152
2026-03-01,Monthly,Bank-bank Islam / Islamic Banks,68.22044106,1048.63572841,1011.2344684899999,969.83508992,41.39937856999995,37.40125992000003,4308.668339419999,872.2861589699999,1296.0377699699998,1310.01902987,830.3253806099996,1470.1368856799998,279.96782956000004,313.73188443999993,118.03436359,509.03185471999996,249.37095336999994,1523.9646761200008,2.88954254,1521.0751335800007,65.92539181999999,1048.1290941099999,4695.336338099999,466.2590925300083,14695.275987250005
2026-04-01,Monthly,Bank-bank Islam / Islamic Banks,64.36397405999999,1059.9477652799994,1021.2247857199994,980.8881928899995,40.33659282999997,38.72297956,4346.0016054200005,871.9884695200001,1323.14251344,1328.6937816900006,822.17684077,1462.2695801900002,277.65367339,311.97088089000005,112.86799176,512.4977810500001,247.27925310000012,1566.2605913200014,2.8429402099999996,1563.4176511100013,68.04663267999999,1057.4027438700002,4681.798817140001,478.9321539000084,14785.02386386001
2026-04-01,Monthly,Bank-bank Perdagangan / Commercial Banks,121.62043711,590.0624417799996,498.7102319999996,445.1635213499996,53.54671065000002,91.35220978000001,5690.449696600001,807.01944229,1120.7423441100002,1947.7559589199996,1814.9319512800002,2860.1838991100003,408.53478373,569.98496613,415.07015635999994,819.2196364500002,647.37435644,1291.5700645499996,0.3171189300000001,1291.2529456199995,407.55530402000016,905.08943096,5886.272850319998,818.754984760013,18571.55910921001
2026-04-01,Monthly,Bank-bank Pelaburan / Investment Banks,121.67042085000001,0.0,0.0,0.0,0.0,0.0,0.71308672,0.34753804,0.36554868,0.0,0.0,0.0,0.0,0.0,0.0,0.0,0.0,0.0,0.0,0.0,0.0,55.3420474,1e-06,15.09705267000001,192.82260864000003
2026-04-01,Monthly,Jumlah / Total,307.65483202,1650.0102070599992,1519.935017719999,1426.051714239999,93.88330348,130.07518934,10037.16438874,1679.3554498500002,2444.25040623,3276.44974061,2637.1087920500004,4322.4534793,686.1884571200001,881.95584702,527.9381481199999,1331.7174175000002,894.6536095400002,2857.830655870001,3.1600591399999995,2854.670596730001,475.6019367000001,2017.8342222300003,10568.07166846,1312.7841913300215,33549.40558171002
