date,frequency,type,overdraft_facilities,term_loans_total,hire_purchase_receivables_total,passenger_cars,hire_purchase_receivables_others,leasing_receivables,block_discounting_receivables,bridging_loans,factoring_receivables,personal_loans,housing_loans,other_term_loans,trade_bills,trust_receipts,revolving_credit,credit_charge_card,foreign_currency_loans,term_loans_others,total_impaired
2021-07-01,Monthly,Bank-bank Perdagangan / Commercial Banks,1921.3683777100005,17829.743636909996,807.5079392999999,665.3835795299999,142.12435976999996,0.0,0.00013893,275.72737264999995,38.55385262,1006.6287819899999,5999.322825509997,9702.002725909999,808.17506557,128.80374643,674.8047339099999,302.1476843100001,1059.90681226,194.1379780399784,22919.088035139976
2021-07-01,Monthly,Bank-bank Islam / Islamic Banks,612.5490929199998,8142.6975950999995,674.7364394299997,625.9653052799997,48.77113414999998,6.43302633,0.0,91.04430661999999,0.0,827.97447273,2579.3881353799984,3963.121214610002,317.49617867999996,25.096865830000002,503.48324434999995,38.273878800000006,914.81223474,31.34742752999432,10585.756517949994
2021-07-01,Monthly,Bank-bank Pelaburan / Investment Banks,0.0,196.22916739,0.0,0.0,0.0,0.0,0.0,6.09750822,0.0,0.0,0.0,190.13165916999998,0.0,0.0,0.7200667199999999,0.0,0.0,76.73233703999998,273.68157114999997
2021-07-01,Monthly,Jumlah/Total,2533.91747063,26168.670399399994,1482.2443787299994,1291.3488848099996,190.89549391999992,6.43302633,0.00013893,372.86918748999994,38.55385262,1834.6032547199998,8578.710960889995,13855.255599690001,1125.67124425,153.90061226,1179.0080449799998,340.4215631100001,1974.719047,302.2177426099727,33778.52612423997
2021-08-01,Monthly,Bank-bank Perdagangan / Commercial Banks,1897.8761622699994,17958.83339376,812.2460637099998,675.8831855999997,136.36287811000008,0.0,0.00013893,276.3291964,53.33262552999999,1014.5790138300002,6035.945376580001,9766.400978779997,806.4882107799999,138.73742547000003,640.91623998,294.9824063299998,1027.18298294,222.442484769992,22987.459306299996
2021-08-01,Monthly,Bank-bank Islam / Islamic Banks,631.66978824,8204.839125480003,731.7096933799997,679.1801740199998,52.52951935999998,6.80198639,0.0,91.37307254,0.0,826.8301780899998,2488.1034890400006,4060.0207060400026,358.87870239,25.09746692,503.81471181000006,38.14890859999999,900.49688524,27.379579459996762,10690.325168140002
2021-08-01,Monthly,Bank-bank Pelaburan / Investment Banks,0.0,191.03185628,0.0,0.0,0.0,0.0,0.0,6.09675739,0.0,0.0,0.0,184.93509889,0.0,0.0,1e-06,0.0,0.0,73.82480444999993,264.8566617299999
2021-08-01,Monthly,Jumlah/Total,2529.5459505099993,26354.704375520003,1543.9557570899997,1355.0633596199996,188.89239747000005,6.80198639,0.00013893,373.79902633,53.33262552999999,1841.40919192,8524.048865620001,14011.35678371,1165.3669131699999,163.83489239000002,1144.7309527900002,333.13131492999975,1927.67986818,323.6468686799887,33942.64113617
2021-09-01,Monthly,Bank-bank Perdagangan / Commercial Banks,1670.8666780099993,17872.034800169997,714.3272063900005,589.1000466600004,125.22715973000003,0.0,0.01374158,277.07834969,66.02286805,1026.7781811199998,6306.874132909998,9480.940320429996,796.5695974999999,141.66405003999998,641.63830892,295.55418583999995,1029.0119572599997,201.34802191002132,22648.687599650013
2021-09-01,Monthly,Bank-bank Islam / Islamic Banks,582.4343737100002,7486.454622870001,670.5178145899998,624.9593779799998,45.558436610000015,6.6805113899999995,0.0,91.56083122000001,0.0,836.7523236799999,2534.65514871,3346.287993280001,180.65885457000002,23.0864526,333.44983949999994,45.906549749999996,898.31165837,24.70526152999355,9575.007612899994
2021-09-01,Monthly,Bank-bank Pelaburan / Investment Banks,0.0,191.29948962,0.0,0.0,0.0,0.0,0.0,6.09675739,0.0,0.0,0.0,185.20273223,0.0,0.0,1e-06,0.0,0.0,73.85523335000002,265.15472397
2021-09-01,Monthly,Jumlah/Total,2253.3010517199996,25549.78891266,1384.8450209800003,1214.05942464,170.78559634000004,6.6805113899999995,0.01374158,374.7359383,66.02286805,1863.5305047999996,8841.529281619998,13012.431045939997,977.2284520699999,164.75050263999998,975.0881494199999,341.46073558999996,1927.3236156299997,299.9085167900149,32488.849936520008
2021-10-01,Monthly,Bank-bank Perdagangan / Commercial Banks,1664.2669979699997,17504.391352370014,650.2379246699996,532.1549090599997,118.08301560999996,0.0,0.00013893,278.24533404000005,51.630573319999996,1000.13951585,6210.203894289999,9313.933971270017,761.84779865,150.60682000999998,573.4313339500001,289.26865392,1011.57491341,201.14242561998583,22156.530295900004
2021-10-01,Monthly,Bank-bank Islam / Islamic Banks,574.8136403300002,7358.81519144,603.1173886099999,558.2780839399999,44.839304670000004,5.47941078,0.0,91.69017955,0.0,830.7057800700001,2477.1746965200005,3350.6477359099995,166.9885178,22.07858372,352.52301061,46.50785093999998,881.0979482299999,20.116713140007278,9422.941456210006
2021-10-01,Monthly,Bank-bank Pelaburan / Investment Banks,0.0,191.75212757,0.0,0.0,0.0,0.0,0.0,6.09750822,0.0,0.0,0.0,185.65461935,0.0,0.0,1e-06,0.0,0.0,77.75975771,269.51188628
2021-10-01,Monthly,Jumlah/Total,2239.0806383,25054.958671380013,1253.3553132799996,1090.4329929999994,162.92232027999995,5.47941078,0.00013893,376.03302181000004,51.630573319999996,1830.84529592,8687.37859081,12850.236326530016,928.8363164499999,172.68540373,925.95434556,335.77650486,1892.67286164,299.01889646999314,31848.98363839001
2021-11-01,Monthly,Bank-bank Perdagangan / Commercial Banks,1582.3869164300002,17215.59238168001,548.13729265,455.6026892399999,92.53460341,0.0,0.00013893,279.49371384999995,51.34380838999999,974.2981267399997,6097.194746130005,9265.124554990005,781.7694251199999,160.60493501999997,616.73950571,291.12199039000006,1023.6718600299998,199.65548512000305,21871.542499500018
2021-11-01,Monthly,Bank-bank Islam / Islamic Banks,568.2773206600001,6949.912514390001,501.25833294999984,461.74176018999987,39.51657276,5.50657775,0.0,90.29848092,0.0,725.4050308100002,2383.615356749999,3243.828735210001,163.30213006000002,22.084600730000002,342.21183043,46.74924094,898.6341921500002,20.19327948000307,9011.365108840006
2021-11-01,Monthly,Bank-bank Pelaburan / Investment Banks,0.0,192.17572350999998,0.0,0.0,0.0,0.0,0.0,6.09675739,0.0,0.0,0.0,186.07896612,0.0,0.0,1e-06,0.0,0.0,76.03543135999999,268.21115586999997
2021-11-01,Monthly,Jumlah/Total,2150.6642370900004,24357.680619580013,1049.3956255999997,917.3444494299997,132.05117617000002,5.50657775,0.00013893,375.8889521599999,51.34380838999999,1699.70315755,8480.810102880005,12695.032256320006,945.0715551799999,182.68953574999998,958.95133714,337.87123133000006,1922.30605218,295.8841959600061,31151.118764210023
2021-12-01,Monthly,Bank-bank Perdagangan / Commercial Banks,1483.7921993500004,17791.95920363,461.91560027999986,377.18474437999987,84.73085589999998,0.0,0.0,280.3610413,43.558648,966.1264932499997,5945.270526709998,10094.726894090003,731.5416547399999,144.66140292,563.06215191,270.58108512,969.7704678199998,295.1555025100197,22250.523668000016
2021-12-01,Monthly,Bank-bank Islam / Islamic Banks,535.9244029,6979.093942870004,432.46668846000006,391.6898210400001,40.776867419999974,5.53471182,0.0,94.32197004000001,0.0,698.19157097,2268.8659095100006,3479.7130920700033,165.55979345,22.09114991,670.02234196,44.16912474000001,888.9004539599999,261.5333108099875,9567.294520599991
2021-12-01,Monthly,Bank-bank Pelaburan / Investment Banks,0.0,106.49776444999999,0.0,0.0,0.0,0.0,0.0,6.0974248,0.0,0.0,0.0,100.40033964999999,0.0,0.0,1e-06,0.0,0.0,157.38706636000006,263.88483181000004
2021-12-01,Monthly,Jumlah/Total,2019.7166022500005,24877.55091095,894.3822887399999,768.87456542,125.50772331999995,5.53471182,0.0,380.78043614,43.558648,1664.3180642199998,8214.136436219998,13674.840325810006,897.1014481899999,166.75255283,1233.08449487,314.75020986000004,1858.6709217799998,714.0758796800072,32081.70302041001
2022-01-01,Monthly,Bank-bank Perdagangan / Commercial Banks,1458.9285290899998,17918.638552930002,435.61225364000006,353.1903925200001,82.42186111999997,0.0,0.00013893,281.30253882,31.558796549999997,982.3732438899995,6074.186123900002,10113.6054572,734.9987670800001,147.44083827000006,539.4554018399999,264.63260980999985,964.2047439199999,301.9234333899982,22330.22287633
2022-01-01,Monthly,Bank-bank Islam / Islamic Banks,521.0435990000002,6959.306845499999,392.1941458600001,351.9743799500001,40.21976591,5.56277052,0.0,94.47878199,0.0,730.7851690699999,2337.16401706,3399.1219609999985,124.58937845000001,25.58617016,674.18814147,42.78832491000001,1078.3371062299998,271.8154717000016,9697.65503742
2022-01-01,Monthly,Bank-bank Pelaburan / Investment Banks,0.0,106.74850217999999,0.0,0.0,0.0,0.0,0.0,6.09593983,0.0,0.0,0.0,100.65256234999998,0.0,0.0,1e-06,0.0,0.0,158.05142096999998,264.79992415
2022-01-01,Monthly,Jumlah/Total,1979.9721280899998,24984.69390061,827.8063995000002,705.1647724700002,122.64162702999997,5.56277052,0.00013893,381.87726064000003,31.558796549999997,1713.1584129599994,8411.350140960001,13613.379980549998,859.5881455300001,173.02700843000005,1213.6435443100002,307.4209347199999,2042.5418501499998,731.7903260599998,32292.677837900002
2022-02-01,Monthly,Bank-bank Perdagangan / Commercial Banks,1466.3023590199996,18154.952232840005,447.53134704999997,365.3029572,82.22838984999997,0.0,0.00013893,281.76800627999995,32.321410310000005,969.6757654300003,6181.78943471,10241.866130130002,708.54282493,165.19876040999998,508.6809671499999,270.61794022999993,966.2335375700001,299.5942803299821,22540.122902479983
2022-02-01,Monthly,Bank-bank Islam / Islamic Banks,532.9558194299999,7082.342259849998,392.91859674,358.23892788,34.67966886,5.6010298700000005,0.0,94.71639807,0.0,750.8746992900001,2421.4460898199995,3416.7854460599992,97.85884951,27.649751819999995,669.54230966,41.653078259999994,1087.0543572700003,282.3207251700064,9821.377150970005
2022-02-01,Monthly,Bank-bank Pelaburan / Investment Banks,0.0,106.67300687999999,0.0,0.0,0.0,0.0,0.0,6.095197349999999,0.0,0.0,0.0,100.57780953,0.0,0.0,1e-06,0.0,0.0,157.19800745999999,263.87101534
2022-02-01,Monthly,Jumlah/Total,1999.2581784499994,25343.96749957,840.4499437899999,723.5418850799999,116.90805870999998,5.6010298700000005,0.00013893,382.57960169999996,32.321410310000005,1720.5504647200005,8603.235524529999,13759.22938572,806.4016744400001,192.84851222999998,1178.22327781,312.2710184899999,2053.2878948400003,739.1130129599885,32625.371068789987
2022-03-01,Monthly,Bank-bank Perdagangan / Commercial Banks,1450.9251908699998,18309.500559129992,423.20454940999986,339.65584881999985,83.54870059,0.0,0.00013893,282.24590127,31.553104360000003,962.01279616,6268.3993989400005,10342.084670059994,641.81234494,166.53533459999994,496.44448302999996,259.26019165,868.3114043400002,311.33986838998396,22504.12937694998
2022-03-01,Monthly,Bank-bank Islam / Islamic Banks,536.1789835900001,7397.829765460001,370.27074448000036,336.36349903000036,33.907245450000005,5.6372681600000005,0.0,202.03251166000004,0.0,791.3523559799999,2450.76205472,3577.7748304600013,113.5895272,29.113944279999995,687.74789831,39.80066998,1175.71416442,281.0225554800047,10260.997508720007
2022-03-01,Monthly,Bank-bank Pelaburan / Investment Banks,0.0,106.83094969,0.0,0.0,0.0,0.0,0.0,6.0974248,0.0,0.0,0.0,100.73352489,0.0,0.0,1e-06,0.0,0.0,213.17030151000006,320.00125220000007
2022-03-01,Monthly,Jumlah/Total,1987.10417446,25814.161274279995,793.4752938900002,676.0193478500003,117.45594604,5.6372681600000005,0.00013893,490.37583773000006,31.553104360000003,1753.3651521399997,8719.161453660001,14020.593025409995,755.40187214,195.64927887999994,1184.19238234,299.06086163000003,2044.0255687600002,805.5327253799887,33085.128137869986
2022-04-01,Monthly,Bank-bank Perdagangan / Commercial Banks,1465.1868686100001,18486.612525930006,404.6954378300003,319.5013803000003,85.19405753000001,0.0,0.00013893,282.6188152,30.71316154,976.5791917999994,6400.853789489997,10391.15199114001,674.9446190799999,173.29801916,456.40670217,257.72778215999983,899.9821856300001,325.3404821499979,22739.499184890003
2022-04-01,Monthly,Bank-bank Islam / Islamic Banks,438.51370566000014,7710.62470106,347.32518541,309.22898349,38.09620192000002,5.66461319,0.0,202.61121307000002,0.0,894.3304874799996,2530.7157596700004,3729.97744224,113.61053441999998,30.446908890000003,647.44552347,38.74599360999999,1215.42156975,274.8240648100036,10469.633001670005
2022-04-01,Monthly,Bank-bank Pelaburan / Investment Banks,0.0,106.54556928999999,0.0,0.0,0.0,0.0,0.0,6.096682309999999,0.0,0.0,0.0,100.44888697999998,0.0,0.0,1e-06,0.0,0.0,214.04838816999995,320.59395845999995
2022-04-01,Monthly,Jumlah/Total,1903.7005742700003,26303.782796280007,752.0206232400003,628.7303637900003,123.29025945000004,5.66461319,0.00013893,491.32671058,30.71316154,1870.9096792799992,8931.569549159998,14221.578320360011,788.5551535,203.74492805,1103.8522266400003,296.4737757699998,2115.40375538,814.2129351300015,33529.72614502
2022-05-01,Monthly,Bank-bank Perdagangan / Commercial Banks,1455.0517180799995,19191.55135734999,437.0989246799998,349.31489340999985,87.78403126999996,0.0,0.00014549000000000002,283.65725418000005,31.60968767000001,998.2381833200001,6711.902448189997,10729.044713819989,642.37251904,168.36384880000003,424.92218762,263.46272919000006,849.75039621,303.2263081500314,23298.701064440018
2022-05-01,Monthly,Bank-bank Islam / Islamic Banks,446.94962225,8072.793188759999,366.56216181999986,324.05590640999986,42.506255410000016,5.69400844,0.0,203.28202659,0.0,963.8634347599999,2662.2193783499993,3871.172178799999,182.27390485999996,31.68365832999999,918.99657734,40.06241498000001,1359.95000221,273.7566630399933,11326.466031769993
2022-05-01,Monthly,Bank-bank Pelaburan / Investment Banks,0.0,103.28850211000001,0.0,0.0,0.0,0.0,0.0,6.096982639999999,0.0,0.0,0.0,97.19151947000002,0.0,0.0,1e-06,0.0,0.0,214.81559563999997,318.10409875
2022-05-01,Monthly,Jumlah/Total,1902.0013403299995,27367.63304821999,803.6610864999997,673.3707998199998,130.29028667999998,5.69400844,0.00014549000000000002,493.03626341000006,31.60968767000001,1962.10161808,9374.121826539997,14697.408412089988,824.6464239,200.04750713,1343.9187659600002,303.5251441700001,2209.70039842,791.7985668300247,34943.27119496001
2022-06-01,Monthly,Bank-bank Perdagangan / Commercial Banks,1423.93971495,19439.394678499997,399.32268224999996,321.4556733,77.86700894999994,0.0,8.088532370000001,284.440431,31.608190800000003,1012.2553138599994,6836.778335020001,10866.9011932,671.17401838,155.76362147,414.40536191999985,282.7581105500001,780.3662705799998,313.3514899600036,23481.15326631
2022-06-01,Monthly,Bank-bank Islam / Islamic Banks,510.6498255199999,8218.539075770002,368.04895778999986,319.0013193199999,49.04763846999998,5.72319937,0.0,203.48368395999998,0.0,996.1660658400003,2726.8517311400014,3918.2654376700007,187.32215711,33.54446474,948.7570047100002,38.01988133,1606.1027071800002,275.7505344199935,11818.685650779997
2022-06-01,Monthly,Bank-bank Pelaburan / Investment Banks,0.0,99.240696,0.0,0.0,0.0,0.0,0.0,6.098893599999999,0.0,0.0,0.0,93.1418024,0.0,0.0,1e-06,0.0,0.0,211.91257380000008,311.1532708000001
2022-06-01,Monthly,Jumlah/Total,1934.58954047,27757.174450270002,767.3716400399999,640.4569926199999,126.91464741999992,5.72319937,8.088532370000001,494.02300856,31.608190800000003,2008.4213796999998,9563.630066160002,14878.30843327,858.49617549,189.30808621,1363.16236763,320.77799188000006,2386.4689777599997,801.0145981799972,35610.99218789
2022-07-01,Monthly,Bank-bank Perdagangan / Commercial Banks,1426.03670935,19767.25058327,421.80010809000004,343.71787637000006,78.08223172,0.0,0.00013893,283.04533398,32.63946468,1042.9489474099996,6799.068693979998,11187.7478962,658.3339425900001,154.53756494000004,420.14224005000005,288.48272935999984,802.1736878000002,348.5430113000041,23865.500468660008
2022-07-01,Monthly,Bank-bank Islam / Islamic Banks,530.5420847000001,8622.99353939,402.0589669799998,347.71607214999983,54.342894829999985,5.756947189999999,0.0,211.78684659,0.0,1040.0195092799997,2823.304789060001,4140.066480289999,186.51773169,32.6091901,948.9312879800001,37.360815130000006,1626.3084384999997,277.5073835899975,12262.770471079999
2022-07-01,Monthly,Bank-bank Pelaburan / Investment Banks,0.0,99.10254006,0.0,0.0,0.0,0.0,0.0,6.10148768,0.0,0.0,0.0,93.00105237999999,0.0,0.0,1e-06,0.0,0.0,212.06218102,311.16472208
2022-07-01,Monthly,Jumlah/Total,1956.57879405,28489.34666272,823.8590750699998,691.4339485199998,132.42512655,5.756947189999999,0.00013893,500.93366825,32.63946468,2082.9684566899996,9622.373483039999,15420.815428869999,844.8516742800001,187.14675504000004,1369.0735290300001,325.84354448999983,2428.4821263,838.1125759100016,36439.43566182
2022-08-01,Monthly,Bank-bank Perdagangan / Commercial Banks,1413.0261732,19664.359716469997,428.13175035999996,350.75077674,77.38097361999998,0.0,0.00013893,280.35564453999996,30.76868218,993.9641976799998,6534.2523628399995,11396.886939939994,694.1934138499998,151.55000120999995,420.39821656999993,299.58239047000023,800.4968461600001,364.34155671999474,23807.94831464999
2022-08-01,Monthly,Bank-bank Islam / Islamic Banks,574.1253983800001,8812.235318189998,412.4346687400001,359.07983074000015,53.354838,8.699306589999999,0.0,212.71351264,0.0,1017.8387477699999,2744.4210705800006,4416.128011869998,179.48391328000002,32.586949110000006,972.1496982199999,38.71330891999998,1525.2148221500001,279.4480231400016,12413.957431390001
2022-08-01,Monthly,Bank-bank Pelaburan / Investment Banks,0.0,99.16889038,0.0,0.0,0.0,0.0,0.0,6.10298247,0.0,0.0,0.0,93.06590790999999,0.0,0.0,1e-06,0.0,0.0,209.30811511999997,308.47700649999996
2022-08-01,Monthly,Jumlah/Total,1987.15157158,28575.76392503999,840.5664191000001,709.8306074800001,130.73581162,8.699306589999999,0.00013893,499.1721396499999,30.76868218,2011.8029454499997,9278.673433420001,15906.080859719992,873.6773271299999,184.13695031999995,1392.54791579,338.2956993900002,2325.7116683100003,853.0976949799963,36530.38275253999
2022-09-01,Monthly,Bank-bank Perdagangan / Commercial Banks,1485.0087716100002,19625.97331982001,419.5619347500001,341.3385296200001,78.22340512999997,0.0,0.00013893,281.37575289999995,29.476764560000003,995.6806018899995,6404.750243979997,11495.127882810011,771.5963430600001,147.57115777,409.03809851999995,305.20579984999995,804.2430006700001,357.8828566000011,23906.519347900005
2022-09-01,Monthly,Bank-bank Islam / Islamic Banks,599.3664150199996,8991.042520679997,454.00557245000005,392.61066246,61.39490999000001,5.821266220000001,0.0,256.86871713000005,0.0,1013.5380399300003,2835.494703619999,4425.314221329997,235.87890799,23.110902,634.06198622,40.68719032000001,1419.4121586800002,289.93039254000405,12233.490473450003
2022-09-01,Monthly,Bank-bank Pelaburan / Investment Banks,0.0,99.10520027000001,0.0,0.0,0.0,0.0,0.0,6.103882469999999,0.0,0.0,0.0,93.00131780000001,0.0,0.0,1e-06,0.0,0.0,153.03733942999997,252.14254069999998
2022-09-01,Monthly,Jumlah/Total,2084.37518663,28716.121040770005,873.5675072000001,733.9491920800001,139.61831511999998,5.821266220000001,0.00013893,544.3483525,29.476764560000003,2009.21864182,9240.244947599997,16013.44342194001,1007.4752510500001,170.68205977000002,1043.1000857400002,345.89299016999996,2223.6551593500003,800.8505885700051,36392.15236205001
2022-10-01,Monthly,Bank-bank Perdagangan / Commercial Banks,1421.89530222,19597.924046360004,438.1585303899999,357.4756605099999,80.68286988,0.0,0.00013893,262.35065277000007,24.30594345,996.9219874800002,6395.77484763,11480.411945710002,772.18927368,143.65677056,407.2740186499999,328.1967097200001,815.66069151,373.0775954000036,23859.874408100004
2022-10-01,Monthly,Bank-bank Islam / Islamic Banks,646.6575935900001,9206.98550726,468.9147243600001,408.2199331300001,60.69479123000001,5.85523155,0.0,258.41333815,0.0,1052.0436895600008,2948.4215006100003,4473.33702303,230.21152256,19.933356230000005,603.98634916,47.95295631999999,1458.61729627,291.9522520099997,12506.2968334
2022-10-01,Monthly,Bank-bank Pelaburan / Investment Banks,0.0,99.24291499999998,0.0,0.0,0.0,0.0,0.0,6.1364617400000006,0.0,0.0,0.0,93.10645325999998,0.0,0.0,1e-06,0.0,0.0,204.55385826000003,303.79677426
2022-10-01,Monthly,Jumlah/Total,2068.5528958100003,28904.152468620003,907.0732547499999,765.69559364,141.37766111000002,5.85523155,0.00013893,526.90045266,24.30594345,2048.965677040001,9344.19634824,16046.855422,1002.4007962400001,163.59012679000003,1011.2603688099999,376.1496660400001,2274.27798778,869.5837056700034,36669.96801576001
2022-11-01,Monthly,Bank-bank Perdagangan / Commercial Banks,1425.1676528299995,19681.910186370013,462.33800262000005,378.79239289000003,83.54560973000002,0.0,0.00481497,262.69579243,24.48554236,954.6460199300004,6523.488469860002,11454.25154420001,768.09930353,147.64136526,399.2782988100001,347.14677424999996,765.3721022900002,355.9707529799732,23890.586436319987
2022-11-01,Monthly,Bank-bank Islam / Islamic Banks,643.61743836,9383.672952430004,501.2988178700002,435.3146464300002,65.98417144,5.8896488399999996,0.0,259.76944935,0.0,925.0007408999999,3103.5203968900014,4588.1938985800025,251.15299190000005,21.721418590000006,556.87895886,52.25521176000001,1387.37409217,287.7746368600042,12584.447700930008
2022-11-01,Monthly,Bank-bank Pelaburan / Investment Banks,0.0,98.34069875,0.0,0.0,0.0,0.0,0.0,6.1419094,0.0,0.0,0.0,92.19878935,0.0,0.0,1e-06,0.0,0.0,202.99022545000003,301.3309252
2022-11-01,Monthly,Jumlah/Total,2068.7850911899995,29163.923837550014,963.6368204900002,814.1070393200002,149.52978117000004,5.8896488399999996,0.00481497,528.6071511800001,24.48554236,1879.6467608300004,9627.008866750002,16134.644232130013,1019.2522954300001,169.36278385,956.15725867,399.40198601,2152.74619446,846.7356152899774,36776.36506245
2022-12-01,Monthly,Bank-bank Perdagangan / Commercial Banks,1392.3294838399995,17953.745094759986,447.59603802000004,368.69352828000007,78.90250973999999,0.0,6.635111439999998,262.27588096000005,22.295338539999996,972.2759786599997,6545.127210839999,9697.539536299986,729.9839838899999,147.30583862999998,373.82110915000004,353.91697730999994,765.5793966000002,344.6162053600318,22061.29808954002
2022-12-01,Monthly,Bank-bank Islam / Islamic Banks,636.8933262500001,9296.749489839998,495.7448427700002,441.09110577000024,54.653737,5.92557712,0.0,261.31364169000005,0.0,913.8567915300002,3196.134364559998,4423.77427217,248.06628863999998,19.085983270000003,559.0402707000001,51.959823179999994,1376.69765209,294.67873480999924,12483.171568779997
2022-12-01,Monthly,Bank-bank Pelaburan / Investment Banks,0.0,78.54385733,0.0,0.0,0.0,0.0,0.0,6.114790480000001,0.0,0.0,0.0,72.42906685,0.0,0.0,1e-06,0.0,0.0,172.21421828000007,250.75807661000005
2022-12-01,Monthly,Jumlah/Total,2029.2228100899997,27329.038441929984,943.3408807900003,809.7846340500002,133.55624673999998,5.92557712,6.635111439999998,529.7043131300002,22.295338539999996,1886.13277019,9741.261575399996,14193.742875319986,978.0502725299998,166.3918219,932.86138085,405.87680048999994,2142.2770486900004,811.5091584500311,34795.22773493002
2023-01-01,Monthly,Bank-bank Perdagangan / Commercial Banks,1423.2428138199991,18010.347244559987,470.07797289999985,383.87814630999986,86.19982659,0.0,6.34120298,263.40691491999996,22.469060510000002,958.7409316100005,6441.051678909999,9848.25948272999,699.8469580100001,135.21215095000002,352.47481572000004,365.7863571200003,747.4817525400005,338.0593669300375,22072.45145965002
2023-01-01,Monthly,Bank-bank Islam / Islamic Banks,657.09496705,9455.581293170004,516.2632903900001,459.50094523000007,56.76234515999998,5.97115531,0.0,262.67392133999994,0.0,949.7725915099996,3239.5448456900003,4481.355488930004,236.16151231000003,19.01494503,561.34986353,54.54148593999999,1337.62141973,294.9213026699981,12616.286789430002
2023-01-01,Monthly,Bank-bank Pelaburan / Investment Banks,0.0,78.56725651999999,0.0,0.0,0.0,0.0,0.0,6.11679419,0.0,0.0,0.0,72.45046233,0.0,0.0,1e-06,0.0,0.0,171.70676765000002,250.27402517000002
2023-01-01,Monthly,Jumlah/Total,2080.3377808699993,27544.49579424999,986.3412632899999,843.37909154,142.96217174999998,5.97115531,6.34120298,532.1976304499998,22.469060510000002,1908.5135231200002,9680.5965246,14402.065433989994,936.0084703200001,154.22709598000003,913.82468025,420.32784306000025,2085.1031722700004,804.6874372500356,34939.012274250024
2023-02-01,Monthly,Bank-bank Perdagangan / Commercial Banks,1461.9050747500003,17923.669006069988,426.8491485699999,342.44389345999986,84.40525511000001,0.0,0.00013893,264.76387661,23.5518707,992.2416652900004,6453.090437719998,9763.171868249989,693.7765972000001,147.27443608999997,352.05928754,365.3983257599999,796.1713861999998,344.07034320000673,22084.324456809998
2023-02-01,Monthly,Bank-bank Islam / Islamic Banks,696.0039366899999,9407.034999200005,502.6719507700001,447.2349636300001,55.43698713999998,6.003579189999999,0.0,263.81248551,0.0,973.1863464800003,3381.348970299999,4280.011666950004,234.15507569,18.33058794,530.6529577900001,56.606456699999995,1422.0331518300002,303.2794514100069,12668.096617250012
2023-02-01,Monthly,Bank-bank Pelaburan / Investment Banks,0.0,78.09191502999998,0.0,0.0,0.0,0.0,0.0,6.12221296,0.0,0.0,0.0,71.96970206999998,0.0,0.0,1e-06,0.0,0.0,171.84676233000005,249.93867836000004
2023-02-01,Monthly,Jumlah/Total,2157.90901144,27408.795920299992,929.52109934,789.67885709,139.84224225,6.003579189999999,0.00013893,534.69857508,23.5518707,1965.4280117700007,9834.439408019996,14115.153237269993,927.9316728900001,165.60502402999998,882.7122463300001,422.0047824599999,2218.20453803,819.1965569400137,35002.35975242001
2023-03-01,Monthly,Bank-bank Perdagangan / Commercial Banks,1449.6528442299996,17629.655476010004,414.72086623999985,330.60809717999985,84.11276906,0.0,0.00013893,266.16913693,17.42597817,952.3197878499999,6255.89551417,9723.124053720006,802.0211606800001,145.64945258999998,425.62682641999993,363.77792713999986,645.76735751,351.4740606199888,21813.625105199997
2023-03-01,Monthly,Bank-bank Islam / Islamic Banks,707.7903829400002,9466.114087459999,500.50884297999977,443.47242184999976,57.03642113,35.48567715,0.0,263.43234238,0.0,876.2814995300002,3337.6436497299987,4452.76207569,239.97818001999997,16.34548237,531.50670912,52.611160619999985,1406.77952034,305.9834661600114,12727.108989030008
2023-03-01,Monthly,Bank-bank Pelaburan / Investment Banks,0.0,78.12868495,0.0,0.0,0.0,0.0,0.0,6.1304048600000005,0.0,0.0,0.0,71.99828009,0.0,0.0,1e-06,0.0,0.0,171.83218971999997,249.96087566999995
2023-03-01,Monthly,Jumlah/Total,2157.44322717,27173.898248420002,915.2297092199997,774.0805190299996,141.14919019,35.48567715,0.00013893,535.7318841700001,17.42597817,1828.60128738,9593.539163899999,14247.884409500006,1041.9993407000002,161.99493495999997,957.1335365399999,416.3890877599998,2052.54687785,829.2897165000002,34790.69496990001
2023-04-01,Monthly,Bank-bank Perdagangan / Commercial Banks,1509.6090902799997,17684.343476750008,434.74306025999977,348.08312628999977,86.65993397000001,0.0,0.00013893,267.58797747,17.56547028,939.6217834000003,6354.4968066300025,9670.328239780005,771.4536747799999,160.59837771999997,423.40517504999997,366.2338551800003,640.5517606400001,364.6060500700046,21920.80146047001
2023-04-01,Monthly,Bank-bank Islam / Islamic Banks,669.3016294899999,9901.766901949997,535.3185838700001,478.49231074000016,56.82627312999998,30.35413147,0.0,253.60239425000003,0.0,944.69173618,3580.25145897,4557.54859721,262.48263528999996,18.76016293,565.8933525599999,53.16908753999999,1431.26445282,317.23244943000714,13219.870672010004
2023-04-01,Monthly,Bank-bank Pelaburan / Investment Banks,0.0,77.80491373,0.0,0.0,0.0,0.0,0.0,6.13267455,0.0,0.0,0.0,71.67223917999999,0.0,0.0,1e-06,0.0,0.0,171.87938856999995,249.68430329999995
2023-04-01,Monthly,Jumlah/Total,2178.9107197699996,27663.915292430003,970.0616441299999,826.5754370299999,143.4862071,30.35413147,0.00013893,527.3230462700001,17.56547028,1884.3135195800003,9934.748265600003,14299.549076170004,1033.9363100699998,179.35854064999998,989.2985286099998,419.4029427200003,2071.81621346,853.7178880700117,35390.35643578001
2023-05-01,Monthly,Bank-bank Perdagangan / Commercial Banks,1580.9714177199999,17762.372536340004,459.96349031,364.30194700000004,95.66154330999994,0.0,0.00013893,269.04787183,17.717964289999998,936.36224503,6491.415479289998,9587.86534666,833.03427467,162.50355989,433.3503622400001,364.97274378000026,675.0119397199999,344.5810736399958,22156.797907999997
2023-05-01,Monthly,Bank-bank Islam / Islamic Banks,715.3459343999998,10154.251505469996,593.2494551100003,533.6882423900003,59.561212720000015,33.735413210000004,0.0,261.92851647,0.0,972.9953072599999,3690.04584987,4602.296963549995,266.19061419,18.999471249999996,566.2189245199999,54.92413067000002,1428.7098032999997,317.07599625999956,13521.716380059996
2023-05-01,Monthly,Bank-bank Pelaburan / Investment Banks,0.0,76.48221897,0.0,0.0,0.0,0.0,0.0,6.143936269999999,0.0,0.0,0.0,70.33828270000001,0.0,0.0,1e-06,0.0,0.0,178.49532018999997,254.97754016
2023-05-01,Monthly,Jumlah/Total,2296.3173521199997,27993.106260779998,1053.2129454200003,897.9901893900003,155.22275602999997,33.735413210000004,0.00013893,537.1203245700001,17.717964289999998,1909.35755229,10181.461329159998,14260.500592909995,1099.22488886,181.50303114,999.56928776,419.89687445000027,2103.72174302,840.1523900899954,35933.49182821999
2023-06-01,Monthly,Bank-bank Perdagangan / Commercial Banks,1767.9714971500002,17666.34840059,464.3582968099999,356.17974575999995,108.17855104999995,0.0,0.00013893,270.19780079000003,17.86681567,920.3223424600004,6501.829675089999,9491.77333084,898.2222065300001,152.31479263000006,433.94205708000004,389.9232013600001,740.4317379299999,261.01391998999986,22310.167813260003
2023-06-01,Monthly,Bank-bank Islam / Islamic Banks,728.9423925699998,10058.792253789992,600.16351226,529.21975158,70.94376068,38.37398889,0.0,215.67630623000002,0.0,862.2048728000004,3766.9715912199986,4575.401982389993,275.56893907000006,18.972216510000003,824.34811594,52.239395200000025,619.74318286,55.77593148002461,12634.382427420016
2023-06-01,Monthly,Bank-bank Pelaburan / Investment Banks,0.0,76.38414076000002,0.0,0.0,0.0,0.0,0.0,6.14930248,0.0,0.0,0.0,70.23483828000002,0.0,0.0,1e-06,0.0,0.0,171.15947469999998,247.54361646
2023-06-01,Monthly,Jumlah/Total,2496.91388972,27801.52479513999,1064.5218090699998,885.3994973399999,179.12231172999995,38.37398889,0.00013893,492.02340950000007,17.86681567,1782.527215260001,10268.801266309998,14137.410151509992,1173.7911456000002,171.28700914000007,1258.2901740200002,442.16259656000017,1360.17492079,487.94932617002445,35192.093857140026
2023-07-01,Monthly,Bank-bank Perdagangan / Commercial Banks,1814.5704604399998,18241.17880202,499.1348341499999,386.2210723499999,112.91376180000002,0.0,0.00013893,271.61281557999996,18.02193823,957.8072942299999,6764.620554629998,9729.981226270003,943.3546193599998,152.87565434,444.70645543,414.09388191999966,740.3135349000001,268.19488739999315,23019.288295809994
2023-07-01,Monthly,Bank-bank Islam / Islamic Banks,762.6511859000001,10627.410559850003,626.1449368599999,555.28949482,70.85544203999999,33.80499315999999,0.0,217.80365214,0.0,945.5578914500003,4044.3035215200002,4759.7955647200015,333.26582438,18.56786321,504.43139689000003,52.207967159999995,595.19073232,54.55324554998742,12948.27877525999
2023-07-01,Monthly,Bank-bank Pelaburan / Investment Banks,0.0,76.30025869,0.0,0.0,0.0,0.0,0.0,6.15680053,0.0,0.0,0.0,70.14345816000001,0.0,0.0,1e-06,0.0,0.0,201.48179628999998,277.78205598
2023-07-01,Monthly,Jumlah/Total,2577.22164634,28944.889620560003,1125.2797710099999,941.5105671699998,183.76920384,33.80499315999999,0.00013893,495.57326824999996,18.02193823,1903.3651856800002,10808.924076149999,14559.920249150005,1276.6204437399997,171.44351755000002,949.1378533200001,466.30184907999967,1335.5042672200002,524.2299292399805,36245.34912704999
2023-08-01,Monthly,Bank-bank Perdagangan / Commercial Banks,1915.3514388100002,18240.283010319996,521.55870425,392.37561982,129.18308443000004,0.0,0.00013893,265.28002316999994,18.178381920000003,958.3555393699999,6689.534903420003,9787.375319259992,915.8165714300001,149.76479964000004,439.97768938,429.81675220000005,778.8748101599999,284.98578711000187,23154.870859050003
2023-08-01,Monthly,Bank-bank Islam / Islamic Banks,789.7372436299999,10687.0374226,652.45413706,580.76317491,71.69096215000002,28.578216959999992,0.0,218.64655127,0.0,922.7323672599997,4091.7133221800004,4772.91282787,338.22894540999994,16.489638789999994,826.67483811,53.16743548,614.9282889300001,65.62195344999714,13391.885766399997
2023-08-01,Monthly,Bank-bank Pelaburan / Investment Banks,0.0,74.96906116000001,0.0,0.0,0.0,0.0,0.0,6.16737945,0.0,0.0,0.0,68.80168171000001,0.0,0.0,1e-06,0.0,0.0,201.71372935,276.68279151
2023-08-01,Monthly,Jumlah/Total,2705.08868244,29002.289494079996,1174.01284131,973.13879473,200.87404658000005,28.578216959999992,0.00013893,490.09395388999997,18.178381920000003,1881.0879066299995,10781.248225600004,14629.089828839991,1254.04551684,166.25443843000002,1266.6525284900001,482.98418768000005,1393.8030990900002,552.321469909999,36823.43941696
2023-09-01,Monthly,Bank-bank Perdagangan / Commercial Banks,1884.0052434500005,17494.83396511,498.48447445000005,379.79214796,118.69232649000004,0.0,0.00013893,266.66267182999997,18.09172191,943.2719292300004,6294.90157956,9473.421449199996,924.8326169599998,167.67672079999997,470.5058977800001,411.60359622000004,839.13424326,291.20967518000066,22483.80195876
2023-09-01,Monthly,Bank-bank Islam / Islamic Banks,798.2196434499997,10380.778040059997,647.9043711999998,577.9134596799998,69.99091152,24.883888940000006,0.0,240.38456323999998,0.0,907.85878396,3766.658639109998,4793.087793609998,320.7466809499999,14.985277819999999,831.03061927,52.43397902,630.3464354300002,61.11966757000289,13089.660343569998
2023-09-01,Monthly,Bank-bank Pelaburan / Investment Banks,0.0,75.24435729000001,0.0,0.0,0.0,0.0,0.0,6.1746025,0.0,0.0,0.0,69.06975479,0.0,0.0,1e-06,0.0,0.0,202.18920540000013,277.43356369000014
2023-09-01,Monthly,Jumlah/Total,2682.2248869000005,27950.85636246,1146.38884565,957.7056076399999,188.68323801000003,24.883888940000006,0.00013893,513.2218375699999,18.09172191,1851.1307131900003,10061.560218669998,14335.578997599992,1245.5792979099997,182.66199861999996,1301.5365180500003,464.03757524,1469.48067869,554.5185481500037,35850.89586601999
2023-10-01,Monthly,Bank-bank Perdagangan / Commercial Banks,1901.0798744299996,17239.60856134,496.8143371999999,376.1853273699999,120.62900982999996,0.0,0.00013893,267.96518253000005,18.24918885,939.1611779899995,6226.212802899996,9291.205732940001,918.3703520099998,212.75039157000003,443.90953805000015,429.8402581399999,609.3738758800002,302.5228724799731,22057.455723899973
2023-10-01,Monthly,Bank-bank Islam / Islamic Banks,796.2482956700003,10652.86696336,641.2605919099998,572.6017930199998,68.65879889,24.246647569999997,0.0,236.45324545000005,0.0,1075.9224573199992,3818.0374420400035,4856.946579069996,295.5324803399999,21.080260220000003,831.65719173,54.029949050000035,638.5491662299999,55.40863539999589,13345.372941999996
2023-10-01,Monthly,Bank-bank Pelaburan / Investment Banks,0.0,74.78994845999999,0.0,0.0,0.0,0.0,0.0,6.1849843,0.0,0.0,0.0,68.60496416,0.0,0.0,1e-06,0.0,0.0,200.79995766999997,275.58990713
2023-10-01,Monthly,Jumlah/Total,2697.3281700999996,27967.265473159998,1138.0749291099996,948.7871203899997,189.28780871999996,24.246647569999997,0.00013893,510.6034122800001,18.24918885,2015.0836353099987,10044.25024494,14216.757276169998,1213.9028323499997,233.83065179000005,1275.5667307800002,483.8702071899999,1247.92304211,558.731465549969,35678.41857302997
2023-11-01,Monthly,Bank-bank Perdagangan / Commercial Banks,1929.9902820800005,17164.210513749993,504.50677838,386.92092156,117.58585681999999,0.0,0.00013893,252.9615452,18.402967699999998,947.7023876600003,6203.753935559996,9236.882760319997,913.4230879900002,202.35072069,443.0995510199999,443.19045414999977,628.1242339500001,301.12012373001414,22025.50896736001
2023-11-01,Monthly,Bank-bank Islam / Islamic Banks,770.9454214900001,10658.964632989993,668.34496671,593.9890869,74.35587981,29.046589889999996,0.0,237.14845826,0.0,1020.8322491600005,3792.5743914099967,4911.017977559995,285.06226872,19.733236050000006,770.3992018100001,55.59930767999999,627.8511552600002,60.431348740011344,13248.986572740003
2023-11-01,Monthly,Bank-bank Pelaburan / Investment Banks,0.0,70.89603386,0.0,0.0,0.0,0.0,0.0,5.8868484400000005,0.0,0.0,0.0,65.00918542000001,0.0,0.0,1e-06,0.0,0.0,201.53536483,272.43139969
2023-11-01,Monthly,Jumlah/Total,2700.9357035700004,27894.07118059999,1172.85174509,980.91000846,191.94173662999998,29.046589889999996,0.00013893,495.9968519,18.402967699999998,1968.5346368200007,9996.328326969993,14212.909923299992,1198.4853567100004,222.08395674000002,1213.4987538300002,498.78976182999975,1255.9753892100002,563.0868373000255,35546.92693979001
2023-12-01,Monthly,Bank-bank Perdagangan / Commercial Banks,1969.3499887199994,17065.275738559994,513.71582492,387.6429361300001,126.07288878999996,0.0,0.00013893,254.15447336000003,13.67152199,936.9137736500003,6211.803570819999,9135.016434889994,886.86486278,189.51613862999992,366.2417581600001,400.44381237000016,612.8524928100001,302.6008913800033,21793.145683409995
2023-12-01,Monthly,Bank-bank Islam / Islamic Banks,777.4711812499999,10599.823758130004,668.3924862200006,600.7898055900006,67.60268063,28.534717130000004,0.0,237.07463869999998,0.0,1046.3561875499997,3786.0626110499993,4833.403117480004,275.52492748,16.65725269,771.1735366100002,51.01537534000001,620.1594120900002,63.398389729992005,13175.223833319997
2023-12-01,Monthly,Bank-bank Pelaburan / Investment Banks,0.0,71.28751517,0.0,0.0,0.0,0.0,0.0,5.896656480000001,0.0,0.0,0.0,65.39085869,0.0,0.0,1e-06,0.0,0.0,201.77621245,273.06372862
2023-12-01,Monthly,Jumlah/Total,2746.821169969999,27736.387011859995,1182.1083111400008,988.4327417200006,193.67556941999996,28.534717130000004,0.00013893,497.12576854,13.67152199,1983.2699612000001,9997.866181869998,14033.810411059998,1162.38979026,206.17339131999992,1137.4152957700003,451.45918771000015,1233.0119049000002,567.7754935599953,35241.43324534999
2024-01-01,Monthly,Bank-bank Perdagangan / Commercial Banks,1973.5405168300003,17134.19400030999,523.6453859799997,397.72358726999965,125.92179871000005,0.0,0.00013893,262.18339549999996,14.854732199999999,946.8484057299995,6218.0363271999995,9168.625614769993,878.68830525,189.41716272,360.41534784000004,396.02109216,611.4348375599999,336.2836606400293,21879.994923310027
2024-01-01,Monthly,Bank-bank Islam / Islamic Banks,706.4659928299999,10682.09963889,695.5726409299999,624.8560218499999,70.71661908000002,31.667317210000004,0.0,237.8947619,0.0,1029.6275033599998,3817.61777962,4869.719635870001,273.34736499999997,11.320232660000002,773.11396988,50.283717739999986,235.28372785,62.39621279999693,12794.310857649996
2024-01-01,Monthly,Bank-bank Pelaburan / Investment Banks,0.0,71.71195268000001,0.0,0.0,0.0,0.0,0.0,5.93553781,0.0,0.0,0.0,65.77641487000001,0.0,0.0,1e-06,0.0,0.0,308.29770730000007,380.0096609800001
2024-01-01,Monthly,Jumlah/Total,2680.00650966,27888.00559187999,1219.2180269099995,1022.5796091199995,196.63841779000006,31.667317210000004,0.00013893,506.0136952099999,14.854732199999999,1976.4759090899993,10035.654106819999,14104.121665509996,1152.0356702499998,200.73739538,1133.5293187200002,446.3048099,846.7185654099999,706.9775807400263,35054.31544194002
2024-02-01,Monthly,Bank-bank Perdagangan / Commercial Banks,1964.48113855,17197.45010469,534.3532580799999,406.13863413,128.21462394999995,0.0,0.00015247,262.95834958,14.97485573,950.4279311399998,6294.57336174,9140.162195950003,874.51176997,200.34601911,332.01725853000016,365.63462598999985,453.49264496,343.95373491999294,21731.887296719986
2024-02-01,Monthly,Bank-bank Islam / Islamic Banks,776.9092440399999,10977.644384519996,706.9032277999995,634.8415520599996,72.06167573999998,46.61500799,0.0,238.80081705,0.0,1101.25598076,3898.460286479999,4985.6090644399965,285.79180092999997,59.39103248,776.65743485,51.42660131000002,237.75310406,62.886036070007606,13228.459638260003
2024-02-01,Monthly,Bank-bank Pelaburan / Investment Banks,0.0,72.05441408,0.0,0.0,0.0,0.0,0.0,5.91554749,0.0,0.0,0.0,66.13886659,0.0,0.0,1e-06,0.0,0.0,300.36065748000004,372.41507256000006
2024-02-01,Monthly,Jumlah/Total,2741.3903825899997,28247.148903289995,1241.2564858799994,1040.9801861899996,200.27629968999992,46.61500799,0.00015247,507.67471412,14.97485573,2051.6839118999997,10193.03364822,14191.91012698,1160.3035709,259.73705158999996,1108.6746943800001,417.06122729999987,691.24574902,707.2004284700006,35332.76200753998
2024-03-01,Monthly,Bank-bank Perdagangan / Commercial Banks,1879.3520175100002,17013.670362539993,501.0620424,372.46437225999995,128.59767014000002,0.0,0.00013893,264.23431196,15.10431638,943.3684665500001,6171.647973679998,9118.253112639992,879.85708563,197.76676956999998,369.53350702999995,360.9693964700003,428.10575359999996,335.4981583099951,21464.75305065999
2024-03-01,Monthly,Bank-bank Islam / Islamic Banks,864.0128290199998,10904.811201940001,717.2354021899997,636.5720665799997,80.66333561000003,46.90098200999999,0.0,239.51437491,0.0,1075.5917211300002,3829.9846225799997,4995.584099120002,262.17490083999996,9.41403357,767.40995845,49.60137585999998,238.77113306,62.48244660001137,13158.677879340012
2024-03-01,Monthly,Bank-bank Pelaburan / Investment Banks,0.0,72.45639867,0.0,0.0,0.0,0.0,0.0,5.92805962,0.0,0.0,0.0,66.52833905,0.0,0.0,1e-06,0.0,0.0,304.17530995999994,376.63170962999993
2024-03-01,Monthly,Jumlah/Total,2743.3648465300002,27990.937963149998,1218.2974445899997,1009.0364388399996,209.26100575000004,46.90098200999999,0.00013893,509.67674649,15.10431638,2018.9601876800002,10001.632596259999,14180.365550809995,1142.03198647,207.18080313999997,1136.94346648,410.57077233000024,666.87688666,702.1559148700064,35000.06263963
2024-04-01,Monthly,Bank-bank Perdagangan / Commercial Banks,1862.70242126,17169.727989500003,504.78714044000003,377.37347508,127.41366536000001,0.0,0.00013893,264.76702539,15.23070369,941.3748863899998,6107.159855450004,9336.408239209999,885.49897489,204.20116317000006,369.20020883999996,365.8866862299998,445.45436738,338.6923819799779,21641.36419324998
2024-04-01,Monthly,Bank-bank Islam / Islamic Banks,870.88064266,11014.110334959996,719.3480044400002,638.3650964900002,80.98290795000005,50.95274031,0.0,240.35365752999996,0.0,1132.0509111700007,3911.93486789,4959.470153619994,255.01056264999997,9.536344459999999,768.1172314299998,52.47074511999999,236.43289494,67.46747537999354,13274.026231599992
2024-04-01,Monthly,Bank-bank Pelaburan / Investment Banks,0.0,72.84593982999998,0.0,0.0,0.0,0.0,0.0,5.93936193,0.0,0.0,0.0,66.90657789999997,0.0,0.0,1e-06,0.0,0.0,264.25542781000007,337.10136864000003
2024-04-01,Monthly,Jumlah/Total,2733.58306392,28256.684264289997,1224.13514488,1015.7385715700002,208.39657331000006,50.95274031,0.00013893,511.06004485,15.23070369,2073.4257975600003,10019.094723340004,14362.784970729992,1140.5095375399999,213.73750763000007,1137.3174412699998,418.3574313499998,681.88726232,670.4152851699714,35252.49179348997
2024-05-01,Monthly,Bank-bank Perdagangan / Commercial Banks,1848.8843107700002,16963.84937552,516.8309658599999,387.6429798599999,129.18798600000002,0.0,0.00013893,266.01826217000007,15.22615199,938.8995808800003,6050.530945419995,9176.34333027,899.3053362600001,208.79949919999996,374.21009937999986,352.13674965999996,434.39114931000023,329.9718832599995,21411.54840336
2024-05-01,Monthly,Bank-bank Islam / Islamic Banks,881.1140627199999,11161.133244299996,737.7829327199994,651.9078217199993,85.87511100000003,56.84277191,0.0,241.15465266000004,0.0,1136.1468279200005,3834.0637574699986,5155.142301619998,267.3953682,59.239967440000015,785.1345215,52.89571181,237.59369937,58.06628784999137,13502.572863189987
2024-05-01,Monthly,Bank-bank Pelaburan / Investment Banks,0.0,73.25126917,0.0,0.0,0.0,0.0,0.0,5.951916519999999,0.0,0.0,0.0,67.29935265,0.0,0.0,1e-06,0.0,0.0,289.03114099999993,362.28241116999993
2024-05-01,Monthly,Jumlah/Total,2729.99837349,28198.233888989995,1254.6138985799994,1039.5508015799992,215.06309700000006,56.84277191,0.00013893,513.1248313500001,15.22615199,2075.046408800001,9884.594702889994,14398.784984539998,1166.70070446,268.03946664,1159.34462188,405.03246147,671.9848486800003,677.0693121099908,35276.403677719994
2024-06-01,Monthly,Bank-bank Perdagangan / Commercial Banks,1760.4168606599992,16755.419979400005,500.46455864999996,369.66977408,130.7947845699999,0.0,0.00013893,266.96602465999996,15.490952739999999,934.2147527,5894.725635160004,9143.557916560003,882.3038597500001,209.00388442000008,371.8604909699999,355.3533140899999,413.90814678,319.7350527099954,21068.00158878
2024-06-01,Monthly,Bank-bank Islam / Islamic Banks,851.3957616300003,11098.897817879997,758.3159973099997,672.5829513599997,85.73304595000003,57.66815026,0.0,246.10958044000003,0.0,1086.1314530599996,3817.6261100299994,5133.046526779999,266.23236464,57.785078770000005,820.74336705,46.776745930000004,236.44404029999998,61.137313909994816,13439.412490109991
2024-06-01,Monthly,Bank-bank Pelaburan / Investment Banks,0.0,73.64368202,0.0,0.0,0.0,0.0,0.0,5.96237158,0.0,0.0,0.0,67.68131044,0.0,0.0,1e-06,0.0,0.0,281.76062362999994,355.40430664999997
2024-06-01,Monthly,Jumlah/Total,2611.8126222899996,27927.961479300004,1258.7805559599997,1042.2527254399997,216.52783051999995,57.66815026,0.00013893,519.0379766799999,15.490952739999999,2020.3462057599995,9712.351745190002,14344.285753780003,1148.5362243900001,266.78896319000006,1192.6038590199998,402.1300600199999,650.35218708,662.6329902499901,34862.81838553999
2024-07-01,Monthly,Bank-bank Perdagangan / Commercial Banks,1746.3123505099993,16445.919567899997,500.85598280000005,379.33893204000003,121.51705076,0.0,0.00013893,268.4479933100001,15.62490028,940.6538219199997,5798.963489609999,8921.373241050002,896.6207038599997,204.6428830799999,351.8523562100001,352.2781254700002,411.4471325600001,325.7540371499956,20734.827156739993
2024-07-01,Monthly,Bank-bank Islam / Islamic Banks,874.2500146500004,11147.60863788,755.9971342899996,673.0461616499996,82.95097264,56.593153220000005,0.0,246.96756937000004,0.0,1135.17037507,3828.175411,5124.704994930002,292.16234915,57.99077546000001,825.8484835,45.70023421999999,235.14120426000002,57.61755382999601,13536.319252949996
2024-07-01,Monthly,Bank-bank Pelaburan / Investment Banks,0.0,24.40361659,0.0,0.0,0.0,0.0,0.0,6.00123969,0.0,0.0,0.0,18.4023769,0.0,0.0,1e-06,0.0,0.0,280.39860280999994,304.80222039999995
2024-07-01,Monthly,Jumlah/Total,2620.56236516,27617.931822369996,1256.8531170899996,1052.3850936899996,204.4680234,56.593153220000005,0.00013893,521.4168023700001,15.62490028,2075.82419699,9627.13890061,14064.480612880003,1188.7830530099998,262.63365853999994,1177.7008407100002,397.97835969000016,646.5883368200001,663.7701937899916,34575.94863008999
2024-08-01,Monthly,Bank-bank Perdagangan / Commercial Banks,1801.8903683899998,16392.693561560005,510.9743502,387.56276383000005,123.41158636999995,0.0,0.00013893,270.27136669,15.75997607,939.3172058799996,5695.95120904,8960.419314750006,920.5938993099999,203.23617138999992,360.34396008000004,341.10488426,391.96577255000017,319.88173684,20731.710354380004
2024-08-01,Monthly,Bank-bank Islam / Islamic Banks,937.1745263799999,11195.869617719994,769.2322567,687.87545465,81.35680204999997,60.268586850000005,0.0,247.89739441999998,0.0,1182.5490206200002,3771.8493993199972,5164.072959809999,289.24049745,58.41786383,825.61282446,45.085653069999985,221.92378012999998,59.329483560002615,13632.6542466
2024-08-01,Monthly,Bank-bank Pelaburan / Investment Banks,0.0,24.5463514,0.0,0.0,0.0,0.0,0.0,6.04026181,0.0,0.0,0.0,18.50608959,0.0,0.0,1e-06,0.0,0.0,280.17076645,304.71711884999996
2024-08-01,Monthly,Jumlah/Total,2739.0648947699997,27613.109530679998,1280.2066069,1075.4382184800002,204.76838841999992,60.268586850000005,0.00013893,524.2090229199999,15.75997607,2121.8662265,9467.800608359998,14142.998364150006,1209.83439676,261.6540352199999,1185.95678554,386.19053733,613.8895526800002,659.3819868500026,34669.08171983
2024-09-01,Monthly,Bank-bank Perdagangan / Commercial Banks,1724.0845115000002,16241.228305349996,510.13737464999986,388.34938613999987,121.78798851000002,0.0,0.00013893,265.02808027000003,16.05626556,952.3342392599998,5629.631313240001,8868.040893439995,858.4042729699997,177.48914579,358.4720699899999,356.55978639999995,331.53492697999997,326.508031209991,20374.28105018999
2024-09-01,Monthly,Bank-bank Islam / Islamic Banks,924.8256964799996,11066.048288929993,798.5198892200006,718.7318329900005,79.78805623000004,65.59453192,0.0,248.40778688,0.0,1156.91890776,3776.705893139999,5019.901280009994,217.28422005999997,57.34778203000001,805.5894813000002,42.58219783999999,201.55184516000003,65.30290650999405,13380.532418309987
2024-09-01,Monthly,Bank-bank Pelaburan / Investment Banks,0.0,24.68558156,0.0,0.0,0.0,0.0,0.0,6.07817704,0.0,0.0,0.0,18.60740452,0.0,0.0,1e-06,0.0,0.0,279.9332602899999,304.6188428499999
2024-09-01,Monthly,Jumlah/Total,2648.9102079799995,27331.962175839988,1308.6572638700004,1107.0812191300004,201.57604474000004,65.59453192,0.00013893,519.51404419,16.05626556,2109.2531470199997,9406.33720638,13906.549577969989,1075.6884930299998,234.83692782000003,1164.0615522900002,399.14198423999994,533.08677214,671.744198009985,34059.432311349985
2024-10-01,Monthly,Bank-bank Perdagangan / Commercial Banks,1680.9204659599993,15981.668548550004,518.1065524300001,394.64358465,123.46296778000007,0.0,0.00013893,267.24994369000007,16.33710183,747.9565246200002,5590.005994910001,8842.012292140003,798.6133266199998,175.58789713000002,339.51682411999997,384.2099130400001,349.03914934000005,323.73549116999624,20033.291615929997
2024-10-01,Monthly,Bank-bank Islam / Islamic Banks,880.0108493300002,11202.279140749997,803.0481937900003,725.1077470500003,77.94044673999998,76.13851529999998,0.0,249.40901316000003,0.0,1220.9173186599999,3743.17982353,5109.586276309998,229.06616351000002,66.07995766,812.16456248,44.52141962999999,215.46592392999997,72.15140399000433,13521.739421280003
2024-10-01,Monthly,Bank-bank Pelaburan / Investment Banks,0.0,24.830126710000002,0.0,0.0,0.0,0.0,0.0,6.11752689,0.0,0.0,0.0,18.71259982,0.0,0.0,1e-06,0.0,0.0,278.80754767999997,303.63767538999997
2024-10-01,Monthly,Jumlah/Total,2560.9313152899995,27208.777816010002,1321.1547462200003,1119.7513317000003,201.40341452000007,76.13851529999998,0.00013893,522.7764837400001,16.33710183,1968.87384328,9333.18581844,13970.311168270002,1027.67949013,241.66785479000004,1151.6813876,428.7313326700001,564.50507327,674.6944428400005,33858.668712599996
2024-11-01,Monthly,Bank-bank Perdagangan / Commercial Banks,1735.1223494100002,15799.569329340009,532.4895864400003,408.1492879400003,124.34029849999999,0.0,0.00013893,268.05146436999996,16.47387051,772.6978279899998,5543.631859149999,8666.22458195001,827.57662662,179.64814599000005,327.77962867,379.52323932999985,385.52465209,313.21001243000546,19947.953983880012
2024-11-01,Monthly,Bank-bank Islam / Islamic Banks,837.0825320700004,11335.30490512,820.9828274599997,749.9751313699998,71.00769608999998,91.55963627,0.0,250.64717271,0.0,1262.3138315500003,3762.910826079999,5146.890611050001,224.31061904,18.14428433000001,824.69467362,47.90029738000001,220.62565377,62.472460190010764,13570.535425520009
2024-11-01,Monthly,Bank-bank Pelaburan / Investment Banks,0.0,24.97100098,0.0,0.0,0.0,0.0,0.0,6.155745,0.0,0.0,0.0,18.81525598,0.0,0.0,1e-06,0.0,0.0,195.83672854000002,220.80773052000004
2024-11-01,Monthly,Jumlah/Total,2572.2048814800005,27159.84523544001,1353.4724139,1158.1244193100001,195.34799458999998,91.55963627,0.00013893,524.85438208,16.47387051,2035.01165954,9306.542685229999,13831.93044898001,1051.88724566,197.79243032000005,1152.47430329,427.4235367099999,606.15030586,571.5192011600163,33739.29713992002
2024-12-01,Monthly,Bank-bank Perdagangan / Commercial Banks,1549.1446828300002,15480.386403490002,485.82778080999987,374.93908583999985,110.88869497,0.0,0.00013893,269.48685643999994,19.559344239999998,779.2718757900004,5446.097222210001,8480.143185070001,762.4008756499998,179.6638442,426.1815889399999,368.6139009800002,469.74169975,348.81371540000777,19584.94671124001
2024-12-01,Monthly,Bank-bank Islam / Islamic Banks,832.80239157,10861.054995209997,789.03249239,722.14631861,66.88617378,102.73040912999997,0.0,220.33946404,0.0,1172.7732611699996,3674.8558422599995,4901.323526219998,199.52357723000003,18.420842550000003,453.29165537,46.12870883999998,216.10822037,55.998131329989775,12683.328522469988
2024-12-01,Monthly,Bank-bank Pelaburan / Investment Banks,0.0,25.1178064,0.0,0.0,0.0,0.0,0.0,6.19538777,0.0,0.0,0.0,18.92241863,0.0,0.0,1e-06,0.0,0.0,195.51346277999997,220.63127017999997
2024-12-01,Monthly,Jumlah/Total,2381.9470744,26366.559205100002,1274.8602732,1097.0854044499997,177.77486875,102.73040912999997,0.00013893,496.02170824999996,19.559344239999998,1952.04513696,9120.95306447,13400.389129919999,961.9244528799998,198.08468675,879.4732453099999,414.7426098200002,685.84992012,600.3253095099975,32488.906503889997
2025-01-01,Monthly,Bank-bank Perdagangan / Commercial Banks,1540.15621538,15642.121469479998,520.7839990700002,405.6292357000002,115.15476337,0.0,0.00013893,271.43357543999997,16.77907318,799.1205489300002,5474.66933888,8559.33479505,777.0314153,179.9984770199999,419.74753882,383.50157231999987,454.56396877999975,354.6332329700218,19751.75389007002
2025-01-01,Monthly,Bank-bank Islam / Islamic Banks,849.9872015500002,11089.761378480005,831.1359637500005,762.8037356400006,68.33222810999999,107.55362638,0.0,221.20443916000002,0.0,1225.4850240400003,3764.9882778000006,4939.394047350002,212.33919425,17.516865570000004,453.38301693,48.979892200000016,223.05202588,65.48835235999266,12960.50792722
2025-01-01,Monthly,Bank-bank Pelaburan / Investment Banks,0.0,25.265170770000005,0.0,0.0,0.0,0.0,0.0,6.23518224,0.0,0.0,0.0,19.029988530000004,0.0,0.0,1e-06,0.0,0.0,194.54994567000003,219.81511744000002
2025-01-01,Monthly,Jumlah/Total,2390.14341693,26757.148018730004,1351.9199628200008,1168.4329713400007,183.48699147999997,107.55362638,0.00013893,498.87319684,16.77907318,2024.6055729700006,9239.65761668,13517.75883093,989.37060955,197.5153425899999,873.13055675,432.48146451999986,677.6159946599997,614.6715310000145,32932.076934730016
2025-02-01,Monthly,Bank-bank Perdagangan / Commercial Banks,1594.9857033700005,15590.897144830002,531.1422101299997,413.5084398199998,117.63377030999997,0.0,0.00011279000000000001,273.09515784,19.6972855,807.9661752300002,5393.81334838,8565.182854960003,778.2844126,183.27739234000003,376.6458915,386.13237298999985,466.78526816999994,354.32278428999115,19731.33097008999
2025-02-01,Monthly,Bank-bank Islam / Islamic Banks,880.4211958100002,10961.940231559998,851.3395776399998,786.0962571599998,65.24332047999998,104.42105357000001,0.0,222.04293946,0.0,1279.3193177499998,3790.862269140001,4713.955073999998,218.08248455000003,18.7145767,430.56084513,52.58263430999999,225.75326989999994,63.77168380001146,12851.826921760008
2025-02-01,Monthly,Bank-bank Pelaburan / Investment Banks,0.0,38.33730068,0.0,0.0,0.0,0.0,0.0,6.1272940700000005,0.0,0.0,0.0,32.21000661,0.0,0.0,1e-06,0.0,0.0,195.58061955999997,233.91792123999997
2025-02-01,Monthly,Jumlah/Total,2475.4068991800004,26591.17467707,1382.4817877699995,1199.6046969799995,182.87709078999995,104.42105357000001,0.00011279000000000001,501.26539137000003,19.6972855,2087.28549298,9184.67561752,13311.34793557,996.36689715,201.99196904000004,807.20673763,438.71500729999985,692.5385380699998,613.6750876500025,32817.07581309
2025-03-01,Monthly,Bank-bank Perdagangan / Commercial Banks,1583.7472210600006,15287.801448910002,493.4223401,371.6609605,121.7613796,0.0,0.00011279000000000001,280.27747682000006,18.290708379999998,806.7256125099997,5231.758031370001,8457.327166940002,768.8419691699999,180.30662336,356.1771565700001,380.08992488,294.11279511000004,347.32229905000787,19198.39943811001
2025-03-01,Monthly,Bank-bank Islam / Islamic Banks,870.3479035899999,10855.721783690004,832.2425486099999,773.5039271699999,58.73862143999999,100.54083516,0.0,222.93612594000007,0.0,1211.1013096799995,3764.5416597599988,4724.359304540006,225.02604267000007,18.999878300000006,474.27587666000005,51.560162909999995,204.60218835000003,71.06537122000336,12771.599207390007
2025-03-01,Monthly,Bank-bank Pelaburan / Investment Banks,0.0,13.25579898,0.0,0.0,0.0,0.0,0.0,0.0,0.0,0.0,0.0,13.25579898,0.0,0.0,1e-06,0.0,0.0,194.67575748000013,207.93155746000014
2025-03-01,Monthly,Jumlah/Total,2454.0951246500003,26156.779031580005,1325.6648887099998,1145.1648876699999,180.50000103999997,100.54083516,0.00011279000000000001,503.21360276000013,18.290708379999998,2017.826922189999,8996.29969113,13194.942270460007,993.8680118399999,199.30650166,830.4530342300001,431.65008779,498.7149834600001,613.0634277500113,32177.93020296002
2025-04-01,Monthly,Bank-bank Perdagangan / Commercial Banks,1577.8425372599997,15391.692095000002,510.7567467600001,390.43808381,120.31866295000007,0.0,0.00011279000000000001,282.44733591000005,17.603079519999994,829.6282427500003,5231.930577300001,8519.325999970002,779.9115363299998,179.73611653,355.90368341000004,379.78945237999994,178.03133777999997,359.4763734700034,19202.383132160005
2025-04-01,Monthly,Bank-bank Islam / Islamic Banks,874.02489555,11047.099100960004,857.8117113300003,797.2743221700002,60.53738916000004,117.87317360000003,0.0,223.87143519000003,0.0,1267.2396029599995,3813.950604110002,4766.352573770001,225.17496152,19.49343371,492.33838125,52.84217596000001,197.6062409,75.24228397999815,12983.821473830003
2025-04-01,Monthly,Bank-bank Pelaburan / Investment Banks,0.0,13.4063508,0.0,0.0,0.0,0.0,0.0,0.0,0.0,0.0,0.0,13.4063508,0.0,0.0,1e-06,0.0,0.0,194.74654229000004,208.15289409000005
2025-04-01,Monthly,Jumlah/Total,2451.8674328099996,26452.197546760006,1368.5684580900004,1187.7124059800003,180.85605211000012,117.87317360000003,0.00011279000000000001,506.31877110000005,17.603079519999994,2096.8678457099995,9045.881181410003,13299.084924540002,1005.0864978499998,199.22955024,848.2420656600001,432.63162833999996,375.63757867999993,629.4651997400016,32394.35750008001
2025-05-01,Monthly,Bank-bank Perdagangan / Commercial Banks,1616.9164029199997,15734.809838660007,540.7192031399999,417.7065755999999,123.01262754000001,0.0,0.00011279000000000001,284.5730051,16.66531766,855.00693175,5425.1869796500005,8612.658288570008,772.14621745,182.01029602999998,343.52251834000003,388.02115536999986,182.5396776199999,349.9941690499935,19569.96027544
2025-05-01,Monthly,Bank-bank Islam / Islamic Banks,919.56203768,11341.384459609993,896.3025326099997,833.3713194699998,62.93121313999998,113.71284848999998,0.0,228.51892183,0.0,1318.1422829599999,3877.145512519997,4907.562361199996,238.92836450000001,24.918174009999994,492.7113568099999,52.65350728999997,195.27957004,80.10257718001503,13345.540047120008
2025-05-01,Monthly,Bank-bank Pelaburan / Investment Banks,0.0,13.561921009999999,0.0,0.0,0.0,0.0,0.0,0.0,0.0,0.0,0.0,13.561921009999999,0.0,0.0,1e-06,0.0,0.0,216.22666109999997,229.78858310999996
2025-05-01,Monthly,Jumlah/Total,2536.4784406,27089.75621928,1437.0217357499996,1251.0778950699996,185.94384068,113.71284848999998,0.00011279000000000001,513.09192693,16.66531766,2173.14921471,9302.332492169997,13533.782570780004,1011.07458195,206.92847003999998,836.2338761499999,440.67466265999985,377.8192476599999,646.3234073300085,33145.28890567001
2025-06-01,Monthly,Bank-bank Perdagangan / Commercial Banks,1622.3499361200004,15667.002365450007,628.8196552400001,514.7074081500001,114.11224708999995,0.0,0.00011279000000000001,286.78141144000006,16.80469759,754.8194850499998,5307.748602990002,8672.028400350006,754.7427338400001,177.27796476000003,401.51395038,382.4358638399999,129.07138579999997,359.8304430999761,19494.22464328999
2025-06-01,Monthly,Bank-bank Islam / Islamic Banks,920.9739959200004,11132.606137359999,889.7933854600001,829.95187536,59.84151010000001,119.05953845999998,0.0,229.17019735999997,0.0,1127.9040172200002,3880.8469610100024,4885.8320378499975,244.61090619000004,21.28285161,443.03201496,51.97775130000002,64.56296326,86.40077239999107,12965.44739299999
2025-06-01,Monthly,Bank-bank Pelaburan / Investment Banks,0.0,13.793615990000001,0.0,0.0,0.0,0.0,0.0,0.0,0.0,0.0,0.0,13.793615990000001,0.0,0.0,1e-06,0.0,0.0,207.57327981999998,221.36689681
2025-06-01,Monthly,Jumlah/Total,2543.3239320400007,26813.402118800004,1518.6130407,1344.65928351,173.95375718999998,119.05953845999998,0.00011279000000000001,515.9516088,16.80469759,1882.7235022700002,9188.595564000005,13571.654054190003,999.3536400300002,198.56081637000003,844.5459663400001,434.41361513999993,193.63434905999998,653.8044953199671,32681.03893309998
2025-07-01,Monthly,Bank-bank Perdagangan / Commercial Banks,1599.5539119899997,15335.945160230005,516.9825771099997,409.32173008999973,107.66084702,0.0,0.00011279000000000001,287.74084908,1.38428879,774.9309138900006,5217.738964900002,8537.167453670001,767.2418599000002,176.78233087,398.26952741,396.15237121999996,272.08644485,387.23759983000286,19333.269206300007
2025-07-01,Monthly,Bank-bank Islam / Islamic Banks,951.0680246600001,11692.798639799996,890.5133189200001,831.99234277,58.52097615000002,118.57607281,0.0,230.28157866000004,0.0,1165.9852139199993,3851.4451234799994,5435.997332009996,300.23240494000004,13.134302929999999,448.8597230099999,54.654385569999974,65.61651272,92.82426532000034,13619.188258949996
2025-07-01,Monthly,Bank-bank Pelaburan / Investment Banks,0.0,13.94933644,0.0,0.0,0.0,0.0,0.0,0.0,0.0,0.0,0.0,13.94933644,0.0,0.0,1e-06,0.0,0.0,207.96579630999994,221.91513374999994
2025-07-01,Monthly,Jumlah/Total,2550.62193665,27042.693136470003,1407.4958960299998,1241.3140728599997,166.18182317000003,118.57607281,0.00011279000000000001,518.02242774,1.38428879,1940.91612781,9069.184088380001,13987.114122119998,1067.4742648400002,189.9166338,847.12925142,450.80675678999995,337.70295757,688.0276614600032,33174.372599
2025-08-01,Monthly,Bank-bank Perdagangan / Commercial Banks,1578.3935981800003,15223.184239199996,531.4703762900003,422.1739896200003,109.29638667000002,0.0,0.00011279000000000001,289.84129114,1.38980446,768.7612174300002,5218.560857449999,8413.160579639996,674.7716902100001,183.18004880999996,385.1667663800002,402.64899685000046,269.36137672,351.01900722000613,19067.72572357
2025-08-01,Monthly,Bank-bank Islam / Islamic Banks,963.54579521,11826.790634450004,910.1076729300003,850.5878749800003,59.51979795000002,130.33901232,0.0,231.12608331999996,0.0,1216.4546289300004,3900.5753420500005,5438.187894900004,269.33120210999994,13.369345539999998,577.91960751,57.95279116,61.96348919,87.6325040499897,13858.505369219996
2025-08-01,Monthly,Bank-bank Pelaburan / Investment Banks,0.0,14.10475641,0.0,0.0,0.0,0.0,0.0,0.0,0.0,0.0,0.0,14.10475641,0.0,0.0,1e-06,0.0,0.0,207.51236308999998,221.61712049999997
2025-08-01,Monthly,Jumlah/Total,2541.93939339,27064.07963006,1441.5780492200006,1272.7618646000005,168.81618462000003,130.33901232,0.00011279000000000001,520.96737446,1.38980446,1985.2158463600006,9119.1361995,13865.453230950001,944.10289232,196.54939434999994,963.0863748900002,460.60178801000046,331.32486591,646.1638743599958,33147.848213289995
2025-09-01,Monthly,Bank-bank Perdagangan / Commercial Banks,1404.4811698400008,15084.826961430004,503.7802960900001,400.00405894000005,103.77623715000001,0.0,0.00011279000000000001,321.03815709,0.33867629,787.7937594700002,5294.656909050002,8177.219050650001,719.96651701,178.08408515999986,356.13266065,407.04139874000043,266.09677667000005,341.4901202299907,18758.11968973
2025-09-01,Monthly,Bank-bank Islam / Islamic Banks,993.9948967899998,11711.822458689994,932.8010363599996,870.9289499099996,61.87208644999999,145.83529221999996,0.0,231.99069175,0.0,1136.6556832999995,3957.2249296699997,5307.314825389998,311.88516769999995,12.160741419999997,573.9929179999998,58.11557629999996,61.88603049,85.72062485001405,13809.57841424001
2025-09-01,Monthly,Bank-bank Pelaburan / Investment Banks,0.0,14.25530823,0.0,0.0,0.0,0.0,0.0,0.0,0.0,0.0,0.0,14.25530823,0.0,0.0,1e-06,0.0,0.0,206.10677929999997,220.36208852999997
2025-09-01,Monthly,Jumlah/Total,2398.476066630001,26810.904728349997,1436.5813324499995,1270.9330088499996,165.6483236,145.83529221999996,0.00011279000000000001,553.02884884,0.33867629,1924.4494427699997,9251.88183872,13498.78918427,1031.85168471,190.24482657999985,930.1255796499998,465.15697504000036,327.98280716000005,633.3175243800047,32788.06019250001
2025-10-01,Monthly,Bank-bank Perdagangan / Commercial Banks,1398.6785503899998,14911.012584890002,508.6148021699998,407.0946980299998,101.52010414,0.0,0.00011279000000000001,321.28306062,0.34157285,816.0599266900001,5265.0325678200015,7999.680541950001,704.0015673799999,178.56973401000002,353.82197173000003,408.05115752000023,249.60583268999994,369.6213985500126,18573.362797160014
2025-10-01,Monthly,Bank-bank Islam / Islamic Banks,1027.77162666,11451.118877610003,959.1954694800002,896.7361034100002,62.45936607000001,139.45980391000003,0.0,232.87162698,0.0,1187.1506625100003,3937.1098015699995,4995.331513160001,343.82936364000005,10.973715870000001,573.33816603,59.213122989999995,207.02208525,80.1871473299922,13753.454105379997
2025-10-01,Monthly,Bank-bank Pelaburan / Investment Banks,0.0,14.20098069,0.0,0.0,0.0,0.0,0.0,0.0,0.0,0.0,0.0,14.20098069,0.0,0.0,1e-06,0.0,0.0,205.44419918000006,219.64518087000005
2025-10-01,Monthly,Jumlah/Total,2426.45017705,26376.332443190004,1467.81027165,1303.83080144,163.97947021000002,139.45980391000003,0.00011279000000000001,554.1546876,0.34157285,2003.2105892000004,9202.142369390001,13009.213035800001,1047.83093102,189.54344988000003,927.16013876,467.2642805100002,456.62791794,655.2527450600048,32546.462083410013
2025-11-01,Monthly,Bank-bank Perdagangan / Commercial Banks,1364.1432844000005,14867.948958750001,525.2451730800001,424.45526545999996,100.78990762000006,0.0,0.00011279000000000001,322.05103270999996,0.34439995,835.98112122,5353.519776550001,7830.807342450001,704.8211967699998,174.83334804,352.65193759999994,414.6322420099998,492.1089187999999,370.0212619300036,18741.161148300005
2025-11-01,Monthly,Bank-bank Islam / Islamic Banks,1067.4349069099999,11663.76903937,986.7773145799997,925.9465252599997,60.83078932000001,131.69238786,0.0,233.62195007,0.0,1250.9578292500003,3976.48880121,5084.230756399998,329.06046699,18.7807243,572.07666216,60.25203665999999,219.21211795000002,85.9049350399927,14016.490889379993
2025-11-01,Monthly,Bank-bank Pelaburan / Investment Banks,0.0,14.34950124,0.0,0.0,0.0,0.0,0.0,0.0,0.0,0.0,0.0,14.34950124,0.0,0.0,1e-06,0.0,0.0,204.61531738999997,218.96481962999997
2025-11-01,Monthly,Jumlah/Total,2431.5781913100004,26546.067499360004,1512.0224876599998,1350.4017907199996,161.62069694000007,131.69238786,0.00011279000000000001,555.67298278,0.34439995,2086.9389504700002,9330.00857776,12929.38760009,1033.8816637599998,193.61407234,924.72860076,474.8842786699998,711.32103675,660.5415143599963,32976.61685730999
2025-12-01,Monthly,Bank-bank Perdagangan / Commercial Banks,1338.3448299999995,14748.292647869996,495.5497081599998,397.73594264999986,97.81376550999997,0.0,0.00011279000000000001,322.33323341000005,0.35334546,834.5139146499998,5121.546728980001,7973.995604419994,640.76750132,211.24230464000004,353.06943501,397.11619514,237.60624465999996,366.11859022999914,18292.557748869993
2025-12-01,Monthly,Bank-bank Islam / Islamic Banks,1018.4263745900004,11639.8998138,996.2260206999993,935.1353340099993,61.09068669000002,123.08351074000001,0.0,233.76828269999996,0.0,1203.35647029,3838.556429869999,5244.909099500001,317.8983001500001,18.592502170000003,571.1079967100001,61.412847439999965,61.39657969,79.71174772000774,13768.44616227001
2025-12-01,Monthly,Bank-bank Pelaburan / Investment Banks,0.0,14.502972470000001,0.0,0.0,0.0,0.0,0.0,0.0,0.0,0.0,0.0,14.502972470000001,0.0,0.0,1e-06,0.0,0.0,216.7398985399999,231.2428720099999
2025-12-01,Monthly,Jumlah/Total,2356.77120459,26402.695434139998,1491.7757288599992,1332.8712766599992,158.90445219999998,123.08351074000001,0.00011279000000000001,556.10151611,0.35334546,2037.87038494,8960.10315885,13233.407676389994,958.6658014700001,229.83480681000003,924.1774327200001,458.52904257999995,299.00282434999997,662.5702364900068,32292.246783150003
2026-01-01,Monthly,Bank-bank Perdagangan / Commercial Banks,1326.1397276299997,14933.461130440002,540.9846666500002,447.43179876000016,93.55286789000006,0.0,0.00011279000000000001,322.70010649,0.35636747999999996,881.6496275000006,5161.62511221,8026.145137320002,650.7492699999998,212.44715423999997,351.78635359000003,394.62683856999996,238.63179544999997,360.73250718999253,18468.574777109992
2026-01-01,Monthly,Bank-bank Islam / Islamic Banks,1117.9771832900003,12004.761008630001,1011.6388232900003,950.8272507900003,60.8115725,114.52642138000002,0.0,233.91575427999996,0.0,1293.11246579,3967.39971074,5384.16783315,352.70736311999997,19.436233419999997,595.16146799,63.98464761999999,44.94625414,86.73713844999645,14285.711296659998
2026-01-01,Monthly,Bank-bank Pelaburan / Investment Banks,0.0,14.65659395,0.0,0.0,0.0,0.0,0.0,0.0,0.0,0.0,0.0,14.65659395,0.0,0.0,1e-06,0.0,0.0,203.2302915,217.88688645
2026-01-01,Monthly,Jumlah/Total,2444.11691092,26952.878733020003,1552.6234899400006,1398.2590495500006,154.36444039000006,114.52642138000002,0.00011279000000000001,556.6158607699999,0.35636747999999996,2174.762093290001,9129.02482295,13424.96956442,1003.4566331199998,231.88338765999998,946.94782258,458.61148618999994,283.57804959,650.699937139989,32972.172960219985
2026-02-01,Monthly,Bank-bank Perdagangan / Commercial Banks,1331.71346419,15084.107446319993,554.4598517399995,459.06954340999954,95.39030832999995,0.0,0.00011279000000000001,324.08827942000005,0.3591204,892.2124984199993,5218.0257068500005,8094.961876699993,642.72864374,211.92431706999997,383.16482474000014,399.89125865000017,222.19655931,432.7085230100147,18708.43503703001
2026-02-01,Monthly,Bank-bank Islam / Islamic Banks,1178.5006057500002,12292.511396869997,1048.25091399,986.03293375,62.21798023999998,135.69838443,0.0,234.14949701000003,0.0,1374.5866973799996,4060.3766064900024,5439.449297569996,407.8774271099999,21.443980760000006,601.5081492999999,67.32718699000002,44.18425147000001,97.3717289500131,14710.724727200008
2026-02-01,Monthly,Bank-bank Pelaburan / Investment Banks,0.0,14.79506289,0.0,0.0,0.0,0.0,0.0,0.0,0.0,0.0,0.0,14.79506289,0.0,0.0,1e-06,0.0,0.0,204.03549015000002,218.83055404
2026-02-01,Monthly,Jumlah/Total,2510.21406994,27391.41390607999,1602.7107657299996,1445.1024771599996,157.60828856999993,135.69838443,0.00011279000000000001,558.23777643,0.3591204,2266.799195799999,9278.402313340002,13549.20623715999,1050.60607085,233.36829783,984.6729750400001,467.2184456400002,266.38081078,734.1157421100278,33637.99031827002
2026-03-01,Monthly,Bank-bank Perdagangan / Commercial Banks,1261.6476468099995,14955.307754350002,529.5779100100001,435.6767272500001,93.90118276000001,0.0,0.00011279000000000001,295.50137477000004,0.36219181,879.0985548600004,5171.74654206,8079.021068050002,642.66902162,197.96998677999994,411.7199753500001,402.9215530200005,227.37373115,451.93994174999216,18551.549610829996
2026-03-01,Monthly,Bank-bank Islam / Islamic Banks,1183.1974837599994,12287.354225160003,1034.0671383600006,970.4384242600007,63.628714099999996,136.22076558,0.0,234.28217256999997,0.0,1294.3974061400002,4080.2980106000005,5508.088731910003,403.65948390000005,20.789285510000003,587.2127044700001,65.92539181999997,45.99494996,101.14246267000247,14695.275987250005
2026-03-01,Monthly,Bank-bank Pelaburan / Investment Banks,0.0,14.94853412,0.0,0.0,0.0,0.0,0.0,0.0,0.0,0.0,0.0,14.94853412,0.0,0.0,1e-06,0.0,0.0,177.25911831999997,192.20765343999997
2026-03-01,Monthly,Jumlah/Total,2444.845130569999,27257.610513630007,1563.6450483700007,1406.115151510001,157.52989686,136.22076558,0.00011279000000000001,529.78354734,0.36219181,2173.4959610000005,9252.044552660002,13602.058334080006,1046.32850552,218.75927228999996,998.9326808200002,468.84694484000045,273.36868111,730.3415227399946,33439.03325152
2026-04-01,Monthly,Bank-bank Perdagangan / Commercial Banks,1258.2442359800002,14954.411949629997,541.8410106399998,445.37570853999983,96.46530209999995,0.0,0.00011279000000000001,297.18611209,0.36518957,875.1793057699992,5177.057644,8062.782574769997,654.7586196699998,198.53957966,411.73174016999997,407.5553040200001,223.32860637999997,462.98907370002416,18571.55910921002
2026-04-01,Monthly,Bank-bank Islam / Islamic Banks,1154.8588576999998,12390.366500100008,1045.33536067,981.38637708,63.948983590000005,144.18194755999997,0.0,234.41049366,0.0,1336.0925729899993,4116.678080780002,5513.668044440006,426.05987188,21.896487569999998,590.83692738,68.04663267999999,45.29326557,87.66532098000407,14785.023863860011
2026-04-01,Monthly,Bank-bank Pelaburan / Investment Banks,0.0,15.09705467,0.0,0.0,0.0,0.0,0.0,0.0,0.0,0.0,0.0,15.09705467,0.0,0.0,1e-06,0.0,0.0,177.72555297000005,192.82260864000006
2026-04-01,Monthly,Jumlah/Total,2413.10309368,27359.875504400006,1587.17637131,1426.7620856199999,160.41428568999996,144.18194755999997,0.00011279000000000001,531.59660575,0.36518957,2211.271878759999,9293.735724780003,13591.547673880003,1080.8184915499999,220.43606723,1002.56866855,475.6019367000001,268.62187194999996,728.3799476500283,33549.40558171003
