date,frequency,industry,bank,total_financing,stage_1_ecl,stage_2_ecl_not_impaired,stage_3_ecl_impaired,total_provisions,gross_impaired_ratio,net_impaired_ratio
2007-01-01,Monthly,Jumlah / Total,,78665.099,,,,,,4.615046051502479
2007-01-01,Monthly,Bank-Bank Pelaburan/Saudagar (SPI) / IBS of Investment/Merchant banks,,198.077,,,,,,4.926045508492962
2007-01-01,Monthly,Bank-Bank Islam / Islamic banks,,39792.307,,,,,,5.817302527590065
2007-01-01,Monthly,Bank-Bank Perdagangan (SPI) / IBS of Commercial banks,,39013.642,,,,,,3.4778706399095896
2007-02-01,Monthly,Bank-Bank Perdagangan (SPI) / IBS of Commercial banks,,37184.751,,,,,,3.8822367722435684
2007-02-01,Monthly,Jumlah / Total,,79004.026,,,,,,4.645994756391187
2007-02-01,Monthly,Bank-Bank Pelaburan/Saudagar (SPI) / IBS of Investment/Merchant banks,,198.341,,,,,,4.700592683425306
2007-02-01,Monthly,Bank-Bank Islam / Islamic banks,,42163.084,,,,,,6.101719249218732
2007-03-01,Monthly,Bank-Bank Perdagangan (SPI) / IBS of Commercial banks,,37212.97,,,,,,3.1965458057558434
2007-03-01,Monthly,Jumlah / Total,,79546.17599999999,,,,,,5.046798530183199
2007-03-01,Monthly,Bank-Bank Islam / Islamic banks,,42631.242,,,,,,5.431869137981273
2007-03-01,Monthly,Bank-Bank Pelaburan/Saudagar (SPI) / IBS of Investment/Merchant banks,,193.134,,,,,,4.842710601983143
2007-04-01,Monthly,Bank-Bank Perdagangan (SPI) / IBS of Commercial banks,,37508.795,,,,,,3.2704376842744702
2007-04-01,Monthly,Bank-Bank Islam / Islamic banks,,42841.43,,,,,,5.330470987421975
2007-04-01,Monthly,Bank-Bank Pelaburan/Saudagar (SPI) / IBS of Investment/Merchant banks,,110.245,,,,,,23.573471333242544
2007-04-01,Monthly,Jumlah / Total,,80037.346,,,,,,4.374344278615631
2007-05-01,Monthly,Bank-Bank Pelaburan/Saudagar (SPI) / IBS of Investment/Merchant banks,,109.898,,,,,,10.746878878586562
2007-05-01,Monthly,Jumlah / Total,,80460.47,,,,,,4.372970027795543
2007-05-01,Monthly,Bank-Bank Islam / Islamic banks,,43344.006,,,,,,5.070312475668058
2007-05-01,Monthly,Bank-Bank Perdagangan (SPI) / IBS of Commercial banks,,38078.15,,,,,,3.0067538075975615
2007-06-01,Monthly,Bank-Bank Islam / Islamic banks,,43813.446,,,,,,5.0531771604012485
2007-06-01,Monthly,Jumlah / Total,,81532.054,,,,,,4.09690008721167
2007-06-01,Monthly,Bank-Bank Perdagangan (SPI) / IBS of Commercial banks,,38350.729,,,,,,2.7231410735319184
2007-06-01,Monthly,Bank-Bank Pelaburan/Saudagar (SPI) / IBS of Investment/Merchant banks,,105.579,,,,,,11.47293105329613
2007-07-01,Monthly,Bank-Bank Pelaburan/Saudagar (SPI) / IBS of Investment/Merchant banks,,105.676,,,,,,11.458284682328397
2007-07-01,Monthly,Bank-Bank Islam / Islamic banks,,44421.2,,,,,,4.892537599502289
2007-07-01,Monthly,Jumlah / Total,,82269.754,,,,,,3.957343855138461
2007-07-01,Monthly,Bank-Bank Perdagangan (SPI) / IBS of Commercial banks,,38985.389,,,,,,2.6418637289948315
2007-08-01,Monthly,Bank-Bank Perdagangan (SPI) / IBS of Commercial banks,,39375.025,,,,,,2.5357283644026256
2007-08-01,Monthly,Jumlah / Total,,83512.26500000001,,,,,,3.8332594550567167
2007-08-01,Monthly,Bank-Bank Pelaburan/Saudagar (SPI) / IBS of Investment/Merchant banks,,105.212,,,,,,11.676238220642826
2007-08-01,Monthly,Bank-Bank Islam / Islamic banks,,45288.547,,,,,,4.642410175778349
2007-09-01,Monthly,Bank-Bank Perdagangan (SPI) / IBS of Commercial banks,,40061.714,,,,,,2.438743989248649
2007-09-01,Monthly,Bank-Bank Pelaburan/Saudagar (SPI) / IBS of Investment/Merchant banks,,105.246,,,,,,11.677720305905499
2007-09-01,Monthly,Jumlah / Total,,84768.784,,,,,,3.657064538281159
2007-09-01,Monthly,Bank-Bank Islam / Islamic banks,,45998.626,,,,,,4.48999611364347
2007-10-01,Monthly,Bank-Bank Islam / Islamic banks,,46870.232,,,,,,4.291371004816762
2007-10-01,Monthly,Bank-Bank Pelaburan/Saudagar (SPI) / IBS of Investment/Merchant banks,,94.275,,,,,,14.153319617758472
2007-10-01,Monthly,Jumlah / Total,,86165.586,,,,,,3.530221310354747
2007-10-01,Monthly,Bank-Bank Perdagangan (SPI) / IBS of Commercial banks,,40546.283,,,,,,2.388945885094389
2007-11-01,Monthly,Jumlah / Total,,87510.79,,,,,,3.4056773936748788
2007-11-01,Monthly,Bank-Bank Perdagangan (SPI) / IBS of Commercial banks,,40654.92,,,,,,2.3770156951466808
2007-11-01,Monthly,Bank-Bank Islam / Islamic banks,,49118.312,,,,,,4.061886782157742
2007-11-01,Monthly,Bank-Bank Pelaburan/Saudagar (SPI) / IBS of Investment/Merchant banks,,94.414,,,,,,10.413246306010478
2007-12-01,Monthly,Bank-Bank Perdagangan (SPI) / IBS of Commercial banks,,19276.495,,,,,,1.0466680211444626
2007-12-01,Monthly,Bank-Bank Islam / Islamic banks,,71415.103,,,,,,3.793617337699055
2007-12-01,Monthly,Jumlah / Total,,89867.646,,,,,,3.296783810350338
2007-12-01,Monthly,Bank-Bank Pelaburan/Saudagar (SPI) / IBS of Investment/Merchant banks,,89.341,,,,,,11.595398403709817
2008-01-01,Monthly,Bank-Bank Perdagangan (SPI) / IBS of Commercial banks,,19370.806,,,,,,1.018108655255921
2008-01-01,Monthly,Jumlah / Total,,90780.939,,,,,,3.1997177712930647
2008-01-01,Monthly,Bank-Bank Pelaburan/Saudagar (SPI) / IBS of Investment/Merchant banks,,71.167,,,,,,19.56072059874384
2008-01-01,Monthly,Bank-Bank Islam / Islamic banks,,72473.695,,,,,,3.747062812557511
2008-02-01,Monthly,Bank-Bank Perdagangan (SPI) / IBS of Commercial banks,,19409.071,,,,,,0.986414104541682
2008-02-01,Monthly,Bank-Bank Islam / Islamic banks,,73707.445,,,,,,3.5603863381027794
2008-02-01,Monthly,Jumlah / Total,,91915.668,,,,,,3.1624749828403123
2008-02-01,Monthly,Bank-Bank Pelaburan/Saudagar (SPI) / IBS of Investment/Merchant banks,,71.313,,,,,,19.529226264218963
2008-03-01,Monthly,Bank-Bank Islam / Islamic banks,,77162.008,,,,,,3.322725544185301
2008-03-01,Monthly,Bank-Bank Perdagangan (SPI) / IBS of Commercial banks,,17500.821,,,,,,0.9293269142468823
2008-03-01,Monthly,Jumlah / Total,,93187.829,,,,,,3.0154595107330615
2008-03-01,Monthly,Bank-Bank Pelaburan/Saudagar (SPI) / IBS of Investment/Merchant banks,,23.236,,,,,,69.32409012131714
2008-04-01,Monthly,Bank-Bank Islam / Islamic banks,,78244.14,,,,,,3.2262867815058804
2008-04-01,Monthly,Bank-Bank Pelaburan/Saudagar (SPI) / IBS of Investment/Merchant banks,,23.277,,,,,,69.32409012131714
2008-04-01,Monthly,Jumlah / Total,,94686.065,,,,,,2.8744813751960816
2008-04-01,Monthly,Bank-Bank Perdagangan (SPI) / IBS of Commercial banks,,18001.151,,,,,,0.9388886851757624
2008-05-01,Monthly,Bank-Bank Perdagangan (SPI) / IBS of Commercial banks,,18722.875,,,,,,0.8268075522288683
2008-05-01,Monthly,Bank-Bank Pelaburan/Saudagar (SPI) / IBS of Investment/Merchant banks,,23.318,,,,,,69.32409012131714
2008-05-01,Monthly,Bank-Bank Islam / Islamic banks,,78772.608,,,,,,2.9878818072246225
2008-05-01,Monthly,Jumlah / Total,,96268.568,,,,,,2.7933091669966976
2008-06-01,Monthly,Bank-Bank Islam / Islamic banks,,80791.928,,,,,,2.979177160095288
2008-06-01,Monthly,Bank-Bank Pelaburan/Saudagar (SPI) / IBS of Investment/Merchant banks,,23.287,,,,,,69.9865410497981
2008-06-01,Monthly,Jumlah / Total,,97518.80099999999,,,,,,2.5676314169080294
2008-06-01,Monthly,Bank-Bank Perdagangan (SPI) / IBS of Commercial banks,,19056.611,,,,,,0.81971101391801
2008-07-01,Monthly,Bank-Bank Perdagangan (SPI) / IBS of Commercial banks,,15813.127,,,,,,0.9400336912566266
2008-07-01,Monthly,Bank-Bank Islam / Islamic banks,,86142.477,,,,,,2.828510436361496
2008-07-01,Monthly,Jumlah / Total,,99871.826,,,,,,2.562090955264601
2008-07-01,Monthly,Bank-Bank Pelaburan/Saudagar (SPI) / IBS of Investment/Merchant banks,,23.358,,,,,,68.56862470208888
2008-08-01,Monthly,Jumlah / Total,,101978.96199999998,,,,,,2.5332003613962444
2008-08-01,Monthly,Bank-Bank Perdagangan (SPI) / IBS of Commercial banks,,16059.078,,,,,,0.8772038924368055
2008-08-01,Monthly,Bank-Bank Islam / Islamic banks,,87403.453,,,,,,2.730339856237525
2008-08-01,Monthly,Bank-Bank Pelaburan/Saudagar (SPI) / IBS of Investment/Merchant banks,,23.377,,,,,,69.76120203917363
2008-09-01,Monthly,Bank-Bank Perdagangan (SPI) / IBS of Commercial banks,,15025.101,,,,,,1.03760711696817
2008-09-01,Monthly,Bank-Bank Pelaburan/Saudagar (SPI) / IBS of Investment/Merchant banks,,23.486,,,,,,69.65314048479976
2008-09-01,Monthly,Bank-Bank Islam / Islamic banks,,89585.703,,,,,,2.7149882623713455
2008-09-01,Monthly,Jumlah / Total,,103485.90799999998,,,,,,2.4408650943275942
2008-10-01,Monthly,Bank-Bank Perdagangan (SPI) / IBS of Commercial banks,,2725.45,,,,,,0.9025990853176794
2008-10-01,Monthly,Bank-Bank Pelaburan/Saudagar (SPI) / IBS of Investment/Merchant banks,,23.512,,,,,,69.53730944102702
2008-10-01,Monthly,Bank-Bank Islam / Islamic banks,,103256.077,,,,,,2.5110746693853376
2008-10-01,Monthly,Jumlah / Total,,104634.29,,,,,,2.4734932266842207
2008-11-01,Monthly,Jumlah / Total,,106005.039,,,,,,2.474008105448784
2008-11-01,Monthly,Bank-Bank Islam / Islamic banks,,107118.812,,,,,,2.3399578393613636
2008-11-01,Monthly,Skim Perbankan Islam (SPI)1 / Islamic banking scheme (IBS)1,,602.993,,,,,,2.482535531160741
2008-12-01,Monthly,Bank-Bank Islam / Islamic banks,,107824.883,,,,,,2.3514189880949385
2008-12-01,Monthly,Jumlah / Total,,107721.80500000001,,,,,,2.3407482285105368
2008-12-01,Monthly,Skim Perbankan Islam (SPI)1 / Islamic banking scheme (IBS)1,,620.014,,,,,,2.3032164485381603
2009-01-01,Monthly,Bank-Bank Islam / Islamic banks,,109404.955,,,,,,2.3517830496607517
2009-01-01,Monthly,Jumlah / Total,,108444.897,,,,,,2.351145798720661
2009-01-01,Monthly,Skim Perbankan Islam (SPI)1 / Islamic banking scheme (IBS)1,,632.158,,,,,,2.0865921833462457
2009-02-01,Monthly,Bank-Bank Islam / Islamic banks,,109647.841,,,,,,2.544605051352302
2009-02-01,Monthly,Skim Perbankan Islam (SPI)1 / Islamic banking scheme (IBS)1,,633.732,,,,,,2.0086620065920417
2009-02-01,Monthly,Jumlah / Total,,110037.113,,,,,,2.3502745778136562
2009-03-01,Monthly,Bank-Bank Islam / Islamic banks,,110488.294,,,,,,2.587332230312886
2009-03-01,Monthly,Skim Perbankan Islam (SPI)1 / Islamic banking scheme (IBS)1,,647.175,,,,,,2.178905340157743
2009-03-01,Monthly,Jumlah / Total,,110281.573,,,,,,2.5414792679253844
2009-04-01,Monthly,Skim Perbankan Islam (SPI)1 / Islamic banking scheme (IBS)1,,652.75,,,,,,2.165358284523289
2009-04-01,Monthly,Bank-Bank Islam / Islamic banks,,112484.447,,,,,,2.0734014337483364
2009-04-01,Monthly,Jumlah / Total,,111135.469,,,,,,2.584919113350408
2009-05-01,Monthly,Skim Perbankan Islam (SPI)1 / Islamic banking scheme (IBS)1,,660.327,,,,,,2.0480974329028157
2009-05-01,Monthly,Bank-Bank Islam / Islamic banks,,114706.856,,,,,,2.366766454247911
2009-05-01,Monthly,Jumlah / Total,,113137.197,,,,,,2.073942265791287
2009-06-01,Monthly,Skim Perbankan Islam (SPI)1 / Islamic banking scheme (IBS)1,,665.732,,,,,,2.2458677092451733
2009-06-01,Monthly,Bank-Bank Islam / Islamic banks,,119477.582,,,,,,2.410332676191478
2009-06-01,Monthly,Jumlah / Total,,115367.183,,,,,,2.3649131226897553
2009-07-01,Monthly,Jumlah / Total,,120143.314,,,,,,2.409406407627255
2009-07-01,Monthly,Bank-Bank Islam / Islamic banks,,121825.986,,,,,,2.3845388441503292
2009-07-01,Monthly,Skim Perbankan Islam (SPI)1 / Islamic banking scheme (IBS)1,,668.127,,,,,,2.2979254462913064
2009-08-01,Monthly,Bank-Bank Islam / Islamic banks,,122817.826,,,,,,2.6432625940086982
2009-08-01,Monthly,Skim Perbankan Islam (SPI)1 / Islamic banking scheme (IBS)1,,668.296,,,,,,2.4747448879676304
2009-08-01,Monthly,Jumlah / Total,,122494.113,,,,,,2.3840588298129304
2009-09-01,Monthly,Jumlah / Total,,123486.122,,,,,,2.6423370428705586
2009-09-01,Monthly,Bank-Bank Islam / Islamic banks,,125356.678,,,,,,2.6997647573097985
2009-09-01,Monthly,Skim Perbankan Islam (SPI)1 / Islamic banking scheme (IBS)1,,667.699,,,,,,2.507121389515867
2009-10-01,Monthly,Bank-Bank Islam / Islamic banks,,130547.114,,,,,,2.559665839454499
2009-10-01,Monthly,Skim Perbankan Islam (SPI)1 / Islamic banking scheme (IBS)1,,669.602,,,,,,2.6139750889572677
2009-10-01,Monthly,Jumlah / Total,,126024.377,,,,,,2.698728506440039
2009-11-01,Monthly,Skim Perbankan Islam (SPI)1 / Islamic banking scheme (IBS)1,,674.372,,,,,,2.2255642691048005
2009-11-01,Monthly,Bank-Bank Islam / Islamic banks,,134299.164,,,,,,2.240004495486927
2009-11-01,Monthly,Jumlah / Total,,131216.71600000001,,,,,,2.559947059767744
2009-12-01,Monthly,Jumlah / Total,,134973.536,,,,,,2.239931384724746
2010-01-01,Monthly,,,,,,,,,2.397364597846425
2010-02-01,Monthly,,,,,,,,,2.3564756210126383
2010-03-01,Monthly,,,,,,,,,2.230942082188714
2010-04-01,Monthly,,,,,,,,,2.392702950950041
2010-05-01,Monthly,,,,,,,,,2.8288865322302397
2010-06-01,Monthly,,,,,,,,,2.2722051563012147
2010-07-01,Monthly,,,,,,,,,2.0125735090373444
2010-08-01,Monthly,,,,,,,,,1.9578585759808191
2010-09-01,Monthly,,,,,,,,,2.1661016562517648
2010-10-01,Monthly,,,,,,,,,2.098808025271923
2010-11-01,Monthly,,,,,,,,,2.1914981703120504
2010-12-01,Monthly,,,,,,,,,2.1167159344214155
2011-01-01,Monthly,,,,,,,,,2.2015810405914777
2011-02-01,Monthly,,,,,,,,,2.222610274590084
2011-03-01,Monthly,,,,,,,,,2.0780895119141887
2011-04-01,Monthly,,,,,,,,,1.9908366136157036
2011-05-01,Monthly,,,,,,,,,2.0823356082514026
2011-06-01,Monthly,,,,,,,,,1.9127297275316635
2011-07-01,Monthly,,,,,,,,,1.879200429353544
2011-08-01,Monthly,,,,,,,,,1.8082113387871184
2011-09-01,Monthly,,,,,,,,,1.8176293884070258
2011-10-01,Monthly,,,,,,,,,1.7543330371131343
2011-11-01,Monthly,,,,,,,,,1.7489634710825182
2011-12-01,Monthly,,,,,,,,,1.5996686779771248
2012-01-01,Monthly,,,,,,,,,1.5926416099931358
2012-02-01,Monthly,,,,,,,,,1.552393432705572
2012-03-01,Monthly,,,,,,,,,1.4558939440796237
2012-04-01,Monthly,,,,,,,,,1.4858212476181405
2012-05-01,Monthly,,,,,,,,,1.3887795462384394
2012-06-01,Monthly,,,,,,,,,1.3157476379366844
2012-07-01,Monthly,,,,,,,,,1.2920919568976574
2012-08-01,Monthly,,,,,,,,,1.2865287395764793
2012-09-01,Monthly,,,,,,,,,1.2632079375617475
2012-10-01,Monthly,,,,,,,,,1.1913762371343213
2012-11-01,Monthly,,,,,,,,,1.2198246547363378
2012-12-01,Monthly,,,,,,,,,1.153678281207877
2013-01-01,Monthly,,,,,,,,,1.1775865859426873
2013-02-01,Monthly,,,,,,,,,1.1744108273009268
2013-03-01,Monthly,,,,,,,,,1.1145417904297659
2013-04-01,Monthly,,,,,,,,,1.1096622792038935
2013-05-01,Monthly,,,,,,,,,1.1043293698269163
2013-06-01,Monthly,,,,,,,,,1.0158644515385826
2013-07-01,Monthly,,,,,,,,,1.0418638738498798
2013-08-01,Monthly,,,,,,,,,1.0205918672939236
2013-09-01,Monthly,,,,,,,,,0.9441183526345255
2013-10-01,Monthly,,,,,,,,,0.9740250900452404
2013-11-01,Monthly,,,,,,,,,0.9835095617861256
2013-12-01,Monthly,,,,,,,,,0.9964061293238213
2014-01-01,Monthly,,,,,,,,,1.000813100407388
2014-02-01,Monthly,,,,,,,,,1.017457203906259
2014-03-01,Monthly,,,,,,,,,0.9815286176948059
2014-04-01,Monthly,,,,,,,,,0.9584744997458672
2014-05-01,Monthly,,,,,,,,,0.9722307460461278
2014-06-01,Monthly,,,,,,,,,0.9457201845244505
2014-07-01,Monthly,,,,,,,,,0.964859105180972
2014-08-01,Monthly,,,,,,,,,0.9435527834732773
2014-09-01,Monthly,,,,,,,,,0.952593260344046
2014-10-01,Monthly,,,,,,,,,0.9239871867188313
2014-11-01,Monthly,,,,,,,,,0.9283832300212163
2014-12-01,Monthly,,,,,,,,,0.8756152182320682
2015-01-01,Monthly,,,,,,,,,0.9453952565915669
2015-02-01,Monthly,,,,,,,,,0.9785305175420262
2015-03-01,Monthly,,,,,,,,,0.9414918355910913
2015-04-01,Monthly,,,,,,,,,0.934118334688748
2015-05-01,Monthly,,,,,,,,,1.0008461092850918
2015-06-01,Monthly,,,,,,,,,0.9741446852608835
2015-07-01,Monthly,,,,,,,,,0.9851784055221633
2015-08-01,Monthly,,,,,,,,,0.9971939105111939
2015-09-01,Monthly,,,,,,,,,0.9839964524467906
2015-10-01,Monthly,,,,,,,,,0.9549717025048778
2015-11-01,Monthly,,,,,,,,,0.9482668509746899
2015-12-01,Monthly,,,,,,,,,0.9034169211323266
2016-01-01,Monthly,,,,,,,,,0.918077371918417
2016-02-01,Monthly,,,,,,,,,0.967775963232937
2016-03-01,Monthly,,,,,,,,,0.9192516265059498
2016-04-01,Monthly,,,,,,,,,0.925111615970537
2016-05-01,Monthly,,,,,,,,,1.0400156301774899
2016-06-01,Monthly,,,,,,,,,1.0688552831928646
2016-07-01,Monthly,,,,,,,,,1.0813282266132227
2016-08-01,Monthly,,,,,,,,,1.0551291560554212
2016-09-01,Monthly,,,,,,,,,1.0056875457527175
2016-10-01,Monthly,,,,,,,,,1.0050168976819156
2016-11-01,Monthly,,,,,,,,,1.002753021554692
2016-12-01,Monthly,,,,,,,,,0.9571380684450052
2017-01-01,Monthly,,,,,,,,,0.9538942949252169
2017-02-01,Monthly,,,,,,,,,0.9755461858478501
2017-03-01,Monthly,,,,,,,,,0.9799362851477453
2017-04-01,Monthly,,,,,,,,,1.0044759039603472
2017-05-01,Monthly,,,,,,,,,1.0218918425504835
2017-06-01,Monthly,,,,,,,,,1.0538458367028647
2017-07-01,Monthly,,,,,,,,,1.0604907172398597
2017-08-01,Monthly,,,,,,,,,1.0489491755480875
2017-09-01,Monthly,,,,,,,,,1.0714958173277067
2017-10-01,Monthly,,,,,,,,,1.026540109289059
2017-11-01,Monthly,,,,,,,,,0.9636051441827045
2017-12-01,Monthly,,,,,,,,,0.9017610417698838
2018-01-01,Monthly,Skim Perbankan Islam (SPI) / Islamic Banking Scheme (IBS),,,,,,14.633,,1.856845501243035
2018-01-01,Monthly,Bank-bank Islam / Islamic Banks,,,,,,6062.854,,0.6913578119156769
2018-01-01,Monthly,Jumlah / Total,,,,,,6077.487,,0.7041531898736549
2018-02-01,Monthly,Bank-bank Islam / Islamic Banks,,,,,,6147.652,,0.7108065521010158
2018-02-01,Monthly,Jumlah / Total,,,,,,6163.076,,0.7223160495927616
2018-02-01,Monthly,Skim Perbankan Islam (SPI) / Islamic Banking Scheme (IBS),,,,,,15.424,,1.7010272861068054
2018-03-01,Monthly,Jumlah / Total,,,,,,6564.735,,0.7669819803744461
2018-03-01,Monthly,Bank-bank Islam / Islamic Banks,,,,,,6552.8,,0.7223160495927616
2018-03-01,Monthly,Skim Perbankan Islam (SPI) / Islamic Banking Scheme (IBS),,,,,,11.935,,2.221750371638448
2018-04-01,Monthly,Bank-bank Islam / Islamic Banks,,,,,,8253.93,,0.7266525638936367
2018-04-01,Monthly,Skim Perbankan Islam (SPI) / Islamic Banking Scheme (IBS),,,,,,13.858,,2.03440756175606
2018-04-01,Monthly,Jumlah / Total,,,,,,8267.788,,0.7386207145486458
2018-05-01,Monthly,Jumlah / Total,,,,,,8336.828,,0.7463548445355784
2018-05-01,Monthly,Bank-bank Islam / Islamic Banks,,,,,,8317.498,,0.734467653651902
2018-05-01,Monthly,Skim Perbankan Islam (SPI) / Islamic Banking Scheme (IBS),,,,,,19.33,,1.9913072951091035
2018-06-01,Monthly,Jumlah / Total,,,,,,8364.99892,,0.7673718618097768
2018-06-01,Monthly,Skim Perbankan Islam (SPI) / Islamic Banking Scheme (IBS),,,,,,14.36,,1.2959300753676626
2018-06-01,Monthly,Bank-bank Islam / Islamic Banks,,,,,,8350.63892,,0.7595783977910083
2018-07-01,Monthly,Bank-bank Islam / Islamic Banks,,,,,,8169.654,,0.7168158815766077
2018-07-01,Monthly,Jumlah / Total,,,,,,8182.867,,0.7280684638248099
2018-07-01,Monthly,Skim Perbankan Islam (SPI) / Islamic Banking Scheme (IBS),,,,,,13.213,,1.7109669089123376
2018-08-01,Monthly,Skim Perbankan Islam (SPI) / Islamic Banking Scheme (IBS),,,,,,14.048,,1.6437794285868883
2018-08-01,Monthly,Jumlah / Total,,,,,,8483.571,,0.7441883120268735
2018-08-01,Monthly,Bank-bank Islam / Islamic Banks,,,,,,8469.523,,0.7335702024432634
2018-09-01,Monthly,Jumlah / Total,,,,,,8477.84239,,0.7349381025786704
2018-09-01,Monthly,Bank-bank Islam / Islamic Banks,,,,,,8461.127390000001,,0.7263943432295903
2018-09-01,Monthly,Skim Perbankan Islam (SPI) / Islamic Banking Scheme (IBS),,,,,,16.715,,1.3341925968675357
2018-10-01,Monthly,Jumlah / Total,,,,,,8528.09123,,0.7342048030097281
2018-10-01,Monthly,Skim Perbankan Islam (SPI) / Islamic Banking Scheme (IBS),,,,,,23.654,,1.2707399147350762
2018-10-01,Monthly,Bank-bank Islam / Islamic Banks,,,,,,8504.43723,,0.7260671043423302
2018-11-01,Monthly,Skim Perbankan Islam (SPI) / Islamic Banking Scheme (IBS),,,,,,29.66,,1.2477359652965525
2018-11-01,Monthly,Bank-bank Islam / Islamic Banks,,,,,,8481.40711,,0.7184649010961898
2018-11-01,Monthly,Jumlah / Total,,,,,,8511.06711,,0.7265850780585805
2018-12-01,Monthly,Bank-bank Islam / Islamic Banks,,,,,,7697.35866,,0.7824085673639476
2018-12-01,Monthly,Skim Perbankan Islam (SPI) / Islamic Banking Scheme (IBS),,,,,,67.6,,0.8718282966493742
2018-12-01,Monthly,Jumlah / Total,,,,,,7764.95866,,0.7837407511150135
2019-01-01,Monthly,Bank-bank Islam / Islamic Banks,,,,,,7776.80052,,0.8599727386237308
2019-01-01,Monthly,Jumlah / Total,,,,,,7847.45152,,0.8605078526060147
2019-01-01,Monthly,Skim Perbankan Islam (SPI) / Islamic Banking Scheme (IBS),,,,,,70.651,,0.8958011998775048
2019-02-01,Monthly,Bank-bank Islam / Islamic Banks,,,,,,7934.067930000001,,0.9304782755518142
2019-02-01,Monthly,Jumlah / Total,,,,,,7983.472930000001,,0.9303458767172765
2019-02-01,Monthly,Skim Perbankan Islam (SPI) / Islamic Banking Scheme (IBS),,,,,,49.405,,0.921349019336434
2019-03-01,Monthly,Bank-bank Islam / Islamic Banks,,,,,,7687.191970000001,,0.7976054173016972
2019-03-01,Monthly,Jumlah / Total,,,,,,7739.19397,,0.8030166721613015
2019-03-01,Monthly,Skim Perbankan Islam (SPI) / Islamic Banking Scheme (IBS),,,,,,52.002,,1.3383808918793945
2019-04-01,Monthly,Bank-bank Islam / Islamic Banks,,,,,,7594.354699999999,,0.9498283841197098
2019-04-01,Monthly,Jumlah / Total,,,,,,7649.217699999999,,0.9538379245435132
2019-04-01,Monthly,Skim Perbankan Islam (SPI) / Islamic Banking Scheme (IBS),,,,,,54.863,,1.3299358745690135
2019-05-01,Monthly,Jumlah / Total,,,,,,7730.26053,,0.9692193188971524
2019-05-01,Monthly,Bank-bank Islam / Islamic Banks,,,,,,7674.976529999999,,0.965503428660028
2019-05-01,Monthly,Skim Perbankan Islam (SPI) / Islamic Banking Scheme (IBS),,,,,,55.284,,1.3105601013394435
2019-06-01,Monthly,Jumlah / Total,,,,,,7674.182880000001,,1.1015937688493245
2019-06-01,Monthly,Skim Perbankan Islam (SPI) / Islamic Banking Scheme (IBS),,,,,,56.646,,1.3545860741526243
2019-06-01,Monthly,Bank-bank Islam / Islamic Banks,,,,,,7617.536880000001,,1.0988437781049407
2019-07-01,Monthly,Skim Perbankan Islam (SPI) / Islamic Banking Scheme (IBS),,,,,,57.815,,1.3157511448813417
2019-07-01,Monthly,Jumlah / Total,,,,,,7771.86442,,1.115157136366938
2019-07-01,Monthly,Bank-bank Islam / Islamic Banks,,,,,,7714.04942,,1.1129200775830532
2019-08-01,Monthly,Bank-bank Islam / Islamic Banks,,,,,,7767.563709999999,,1.1275487253099934
2019-08-01,Monthly,Skim Perbankan Islam (SPI) / Islamic Banking Scheme (IBS),,,,,,61.487,,1.3312928673098583
2019-08-01,Monthly,Jumlah / Total,,,,,,7829.050709999999,,1.1298814627297422
2019-09-01,Monthly,Skim Perbankan Islam (SPI) / Islamic Banking Scheme (IBS),,,,,,76.803,,1.4336367090668936
2019-09-01,Monthly,Bank-bank Islam / Islamic Banks,,,,,,7708.17513,,1.1293562652016254
2019-09-01,Monthly,Jumlah / Total,,,,,,7784.9781299999995,,1.1328470174488714
2019-10-01,Monthly,Jumlah / Total,,,,,,7797.74684,,1.124081992831459
2019-10-01,Monthly,Bank-bank Islam / Islamic Banks,,,,,,7719.93184,,1.120324163877585
2019-10-01,Monthly,Skim Perbankan Islam (SPI) / Islamic Banking Scheme (IBS),,,,,,77.815,,1.4469881746366424
2019-11-01,Monthly,Jumlah / Total,,,,,,7717.27068,,1.11605727897459
2019-11-01,Monthly,Bank-bank Islam / Islamic Banks,,,,,,7671.403679999999,,1.1231979605559577
2019-11-01,Monthly,Skim Perbankan Islam (SPI) / Islamic Banking Scheme (IBS),,,,,,45.867,,0.5035440753790998
2019-12-01,Monthly,Bank-bank Islam / Islamic Banks,,,,,,7207.990289999999,,1.0285860375293303
2019-12-01,Monthly,Skim Perbankan Islam (SPI) / Islamic Banking Scheme (IBS),,,,,,47.942,,0.4608837095550959
2019-12-01,Monthly,Jumlah / Total,,,,,,7255.932289999999,,1.0220109159860278
2020-01-01,Monthly,Skim Perbankan Islam (SPI) / Islamic Banking Scheme (IBS),,,,,,49.086,,0.4812621775926653
2020-01-01,Monthly,Bank-bank Islam / Islamic Banks,,,,,,7266.95864,,1.045065635178376
2020-01-01,Monthly,Jumlah / Total,,,,,,7316.04464,,1.0384273029924675
2020-02-01,Monthly,Skim Perbankan Islam (SPI) / Islamic Banking Scheme (IBS),,,,,,48.874,,0.5051485776967941
2020-02-01,Monthly,Jumlah / Total,,,,,,7398.15492,,1.0217950640809195
2020-02-01,Monthly,Bank-bank Islam / Islamic Banks,,,,,,7349.28092,,1.0283422361090866
2020-03-01,Monthly,Skim Perbankan Islam (SPI) / Islamic Banking Scheme (IBS),,,,,,55.504,,0.5463302070833004
2020-03-01,Monthly,Bank-bank Islam / Islamic Banks,,,,,,7872.270759999999,,1.0217357548755168
2020-03-01,Monthly,Jumlah / Total,,,,,,7927.774759999999,,1.0148808885416007
2020-04-01,Monthly,Bank-bank Islam / Islamic Banks,,,,,,8259.60063,,0.980102354160191
2020-04-01,Monthly,Jumlah / Total,,,,,,8314.324630000001,,0.9732170035483224
2020-04-01,Monthly,Skim Perbankan Islam (SPI) / Islamic Banking Scheme (IBS),,,,,,54.724,,0.5057038821965117
2020-05-01,Monthly,Skim Perbankan Islam (SPI) / Islamic Banking Scheme (IBS),,,,,,53.846,,0.5001567060531149
2020-05-01,Monthly,Jumlah / Total,,,,,,8454.75674,,0.9434433425747748
2020-05-01,Monthly,Bank-bank Islam / Islamic Banks,,,,,,8400.91074,,0.9499307475261821
2020-06-01,Monthly,Skim Perbankan Islam (SPI) / Islamic Banking Scheme (IBS),,,,,,50.966,,0.5196115014339477
2020-06-01,Monthly,Jumlah / Total,,,,,,8470.12017,,0.9163200296510408
2020-06-01,Monthly,Bank-bank Islam / Islamic Banks,,,,,,8419.15417,,0.9222404532621125
2020-07-01,Monthly,Skim Perbankan Islam (SPI) / Islamic Banking Scheme (IBS),,,,,,54.53,,0.4612003897356399
2020-07-01,Monthly,Bank-bank Islam / Islamic Banks,,,,,,8491.60525,,0.889879657777289
2020-07-01,Monthly,Jumlah / Total,,,,,,8546.13525,,0.8831962076885388
2020-08-01,Monthly,Bank-bank Islam / Islamic Banks,,,,,,8679.32029,,0.8970783789835328
2020-08-01,Monthly,Skim Perbankan Islam (SPI) / Islamic Banking Scheme (IBS),,,,,,72.84,,0.4450727476030701
2020-08-01,Monthly,Jumlah / Total,,,,,,8752.16029,,0.8900080265126907
2020-09-01,Monthly,Skim Perbankan Islam (SPI) / Islamic Banking Scheme (IBS),,,,,,79.964,,0.4277885621204157
2020-09-01,Monthly,Jumlah / Total,,,,,,9107.902890000001,,0.8514651990033527
2020-09-01,Monthly,Bank-bank Islam / Islamic Banks,,,,,,9027.938890000001,,0.8582475738129721
2020-10-01,Monthly,Jumlah / Total,,,,,,9780.95795,,0.8786407414813107
2020-10-01,Monthly,Bank-bank Islam / Islamic Banks,,,,,,9701.754949999999,,0.8851778328311214
2020-10-01,Monthly,Skim Perbankan Islam (SPI) / Islamic Banking Scheme (IBS),,,,,,79.203,,0.441697552630492
2020-11-01,Monthly,Jumlah / Total,,,,,,10265.67585,,0.9007218674202306
2020-11-01,Monthly,Skim Perbankan Islam (SPI) / Islamic Banking Scheme (IBS),,,,,,76.539,,0.5966757939999491
2020-11-01,Monthly,Bank-bank Islam / Islamic Banks,,,,,,10189.136849999999,,0.9052513175931313
2020-12-01,Monthly,Jumlah / Total,,,,,,10362.906630000001,,0.916595489688941
2020-12-01,Monthly,Bank-bank Islam / Islamic Banks,,,,,,10281.86563,,0.921257170009826
2020-12-01,Monthly,Skim Perbankan Islam (SPI) / Islamic Banking Scheme (IBS),,,,,,81.041,,0.5998703653333091
2021-01-01,Monthly,Jumlah / Total,,,,,,10797.40303,,0.9146865698339995
2021-01-01,Monthly,Skim Perbankan Islam (SPI) / Islamic Banking Scheme (IBS),,,,,,82.865,,0.5981183483552948
2021-01-01,Monthly,Bank-bank Islam / Islamic Banks,,,,,,10714.53803,,0.9193708904412349
2021-02-01,Monthly,Skim Perbankan Islam (SPI) / Islamic Banking Scheme (IBS),,,,,,105.288,,0.5606210285725688
2021-02-01,Monthly,Jumlah / Total,,,,,,10656.47198,,0.9110205110768481
2021-02-01,Monthly,Bank-bank Islam / Islamic Banks,,,,,,10551.18398,,0.9167408618359999
2021-03-01,Monthly,Jumlah / Total,,,,,,11106.21791,,0.9029171183109417
2021-03-01,Monthly,Bank-bank Islam / Islamic Banks,,,,,,10998.04491,,0.9088208665211107
2021-03-01,Monthly,Skim Perbankan Islam (SPI) / Islamic Banking Scheme (IBS),,,,,,108.173,,0.5584467819076848
2021-04-01,Monthly,Skim Perbankan Islam (SPI) / Islamic Banking Scheme (IBS),,,,,,102.889,,0.5431319968964884
2021-04-01,Monthly,Bank-bank Islam / Islamic Banks,,,,,,10718.252629999999,,0.8929041175649333
2021-04-01,Monthly,Jumlah / Total,,,,,,10821.141629999998,,0.8870246248407763
2021-05-01,Monthly,Skim Perbankan Islam (SPI) / Islamic Banking Scheme (IBS),,,,,,99.251,,0.6408164749714653
2021-05-01,Monthly,Jumlah / Total,,,,,,10866.94888,,0.8944826055594126
2021-05-01,Monthly,Bank-bank Islam / Islamic Banks,,,,,,10767.697880000002,,0.8982075126738913
2021-06-01,Monthly,Bank-bank Islam / Islamic Banks,,,,,,11542.056410000001,,0.9125423351336941
2021-06-01,Monthly,Skim Perbankan Islam (SPI) / Islamic Banking Scheme (IBS),,,,,,95.854,,0.6491678839837399
2021-06-01,Monthly,Jumlah / Total,,,,,,11637.91041,,0.9086976231510369
2021-07-01,Monthly,Jumlah / Total,Jumlah / Total,697946.4614924501,623443.5039962003,63800.93541021997,10702.022086029994,12078.749688,1.5333585993323013,0.9740246905229134
2021-07-01,Monthly,Jumlah/Total,,,,,,12078.749688,,0.9740267012863372
2021-07-01,Monthly,Bank-bank Islam / Islamic Banks,Bank-bank Islam / Islamic Banks,680175.7650235601,606797.0749537502,62792.93355185997,10585.756517949994,11980.13106,1.5563266235431545,0.9857609846093592
2021-07-01,Monthly,Skim Perbankan Islam (SPI) / Islamic Banking Scheme (IBS),Skim Perbankan Islam (SPI) / Islamic Banking Scheme (IBS),17770.696468889997,16646.429042449996,1008.0018583599997,116.26556808000001,98.61862799999999,0.6542544254443745,0.5268321812189228
2021-08-01,Monthly,Jumlah / Total,Jumlah / Total,698468.2119757703,621246.6800358504,66403.76340341991,10817.7685365,12229.897531999999,1.5487846620678087,0.9717408493276439
2021-08-01,Monthly,Skim Perbankan Islam (SPI) / Islamic Banking Scheme (IBS),Skim Perbankan Islam (SPI) / Islamic Banking Scheme (IBS),17995.561111729996,16613.444432819997,1254.6733105500002,127.44336835999998,108.85162499999998,0.7081933570658652,0.5743248959088368
2021-08-01,Monthly,Jumlah/Total,,,,,,12229.897531999999,,0.9717427934886417
2021-08-01,Monthly,Bank-bank Islam / Islamic Banks,Bank-bank Islam / Islamic Banks,680472.6508640404,604633.2356030304,65149.09009286992,10690.32516814,12121.045907,1.571014669666121,0.9822994097057253
2021-09-01,Monthly,Jumlah / Total,Jumlah / Total,707171.9801066706,628606.4877171805,68861.29786496003,9704.194524529996,12543.932903,1.3722538219155975,0.8359145844728115
2021-09-01,Monthly,Jumlah/Total,,,,,,12543.932903,,0.8359162011827945
2021-09-01,Monthly,Skim Perbankan Islam (SPI) / Islamic Banking Scheme (IBS),Skim Perbankan Islam (SPI) / Islamic Banking Scheme (IBS),19447.77845652,17106.68828882,2211.90325607,129.18691162999997,99.12228900000001,0.664275932178203,0.5433322240608182
2021-09-01,Monthly,Bank-bank Islam / Islamic Banks,Bank-bank Islam / Islamic Banks,687724.2016501506,611499.7994283605,66649.39460889003,9575.007612899995,12444.810614,1.3922743433959968,0.8442242293074631
2021-10-01,Monthly,Skim Perbankan Islam (SPI) / Islamic Banking Scheme (IBS),Skim Perbankan Islam (SPI) / Islamic Banking Scheme (IBS),19168.437382389988,16280.78177024999,2757.02136464,130.6342475,108.79196400000001,0.6815070258153305,0.561548159985349
2021-10-01,Monthly,Bank-bank Islam / Islamic Banks,Bank-bank Islam / Islamic Banks,696030.1249805599,619860.10648446,66747.07703988999,9422.941456210006,12338.286482,1.3538123017984585,0.8442315228135893
2021-10-01,Monthly,Jumlah / Total,Jumlah / Total,715198.56236295,636140.8882547099,69504.09840452998,9553.575703710007,12447.078446,1.3357934714166477,0.8366260229811533
2021-10-01,Monthly,Jumlah/Total,,,,,,12447.078446,,0.8366276276107707
2021-11-01,Monthly,Bank-bank Islam / Islamic Banks,Bank-bank Islam / Islamic Banks,705623.86263854,632041.9446238499,64570.55290585005,9011.365108840004,12197.155064000002,1.27707771604319,0.801187806680624
2021-11-01,Monthly,Jumlah/Total,,,,,,12309.890973000001,,0.7957936467026179
2021-11-01,Monthly,Jumlah / Total,Jumlah / Total,724044.74252549,647525.4747834799,67375.50504893005,9143.762693080003,12309.890973000003,1.2628726038650986,0.7957921677804615
2021-11-01,Monthly,Skim Perbankan Islam (SPI) / Islamic Banking Scheme (IBS),Skim Perbankan Islam (SPI) / Islamic Banking Scheme (IBS),18420.87988695,15483.530159629998,2804.9521430800005,132.39758424000001,112.735909,0.7187364830156411,0.589833154238575
2021-12-01,Monthly,Jumlah / Total,Jumlah / Total,732695.44098876,653079.93120397,69750.52775374004,9864.98203104999,12482.742998000002,1.3463959892717996,0.8429324122221086
2021-12-01,Monthly,Skim Perbankan Islam (SPI) / Islamic Banking Scheme (IBS),Skim Perbankan Islam (SPI) / Islamic Banking Scheme (IBS),18089.8094679,14130.00978537,3662.112172079999,297.68751045,227.39579500000002,1.6456088770765689,0.7650005708079685
2021-12-01,Monthly,Bank-bank Islam / Islamic Banks,Bank-bank Islam / Islamic Banks,714605.63152086,638949.9214186,66088.41558166004,9567.294520599991,12255.347203000001,1.338821595939342,0.8448974918282426
2021-12-01,Monthly,Jumlah/Total,,,,,,12482.742998000002,,0.8429339502276352
2022-01-01,Monthly,Jumlah / Total,Jumlah / Total,738839.4918014607,662841.9461172807,65999.71881252997,9997.82687165,12683.988110999999,1.3531798154526093,0.8297270694892034
2022-01-01,Monthly,Jumlah/Total,,,,,,12683.988110999999,,0.8297285564971397
2022-01-01,Monthly,Bank-bank Islam / Islamic Banks,Bank-bank Islam / Islamic Banks,721691.9570019707,648652.2581267208,63342.04383782997,9697.655037420001,12452.116605,1.3437388269789903,0.8309385989986706
2022-01-01,Monthly,Skim Perbankan Islam (SPI) / Islamic Banking Scheme (IBS),Skim Perbankan Islam (SPI) / Islamic Banking Scheme (IBS),17147.53479949,14189.687990559998,2657.6749747,300.17183422999994,231.871506,1.7505247123856407,0.7784989785019377
2022-02-01,Monthly,Bank-bank Islam / Islamic Banks,Bank-bank Islam / Islamic Banks,723837.9582764402,648852.7648788601,65163.81624661002,9821.377150970005,12676.702039,1.3568474875725065,0.8299119860445627
2022-02-01,Monthly,Skim Perbankan Islam (SPI) / Islamic Banking Scheme (IBS),Skim Perbankan Islam (SPI) / Islamic Banking Scheme (IBS),18551.040640819985,14493.929558429983,3757.3926818600003,299.71840053,233.429123,1.6156419811322886,0.7157651187506354
2022-02-01,Monthly,Jumlah/Total,,,,,,12910.131162,,0.8270715990753488
2022-02-01,Monthly,Jumlah / Total,Jumlah / Total,742388.9989172601,663346.6944372901,68921.20892847002,10121.095551500006,12910.131162,1.3633143225803661,0.8270701358436562
2022-03-01,Monthly,Jumlah/Total,,,,,,12342.830307,,0.8656577243939225
2022-03-01,Monthly,Skim Perbankan Islam (SPI) / Islamic Banking Scheme (IBS),Skim Perbankan Islam (SPI) / Islamic Banking Scheme (IBS),19580.92294931,15723.16919714,3494.0814589199995,363.67229325,244.08541,1.8572786083243091,0.9680252986418139
2022-03-01,Monthly,Bank-bank Islam / Islamic Banks,Bank-bank Islam / Islamic Banks,730751.2645427895,654900.1247812395,65590.14225283,10260.997508720005,12098.744897,1.4041710232468803,0.8629229092306753
2022-03-01,Monthly,Jumlah / Total,Jumlah / Total,750332.1874920996,670623.2939783796,69084.22371175,10624.669801970005,12342.830307,1.4159954722829846,0.8656562420047723
2022-04-01,Monthly,Jumlah/Total,,,,,,12393.207137000001,,0.8534842116678418
2022-04-01,Monthly,Skim Perbankan Islam (SPI) / Islamic Banking Scheme (IBS),Skim Perbankan Islam (SPI) / Islamic Banking Scheme (IBS),19969.41521566,16007.989791769998,3590.3753165300004,371.05010735999997,251.55072299999998,1.8580920039612516,0.9792580568886914
2022-04-01,Monthly,Bank-bank Islam / Islamic Banks,Bank-bank Islam / Islamic Banks,735542.50172344,661789.0952789601,63283.77344280999,10469.633001670003,12141.656414000001,1.4233892639974906,0.8500786700852833
2022-04-01,Monthly,Jumlah / Total,Jumlah / Total,755511.9169391,677797.0850707301,66874.14875934,10840.683109030004,12393.207137000001,1.4348791681473694,0.8534827501971906
2022-05-01,Monthly,Bank-bank Islam / Islamic Banks,Bank-bank Islam / Islamic Banks,739659.7164416894,665923.9726218095,62409.27778811,11326.466031769993,12427.406501000001,1.531307678381983,0.9247996654492594
2022-05-01,Monthly,Jumlah/Total,,,,,,12678.759782000001,,0.9254531075559909
2022-05-01,Monthly,Jumlah / Total,Jumlah / Total,759555.2450019594,682005.7286016895,65858.37478186,11691.141618409993,12678.759782000001,1.5392088587815402,0.9254513271860174
2022-05-01,Monthly,Skim Perbankan Islam (SPI) / Islamic Banking Scheme (IBS),Skim Perbankan Islam (SPI) / Islamic Banking Scheme (IBS),19895.528560270013,16081.755979880012,3449.0969937499985,364.67558664,251.353281,1.8329524924923672,0.9497465999755795
2022-06-01,Monthly,Skim Perbankan Islam (SPI) / Islamic Banking Scheme (IBS),Skim Perbankan Islam (SPI) / Islamic Banking Scheme (IBS),19975.610052430013,16275.44955420001,3331.179594760002,368.9809034699998,253.248806,1.847157120616267,0.9289572331667569
2022-06-01,Monthly,Bank-bank Islam / Islamic Banks,Bank-bank Islam / Islamic Banks,748379.4937833402,674248.9829882702,62311.82514428998,11818.685650779997,12312.300018999998,1.579236971209899,0.9680365643818954
2022-06-01,Monthly,Jumlah/Total,,,,,,12565.548824999998,,0.9670252830896802
2022-06-01,Monthly,Jumlah / Total,Jumlah / Total,768355.1038357702,690524.4325424703,65643.00473904998,12187.666554249996,12565.548824999998,1.5862023292884917,0.9670236676191802
2022-07-01,Monthly,Skim Perbankan Islam (SPI) / Islamic Banking Scheme (IBS),Skim Perbankan Islam (SPI) / Islamic Banking Scheme (IBS),19935.46241493,15960.054084799998,3582.068127800001,393.3402023299999,268.718568,1.973067863404166,0.961651692253813
2022-07-01,Monthly,Jumlah / Total,Jumlah / Total,773582.1264661098,695137.1750264798,65788.84076621998,12656.110673409998,12437.532264000001,1.636039696421871,1.0379587895874338
2022-07-01,Monthly,Jumlah/Total,,,,,,12437.532264000001,,1.0379605143049533
2022-07-01,Monthly,Bank-bank Islam / Islamic Banks,Bank-bank Islam / Islamic Banks,753646.6640511798,679177.1209416798,62206.77263841997,12262.770471079997,12168.813696000001,1.6271246269654076,1.039968576192498
2022-08-01,Monthly,Bank-bank Islam / Islamic Banks,Bank-bank Islam / Islamic Banks,765223.8713471402,690495.8699830001,62314.043932750086,12413.95743139,12239.338014,1.6222647902418175,1.035619537455893
2022-08-01,Monthly,Skim Perbankan Islam (SPI) / Islamic Banking Scheme (IBS),Skim Perbankan Islam (SPI) / Islamic Banking Scheme (IBS),22626.15184057999,18788.24760062999,3439.01159809,398.8926418599999,272.57849799999997,1.7629716474570198,0.8626673041180501
2022-08-01,Monthly,Jumlah / Total,Jumlah / Total,787850.0231877202,709284.1175836301,65753.05553084008,12812.85007325,12511.916512000002,1.6263057302972364,1.0306678529619528
2022-08-01,Monthly,Jumlah/Total,,,,,,12511.916512000002,,1.0306695167632622
2022-09-01,Monthly,Jumlah/Total,,,,,,12663.504831,,0.9854153391398113
2022-09-01,Monthly,Skim Perbankan Islam (SPI) / Islamic Banking Scheme (IBS),Skim Perbankan Islam (SPI) / Islamic Banking Scheme (IBS),21611.902151280003,16788.365862990002,4477.5644342,345.9718540900001,279.72850300000005,1.6008394433227122,0.6318360046646248
2022-09-01,Monthly,Bank-bank Islam / Islamic Banks,Bank-bank Islam / Islamic Banks,772737.43391685,698338.1547818598,62165.78866154009,12233.490473450001,12383.776328,1.5831367727898087,0.9952646621180388
2022-09-01,Monthly,Jumlah / Total,Jumlah / Total,794349.33606813,715126.5206448499,66643.3530957401,12579.46232754,12663.504831,1.5836184102331876,0.9854137479080696
2022-10-01,Monthly,Jumlah/Total,,,,,,12710.385277,,0.9995093777346497
2022-10-01,Monthly,Skim Perbankan Islam (SPI) / Islamic Banking Scheme (IBS),Skim Perbankan Islam (SPI) / Islamic Banking Scheme (IBS),24033.047705240006,19022.630646890004,4612.474390099998,397.94266824999994,273.726225,1.6558144149284704,0.7950440742211488
2022-10-01,Monthly,Bank-bank Islam / Islamic Banks,Bank-bank Islam / Islamic Banks,779699.1385316702,707300.7727156802,59892.068982590004,12506.2968334,12436.659051999999,1.6039900796802038,1.005793257311682
2022-10-01,Monthly,Jumlah / Total,Jumlah / Total,803732.1862369102,726323.4033625702,64504.54337269,12904.23950165,12710.385277,1.6055397211436686,0.9995076765030136
2022-11-01,Monthly,Bank-bank Islam / Islamic Banks,Bank-bank Islam / Islamic Banks,787099.8488476197,713689.9814131696,60825.41973352004,12584.447700930008,12298.290076,1.5988375197066413,0.9960127399858819
2022-11-01,Monthly,Skim Perbankan Islam (SPI) / Islamic Banking Scheme (IBS),Skim Perbankan Islam (SPI) / Islamic Banking Scheme (IBS),23860.585229560027,19288.881402980027,4171.2387532699995,400.4650733099999,259.507574,1.6783539442019972,0.802200765569054
2022-11-01,Monthly,Jumlah / Total,Jumlah / Total,810960.4340771798,732978.8628161497,64996.65848679004,12984.912774240009,12557.797649999999,1.601177101693746,0.9903255614237028
2022-11-01,Monthly,Jumlah/Total,,,,,,12557.797649999999,,0.9903274407690945
2022-12-01,Monthly,Bank-bank Islam / Islamic Banks,Bank-bank Islam / Islamic Banks,800057.3252528398,727044.5729037299,60529.58078032998,12483.171568779997,12353.427537,1.5602846414580325,0.973217382387734
2022-12-01,Monthly,Jumlah / Total,Jumlah / Total,823620.3852228398,747047.9979103198,63688.93896802998,12883.448344489996,12607.548305,1.5642459287848045,0.9687377984844003
2022-12-01,Monthly,Jumlah/Total,,,,,,12607.548305,,0.9687395888459245
2022-12-01,Monthly,Skim Perbankan Islam (SPI) / Islamic Banking Scheme (IBS),Skim Perbankan Islam (SPI) / Islamic Banking Scheme (IBS),23563.059969999988,20003.425006589987,3159.3581876999997,400.27677571000004,254.120768,1.698747005777791,0.8161827662076041
2023-01-01,Monthly,Skim Perbankan Islam (SPI) / Islamic Banking Scheme (IBS),Skim Perbankan Islam (SPI) / Islamic Banking Scheme (IBS),23522.63396101,20700.20143536,2423.23874883,399.1937768199999,255.375541,1.6970624016072542,0.8114428607805871
2023-01-01,Monthly,Jumlah/Total,,,,,,12723.422924,,0.977415865683363
2023-01-01,Monthly,Jumlah / Total,Jumlah / Total,824086.7557109505,747122.2101429105,63949.06500178998,13015.480566250002,12723.422924,1.5793823254714698,0.9764149130819365
2023-01-01,Monthly,Bank-bank Islam / Islamic Banks,Bank-bank Islam / Islamic Banks,800564.1217499404,726422.0087075505,61525.82625295998,12616.286789430002,12468.047383000001,1.5759245820125265,0.9812479624679614
2023-02-01,Monthly,Bank-bank Islam / Islamic Banks,Bank-bank Islam / Islamic Banks,804411.7218198403,736508.7661366102,55234.85906598003,12668.096617250012,12729.081028,1.574827451369141,0.9695200955893244
2023-02-01,Monthly,Jumlah/Total,,,,,,12989.950392,,0.9924659270490315
2023-02-01,Monthly,Jumlah / Total,Jumlah / Total,828371.0406486703,757600.6549193301,57697.66514782003,13072.720581520012,12989.950392,1.5781238044346884,0.964640096895161
2023-02-01,Monthly,Skim Perbankan Islam (SPI) / Islamic Banking Scheme (IBS),Skim Perbankan Islam (SPI) / Islamic Banking Scheme (IBS),23959.318828829997,21091.888782719998,2462.8060818399995,404.6239642699998,260.869364,1.6887957757092829,0.8003285256349582
2023-03-01,Monthly,Bank-bank Islam / Islamic Banks,Bank-bank Islam / Islamic Banks,809807.7622554192,742138.0837087592,54942.56955763001,12727.10898903001,12639.670412,1.5716210170156146,0.9625270113467026
2023-03-01,Monthly,Skim Perbankan Islam (SPI) / Islamic Banking Scheme (IBS),Skim Perbankan Islam (SPI) / Islamic Banking Scheme (IBS),23462.87359634998,19901.95285718998,3153.263823570001,407.6569155900001,291.73686299999997,1.7374551924169153,0.8173689235884889
2023-03-01,Monthly,Jumlah/Total,,,,,,12931.407275,,0.9874385574201215
2023-03-01,Monthly,Jumlah / Total,Jumlah / Total,833270.6358517691,762040.0365659491,58095.83338120001,13134.76590462001,12931.407275,1.57629050388817,0.9584522100697617
2023-04-01,Monthly,Jumlah/Total,,,,,,13056.61456,,1.0310068343512246
2023-04-01,Monthly,Bank-bank Islam / Islamic Banks,Bank-bank Islam / Islamic Banks,812842.2338799797,744298.2981365396,55324.06507143001,13219.870672010004,12765.32803,1.626375958457147,1.0006296033117652
2023-04-01,Monthly,Skim Perbankan Islam (SPI) / Islamic Banking Scheme (IBS),Skim Perbankan Islam (SPI) / Islamic Banking Scheme (IBS),23002.84969637,19425.061569280002,3168.4168670599997,409.3712600299999,291.28652999999997,1.779654544691484,0.8349260430946172
2023-04-01,Monthly,Jumlah / Total,Jumlah / Total,835845.0835763497,763723.3597058196,58492.48193849001,13629.241932040004,13056.61456,1.6305942572186045,0.9960836734293775
2023-05-01,Monthly,Bank-bank Islam / Islamic Banks,Bank-bank Islam / Islamic Banks,817269.703395241,748348.0027654911,55399.98424968997,13521.716380059996,12904.770011,1.6544986708654164,1.0116409319115134
2023-05-01,Monthly,Jumlah/Total,,,,,,13247.554224000001,,1.042943235091811
2023-05-01,Monthly,Jumlah / Total,Jumlah / Total,840635.1639021611,767729.6127792711,58973.70753554997,13931.843587339996,13247.554224000001,1.6572996450290627,1.0068808049182094
2023-05-01,Monthly,Skim Perbankan Islam (SPI) / Islamic Banking Scheme (IBS),Skim Perbankan Islam (SPI) / Islamic Banking Scheme (IBS),23365.460506919997,19381.61001378,3573.72328586,410.1272072799999,342.784213,1.7552712353284678,0.8399226770226047
2023-06-01,Monthly,Jumlah / Total,Jumlah / Total,839609.252212191,769422.129209621,57225.333874140015,12961.789128430017,12378.458556,1.5437882674921066,0.9694933266797428
2023-06-01,Monthly,Skim Perbankan Islam (SPI) / Islamic Banking Scheme (IBS),Skim Perbankan Islam (SPI) / Islamic Banking Scheme (IBS),20599.506446839994,16736.096169449993,3536.0035763799992,327.40670100999995,257.100809,1.5893909975703557,0.9457844003105682
2023-06-01,Monthly,Bank-bank Islam / Islamic Banks,Bank-bank Islam / Islamic Banks,819009.745765351,752686.033040171,53689.33029776002,12634.382427420016,12121.357747,1.54264128024672,0.9700892176388608
2023-06-01,Monthly,Jumlah/Total,,,,,,12378.458556,,1.0033099823722655
2023-07-01,Monthly,Skim Perbankan Islam (SPI) / Islamic Banking Scheme (IBS),Skim Perbankan Islam (SPI) / Islamic Banking Scheme (IBS),20695.94638289,16882.86247064,3480.8296964300002,332.25421582000007,257.228122,1.6054072119875862,0.9608843113506025
2023-07-01,Monthly,Bank-bank Islam / Islamic Banks,Bank-bank Islam / Islamic Banks,823504.7722724603,754210.7128336004,56345.78066359996,12948.27877525999,11944.120582,1.5723380375233569,0.9985025206082669
2023-07-01,Monthly,Jumlah/Total,,,,,,12201.348704,,0.9975817795011024
2023-07-01,Monthly,Jumlah / Total,Jumlah / Total,844200.7186553503,771093.5753042403,59826.61036002996,13280.53299107999,12201.348704,1.5731487426631583,0.9975809377581567
2023-08-01,Monthly,Bank-bank Islam / Islamic Banks,Bank-bank Islam / Islamic Banks,832078.8251482602,763871.8477727203,54815.09160913998,13391.885766399997,12028.016243,1.6094491725605231,1.029375148630191
2023-08-01,Monthly,Jumlah/Total,,,,,,12289.707361,,1.028584605676468
2023-08-01,Monthly,Jumlah / Total,Jumlah / Total,853012.1405141302,780949.5520998202,58325.37859119998,13737.209823109997,12289.707361,1.6104354405589425,1.0285845533727975
2023-08-01,Monthly,Skim Perbankan Islam (SPI) / Islamic Banking Scheme (IBS),Skim Perbankan Islam (SPI) / Islamic Banking Scheme (IBS),20933.315365870003,17077.7043271,3510.286982060001,345.32405671000004,261.691118,1.6496386294978467,0.9971360822949866
2023-09-01,Monthly,Bank-bank Islam / Islamic Banks,Bank-bank Islam / Islamic Banks,838633.9115118713,771425.0086597012,54119.2425086,13089.66034357,12037.788022,1.5608312714152281,0.9798024034460612
2023-09-01,Monthly,Jumlah/Total,,,,,,12230.638282000002,,0.9808492565171382
2023-09-01,Monthly,Jumlah / Total,Jumlah / Total,860455.3293788612,790031.4276466712,56976.73052773,13447.171204459999,12293.916939,1.5627971313940423,0.9804976562255173
2023-09-01,Monthly,Skim Perbankan Islam (SPI) / Islamic Banking Scheme (IBS),Skim Perbankan Islam (SPI) / Islamic Banking Scheme (IBS),21821.417866990007,18606.418986970006,2857.4880191299985,357.51086088999995,256.128917,1.6383484477001775,1.0072310439216268
2023-10-01,Monthly,Jumlah / Total,Jumlah / Total,866399.9652185598,798802.4213609899,53884.46595870998,13713.077898859996,12394.823332,1.5827652873232407,0.9964293109817832
2023-10-01,Monthly,Skim Perbankan Islam (SPI) / Islamic Banking Scheme (IBS),Skim Perbankan Islam (SPI) / Islamic Banking Scheme (IBS),20555.84140301001,19071.59056209001,1116.5458840600002,367.7049568600001,225.171909,1.788810049907063,1.1478620865483369
2023-10-01,Monthly,Bank-bank Islam / Islamic Banks,Bank-bank Islam / Islamic Banks,845844.1238155499,779730.8307988999,52767.920074649985,13345.372941999996,12169.651423,1.5777579540069222,0.9927512963803422
2023-11-01,Monthly,Bank-bank Islam / Islamic Banks,Bank-bank Islam / Islamic Banks,855134.1307088905,787827.8439247705,54057.300211380025,13248.986572740005,12403.987173000001,1.5493460144967945,0.9732030062180301
2023-11-01,Monthly,Jumlah / Total,Jumlah / Total,875594.2890036005,806807.8518653605,55172.85100707002,13613.586131170005,12630.398077000002,1.5547824263063488,0.9768891289404948
2023-11-01,Monthly,Skim Perbankan Islam (SPI) / Islamic Banking Scheme (IBS),Skim Perbankan Islam (SPI) / Islamic Banking Scheme (IBS),20460.158294710003,18980.007940590003,1115.5507956899999,364.59955843000006,226.41090400000002,1.7819977400872198,1.1310697013398534
2023-12-01,Monthly,Jumlah / Total,Jumlah / Total,888904.3179720703,820321.3803271804,55044.147780739935,13538.789864149994,11936.990136999999,1.523087422394025,1.032403421342367
2023-12-01,Monthly,Skim Perbankan Islam (SPI) / Islamic Banking Scheme (IBS),Skim Perbankan Islam (SPI) / Islamic Banking Scheme (IBS),20821.132417129997,19315.199039329997,1142.3673469699997,363.56603082999993,211.290142,1.7461395641040458,1.097146678424684
2023-12-01,Monthly,Bank-bank Islam / Islamic Banks,Bank-bank Islam / Islamic Banks,868083.1855549403,801006.1812878504,53901.780433769934,13175.223833319995,11725.699994999999,1.5177374763799232,1.0308531055996837
2024-01-01,Monthly,Jumlah / Total,Jumlah / Total,890514.6304688596,820856.0228402097,56494.99118326993,13163.616445379997,12077.827967000001,1.478203276508697,0.9767455717534316
2024-01-01,Monthly,Skim Perbankan Islam (SPI) / Islamic Banking Scheme (IBS),Skim Perbankan Islam (SPI) / Islamic Banking Scheme (IBS),20969.526739269997,19479.714806499996,1120.5063450400003,369.3055877300002,214.643816,1.761153660365616,1.1072598836891543
2024-01-01,Monthly,Bank-bank Islam / Islamic Banks,Bank-bank Islam / Islamic Banks,869545.1037295896,801376.3080337096,55374.48483822993,12794.310857649998,11863.184151000001,1.4713797826902333,0.9736031673657904
2024-02-01,Monthly,Jumlah / Total,Jumlah / Total,898406.2636492292,829262.3092847392,55544.145573190006,13599.808791300004,12283.799762999999,1.5137704779638388,0.9922318309291401
2024-02-01,Monthly,Skim Perbankan Islam (SPI) / Islamic Banking Scheme (IBS),Skim Perbankan Islam (SPI) / Islamic Banking Scheme (IBS),22548.05628748001,21058.74310763001,1117.9640268099997,371.34915304000003,212.789936,1.6469231241284183,1.045698171859231
2024-02-01,Monthly,Bank-bank Islam / Islamic Banks,Bank-bank Islam / Islamic Banks,875858.2073617491,808203.5661771091,54426.18154638001,13228.459638260003,12071.009827,1.5103426019271577,0.9908565427242522
2024-03-01,Monthly,Skim Perbankan Islam (SPI) / Islamic Banking Scheme (IBS),Skim Perbankan Islam (SPI) / Islamic Banking Scheme (IBS),22137.072951380018,20691.20174607002,1073.89077283,371.9804324800001,201.387266,1.6803505743373852,1.116706379291999
2024-03-01,Monthly,Bank-bank Islam / Islamic Banks,Bank-bank Islam / Islamic Banks,884385.9366023899,816447.5077271599,54779.75099588996,13158.677879340012,11992.652582,1.4878886394205528,0.975937283229017
2024-03-01,Monthly,Jumlah / Total,Jumlah / Total,906523.00955377,837138.70947323,55853.64176871996,13530.658311820012,12194.039848,1.4925885133881367,0.9793730434617226
2024-04-01,Monthly,Bank-bank Islam / Islamic Banks,Bank-bank Islam / Islamic Banks,884837.5727084309,816311.121877161,55252.42459967,13274.02623159999,12161.559182,1.5001653005047073,0.9757354725180557
2024-04-01,Monthly,Jumlah / Total,Jumlah / Total,906491.303659071,836499.3329222309,56341.69255815999,13650.27817867999,12364.497417,1.5058366388712563,0.9801979504697144
2024-04-01,Monthly,Skim Perbankan Islam (SPI) / Islamic Banking Scheme (IBS),Skim Perbankan Islam (SPI) / Islamic Banking Scheme (IBS),21653.730950639998,20188.21104507,1089.2679584899997,376.25194708000004,202.93823500000002,1.737584843635824,1.1626439998242022
2024-05-01,Monthly,Skim Perbankan Islam (SPI) / Islamic Banking Scheme (IBS),Skim Perbankan Islam (SPI) / Islamic Banking Scheme (IBS),21758.475003260006,20088.341141100005,1298.8404646199995,371.2933975399999,223.335399,1.7064311606597895,1.1369443241473118
2024-05-01,Monthly,Jumlah / Total,Jumlah / Total,911056.34074868,840693.9829217503,56488.49156619995,13873.866260729987,12243.206805999998,1.5228329621556487,0.982679761146496
2024-05-01,Monthly,Bank-bank Islam / Islamic Banks,Bank-bank Islam / Islamic Banks,889297.8657454201,820605.6417806502,55189.65110157995,13502.572863189987,12019.871406999999,1.5183408600527752,0.9789065525785974
2024-06-01,Monthly,Jumlah / Total,Jumlah / Total,920151.4368628893,848259.7508451692,58091.64456873002,13800.041448989992,12291.503956999999,1.4997576372905586,0.971830634663503
2024-06-01,Monthly,Skim Perbankan Islam (SPI) / Islamic Banking Scheme (IBS),Skim Perbankan Islam (SPI) / Islamic Banking Scheme (IBS),21729.73817616001,19690.582081790013,1678.5271354900003,360.62895888000014,224.517448,1.6596102353209714,1.0749868650913728
2024-06-01,Monthly,Bank-bank Islam / Islamic Banks,Bank-bank Islam / Islamic Banks,898421.6986867293,828569.1687633792,56413.11743324002,13439.412490109991,12066.986508999998,1.4958913514394292,0.9693371260436994
2024-07-01,Monthly,Bank-bank Islam / Islamic Banks,Bank-bank Islam / Islamic Banks,902436.3653985604,832136.9709943604,56763.075151250014,13536.319252949996,12113.113072,1.4999749314148805,0.9660858608004497
2024-07-01,Monthly,Jumlah / Total,Jumlah / Total,924281.3556413704,851529.8795029204,58856.53888387002,13894.937254579996,12327.785266,1.503323330041438,0.9683427995086736
2024-07-01,Monthly,Skim Perbankan Islam (SPI) / Islamic Banking Scheme (IBS),Skim Perbankan Islam (SPI) / Islamic Banking Scheme (IBS),21844.990242810007,19392.90850856001,2093.4637326199995,358.61800163,214.67219400000002,1.641648715077977,1.0616232071393472
2024-08-01,Monthly,Skim Perbankan Islam (SPI) / Islamic Banking Scheme (IBS),Skim Perbankan Islam (SPI) / Islamic Banking Scheme (IBS),21045.752161160002,18591.83865791,2096.16894545,357.7445578000001,215.505111,1.6998421109425528,1.0938022436153427
2024-08-01,Monthly,Jumlah / Total,Jumlah / Total,929054.6293336204,855643.2820391204,59420.948490100025,13990.398804399998,12308.501816,1.5058747206754506,0.9641260862793946
2024-08-01,Monthly,Bank-bank Islam / Islamic Banks,Bank-bank Islam / Islamic Banks,908008.8771724604,837051.4433812104,57324.779544650024,13632.654246599997,12092.996705,1.5013789610793324,0.9611224955325992
2024-09-01,Monthly,Skim Perbankan Islam (SPI) / Islamic Banking Scheme (IBS),Skim Perbankan Islam (SPI) / Islamic Banking Scheme (IBS),19112.538914900004,16371.676205210004,2379.25674525,361.60596444,217.087932,1.8919828812387371,1.2102592412941748
2024-09-01,Monthly,Bank-bank Islam / Islamic Banks,Bank-bank Islam / Islamic Banks,914407.8568360592,842336.3087122493,58691.01570549998,13380.532418309987,11971.041142000002,1.4633002459764444,0.9510771468387376
2024-09-01,Monthly,Jumlah / Total,Jumlah / Total,933520.3957509593,858707.9849174593,61070.27245074998,13742.138382749987,12188.129074000002,1.4720769300059362,0.9563745060160141
2024-10-01,Monthly,Skim Perbankan Islam (SPI) / Islamic Banking Scheme (IBS),Skim Perbankan Islam (SPI) / Islamic Banking Scheme (IBS),21513.476069330012,18845.67262448001,2313.0836414200003,354.71980343000007,217.071878,1.6488260766733778,1.0421555681776073
2024-10-01,Monthly,Bank-bank Islam / Islamic Banks,Bank-bank Islam / Islamic Banks,921897.2113011095,848619.6869616595,59755.78491817003,13521.73942128,12057.250664,1.4667296153544322,0.9515127786551055
2024-10-01,Monthly,Jumlah / Total,Jumlah / Total,943410.6873704395,867465.3595861394,62068.86855959003,13876.45922471,12274.322542,1.4708821312367932,0.9535779047628274
2024-11-01,Monthly,Skim Perbankan Islam (SPI) / Islamic Banking Scheme (IBS),Skim Perbankan Islam (SPI) / Islamic Banking Scheme (IBS),21357.936589819987,19902.976689149986,1183.91248735,271.04741332000003,137.19012300000003,1.2690711585368768,1.0241664138773432
2024-11-01,Monthly,Bank-bank Islam / Islamic Banks,Bank-bank Islam / Islamic Banks,929174.60177712,856630.77917215,58973.287179450024,13570.53542552001,11984.006002000002,1.4604935821066662,0.9478532687466327
2024-11-01,Monthly,Jumlah / Total,Jumlah / Total,950532.53836694,876533.7558612999,60157.19966680002,13841.582838840011,12121.196125000002,1.4561924268916149,0.9495725333721706
2024-12-01,Monthly,Jumlah / Total,Jumlah / Total,960635.54821515,888223.91190699,59463.10694679,12948.529361369987,11428.839583,1.347912783930202,0.9217038063895246
2024-12-01,Monthly,Skim Perbankan Islam (SPI) / Islamic Banking Scheme (IBS),Skim Perbankan Islam (SPI) / Islamic Banking Scheme (IBS),21473.95610705001,19568.287235100008,1640.468033050001,265.2008389000001,130.839796,1.2349882694085108,1.0611312151832193
2024-12-01,Monthly,Bank-bank Islam / Islamic Banks,Bank-bank Islam / Islamic Banks,939161.5921081,868655.6246718899,57822.638913740004,12683.328522469987,11297.999787,1.3504948061174655,0.918507461001361
2025-01-01,Monthly,Jumlah / Total,Jumlah / Total,965166.5449896097,893307.5766736798,58627.35066890001,13231.617647029998,11521.037476000001,1.3709154876656482,0.926257000688935
2025-01-01,Monthly,Bank-bank Islam / Islamic Banks,Bank-bank Islam / Islamic Banks,943660.5482583997,873282.8055945798,57417.23473660001,12960.507927219998,11398.246928,1.37342903135451,0.9219600831091539
2025-01-01,Monthly,Skim Perbankan Islam (SPI) / Islamic Banking Scheme (IBS),Skim Perbankan Islam (SPI) / Islamic Banking Scheme (IBS),21505.996731209998,20024.7710791,1210.1159322999995,271.1097198100001,122.790548,1.2606238306386397,1.1142203769376315
2025-02-01,Monthly,Jumlah / Total,Jumlah / Total,968956.7704151298,895439.0625234199,60390.24669175996,13127.46119995001,11547.402146999999,1.35480359916633,0.90339263285678
2025-02-01,Monthly,Skim Perbankan Islam (SPI) / Islamic Banking Scheme (IBS),Skim Perbankan Islam (SPI) / Islamic Banking Scheme (IBS),21060.17758485999,19567.38479024999,1217.15851642,275.63427819,123.66064399999999,1.3087937035637889,1.1534199613787357
2025-02-01,Monthly,Bank-bank Islam / Islamic Banks,Bank-bank Islam / Islamic Banks,947896.5928302698,875871.6777331699,59173.08817533996,12851.82692176001,11423.741503,1.3558258378571104,0.8978205557058799
2025-03-01,Monthly,Jumlah / Total,Jumlah / Total,976554.0337278503,902504.8005174703,61007.47944806007,13041.753762320008,11405.466507,1.3354871632176917,0.8965124663131507
2025-03-01,Monthly,Bank-bank Islam / Islamic Banks,Bank-bank Islam / Islamic Banks,954480.9780797804,882389.9361991003,59319.44267329007,12771.599207390007,11277.477985,1.338067441960325,0.8922901303167203
2025-03-01,Monthly,Skim Perbankan Islam (SPI) / Islamic Banking Scheme (IBS),Skim Perbankan Islam (SPI) / Islamic Banking Scheme (IBS),22073.055648070003,20114.864318370004,1688.0367747699995,270.15455492999996,127.98852199999999,1.2239109946412037,1.0785405826985557
2025-04-01,Monthly,Bank-bank Islam / Islamic Banks,Bank-bank Islam / Islamic Banks,957205.9245458903,883448.4661347902,60773.63693727002,12983.821473830001,11301.923287999998,1.3564292845334902,0.9188651042152203
2025-04-01,Monthly,Jumlah / Total,Jumlah / Total,979058.2876661803,901812.5390609503,63988.359048340026,13257.38955689,11428.385775999997,1.3540960455472126,0.9230113387264329
2025-04-01,Monthly,Skim Perbankan Islam (SPI) / Islamic Banking Scheme (IBS),Skim Perbankan Islam (SPI) / Islamic Banking Scheme (IBS),21852.363120290007,18364.072926160006,3214.722111070002,273.56808306000005,126.46248800000001,1.2518924454719087,1.1040987061029592
2025-05-01,Monthly,Skim Perbankan Islam (SPI) / Islamic Banking Scheme (IBS),Skim Perbankan Islam (SPI) / Islamic Banking Scheme (IBS),23622.254730610006,19659.130126890006,3667.3440487199996,295.78055499999994,128.065212,1.2521266846586152,1.1181144588707477
2025-05-01,Monthly,Bank-bank Islam / Islamic Banks,Bank-bank Islam / Islamic Banks,964063.113768671,888966.2844189411,61751.28930261003,13345.540047120008,11443.224931,1.3843014898630692,0.9360165025671712
2025-05-01,Monthly,Jumlah / Total,Jumlah / Total,987685.3684992811,908625.4145458312,65418.63335133003,13641.320602120008,11571.290143,1.3811402939831983,0.9403852352337445
2025-06-01,Monthly,Jumlah / Total,Jumlah / Total,994357.7405807795,915067.6847767195,66029.78788789993,13260.26791615999,11369.25816,1.3335510324900774,0.9184557082652947
2025-06-01,Monthly,Skim Perbankan Islam (SPI) / Islamic Banking Scheme (IBS),Skim Perbankan Islam (SPI) / Islamic Banking Scheme (IBS),25144.258577810004,21501.177190140002,3348.2608645099995,294.82052316000005,128.805556,1.1725162714488682,1.0505298888697967
2025-06-01,Monthly,Bank-bank Islam / Islamic Banks,Bank-bank Islam / Islamic Banks,969213.4820029695,893566.5075865795,62681.527023389935,12965.44739299999,11240.452604,1.337728749522313,0.9150188762950645
2025-07-01,Monthly,Bank-bank Islam / Islamic Banks,Bank-bank Islam / Islamic Banks,975237.8457294196,899515.3484021296,62103.309068339986,13619.188258949996,11596.487243,1.3964991533694693,0.937845176418689
2025-07-01,Monthly,Jumlah / Total,Jumlah / Total,1000641.6335692096,921800.6723331796,64922.25940977999,13918.701826249997,11725.437708,1.3909776846485078,0.94096766968662
2025-07-01,Monthly,Skim Perbankan Islam (SPI) / Islamic Banking Scheme (IBS),Skim Perbankan Islam (SPI) / Islamic Banking Scheme (IBS),25403.787839790002,22285.323931050003,2818.95034144,299.5135673,128.950465,1.1790114497447945,1.0604266994257194
2025-08-01,Monthly,Bank-bank Islam / Islamic Banks,Bank-bank Islam / Islamic Banks,981458.16541052,904113.17929776,63486.48074353998,13858.505369219994,11706.144688,1.4120322044927223,0.9494699626658646
2025-08-01,Monthly,Skim Perbankan Islam (SPI) / Islamic Banking Scheme (IBS),Skim Perbankan Islam (SPI) / Islamic Banking Scheme (IBS),23603.46526802,19308.15548211,3997.96327423,297.34651168,116.395815,1.259757871581977,1.1385499702005757
2025-08-01,Monthly,Jumlah / Total,Jumlah / Total,1005061.6306785401,923421.33477987,67484.44401776997,14155.851880899994,11822.540503,1.4084561034673124,0.953925432389582
2025-09-01,Monthly,Skim Perbankan Islam (SPI) / Islamic Banking Scheme (IBS),Skim Perbankan Islam (SPI) / Islamic Banking Scheme (IBS),23385.651609239994,18570.880079119994,4522.865688210002,291.90584191,106.928267,1.248226249101667,1.1287019300960697
2025-09-01,Monthly,Jumlah / Total,Jumlah / Total,1011847.8108970302,927900.3517648202,69845.97487606002,14101.484256150008,11702.409558,1.39363687940864,0.956050264499321
2025-09-01,Monthly,Bank-bank Islam / Islamic Banks,Bank-bank Islam / Islamic Banks,988462.1592877902,909329.4716857001,65323.109187850016,13809.578414240008,11595.481291,1.3970770944018867,0.9519520847739419
2025-10-01,Monthly,Jumlah / Total,Jumlah / Total,1021533.8625560098,939124.4762421199,68356.74328062995,14052.643033259996,11411.951058,1.3756414298492723,0.9559735491231215
2025-10-01,Monthly,Skim Perbankan Islam (SPI) / Islamic Banking Scheme (IBS),Skim Perbankan Islam (SPI) / Islamic Banking Scheme (IBS),22200.610261149995,17168.87247789,4732.548855379997,299.18892788000005,104.26806699999999,1.3476608271600818,1.202728345913569
2025-10-01,Monthly,Bank-bank Islam / Islamic Banks,Bank-bank Islam / Islamic Banks,999333.2522948598,921955.6037642299,63624.19442524995,13753.454105379995,11307.682991,1.3762630307554249,0.9504761970550668
2025-11-01,Monthly,Skim Perbankan Islam (SPI) / Islamic Banking Scheme (IBS),Skim Perbankan Islam (SPI) / Islamic Banking Scheme (IBS),21004.278309880003,17733.955891970003,2963.94517593,306.37724198000006,95.69763,1.458642079770416,1.2932680498033253
2025-11-01,Monthly,Jumlah / Total,Jumlah / Total,1024338.1223853402,941764.8664712302,68250.38778274994,14322.868131359992,11429.968478,1.398255890155375,0.9799554393519332
2025-11-01,Monthly,Bank-bank Islam / Islamic Banks,Bank-bank Islam / Islamic Banks,1003333.8440754601,924030.9105792602,65286.44260681993,14016.490889379991,11334.270848,1.3969917363144206,0.9733792586129333
2025-12-01,Monthly,Skim Perbankan Islam (SPI) / Islamic Banking Scheme (IBS),Skim Perbankan Islam (SPI) / Islamic Banking Scheme (IBS),21211.903574089996,19642.219979339996,1269.6473194899997,300.03627525999997,96.883858,1.4144712388118221,1.2438196623897217
2025-12-01,Monthly,Bank-bank Islam / Islamic Banks,Bank-bank Islam / Islamic Banks,1013377.2871865005,936515.4936540604,63093.347370170006,13768.44616227001,11040.077169,1.3586693067195301,0.9415279861428238
2025-12-01,Monthly,Jumlah / Total,Jumlah / Total,1034589.1907605905,956157.7136334004,64362.99468966001,14068.482437530009,11136.961027,1.3598133987063405,0.9477409278970231
2026-01-01,Monthly,Bank-bank Islam / Islamic Banks,Bank-bank Islam / Islamic Banks,1017298.0605781002,940638.21241687,62374.13686457004,14285.711296659998,11241.709514,1.404279812402459,0.9678563635795862
2026-01-01,Monthly,Skim Perbankan Islam (SPI) / Islamic Banking Scheme (IBS),Skim Perbankan Islam (SPI) / Islamic Banking Scheme (IBS),21297.045619009998,19656.694784399995,1342.0413649600002,298.3094696500001,93.749244,1.4007082249179459,1.2460973371901563
2026-01-01,Monthly,Jumlah / Total,Jumlah / Total,1038595.1061971101,960294.9072012701,63716.17822953004,14584.020766309997,11335.458758,1.404206574755626,0.9735778174874419
2026-02-01,Monthly,Jumlah / Total,Jumlah / Total,1045552.6586275399,965663.94528131,64877.88230821999,15010.83103801001,11595.049358999999,1.4356838858517367,0.9897731515869965
2026-02-01,Monthly,Skim Perbankan Islam (SPI) / Islamic Banking Scheme (IBS),Skim Perbankan Islam (SPI) / Islamic Banking Scheme (IBS),21013.43947849999,19522.19672099999,1191.1364466900002,300.10631081,81.96643399999999,1.4281636812338854,1.2699714746073283
2026-02-01,Monthly,Bank-bank Islam / Islamic Banks,Bank-bank Islam / Islamic Banks,1024539.21914904,946141.74856031,63686.74586152999,14710.72472720001,11513.082924999999,1.435838126276749,0.9840091515266899
2026-03-01,Monthly,Jumlah / Total,Jumlah / Total,1054301.3867714603,972343.4701602702,66978.33516166001,14979.581449530004,11508.013345000001,1.4208063877636834,0.9798931780186322
2026-03-01,Monthly,Bank-bank Islam / Islamic Banks,Bank-bank Islam / Islamic Banks,1032245.3042023702,953058.1745814502,64491.853633670005,14695.275987250005,11400.839348000001,1.4236224594506866,0.9780233285317732
2026-03-01,Monthly,Skim Perbankan Islam (SPI) / Islamic Banking Scheme (IBS),Skim Perbankan Islam (SPI) / Islamic Banking Scheme (IBS),22056.082569090002,19285.29557882,2486.48152799,284.30546228,107.173997,1.28901159754649,1.0672058390186128
2026-04-01,Monthly,Skim Perbankan Islam (SPI) / Islamic Banking Scheme (IBS),Skim Perbankan Islam (SPI) / Islamic Banking Scheme (IBS),22328.504525610006,19514.913765360005,2525.924311159999,287.66644909000007,116.72487900000002,1.2883372854642228,1.0881705174375507
2026-04-01,Monthly,Bank-bank Islam / Islamic Banks,Bank-bank Islam / Islamic Banks,1037540.2703096695,959268.1752086094,63487.07123720001,14785.023863860011,11517.428337000001,1.4250072297865795,0.9716157056362392
2026-04-01,Monthly,Jumlah / Total,Jumlah / Total,1059868.7748352794,978783.0889739695,66012.99554836,15072.690312950012,11634.153216,1.4221279719550703,0.9740773620603337
