date,frequency,industry,total_loan_financing,stage_1_ecl,stage_2_ecl_not_impaired,stage_3_ecl_impaired,total_provisions,gross_impaired_ratio,net_impaired_ratio
2021-07-01,Monthly,Bank-bank Perdagangan / Commercial Banks,1175989.4995178294,1027315.9475204195,125754.46396227003,22919.088035139976,22426.254688,1.9489194456699734,1.2836261195573433
2021-07-01,Monthly,Bank-bank Islam / Islamic Banks,680175.7650235601,606797.0749537502,62792.93355185997,10585.756517949994,11980.13106,1.5563266235431545,0.9857609846093592
2021-07-01,Monthly,Bank-bank Pelaburan / Investment/Merchant Banks,7990.167233989997,7418.522772049997,297.96289079,273.68157114999997,134.497662,3.425229574492065,2.248920729015409
2021-07-01,Monthly,Jumlah / Total,1864155.4317753797,1641531.5452462197,188845.36040491998,33778.52612423997,34540.883409999995,1.8120015932400049,1.1789875154206992
2021-08-01,Monthly,Bank-bank Perdagangan / Commercial Banks,1173124.9285792299,1015526.1697672802,134611.29950564977,22987.459306299992,22870.067994,1.9595065066207462,1.2784816709432343
2021-08-01,Monthly,Bank-bank Islam / Islamic Banks,680472.6508640404,604633.2356030304,65149.09009286992,10690.32516814,12121.045907,1.571014669666121,0.9822994097057253
2021-08-01,Monthly,Bank-bank Pelaburan / Investment/Merchant Banks,7935.47452125,7371.66071102,298.9571485,264.8566617299999,131.952546,3.337628531485469,2.1834014992718522
2021-08-01,Monthly,Jumlah / Total,1861533.0539645203,1627531.0660813306,200059.34674701968,33942.641136169994,35123.066447,1.823370316411095,1.1739830438247905
2021-09-01,Monthly,Bank-bank Perdagangan / Commercial Banks,1183115.2149911406,1020224.4884479205,140242.03894356993,22648.687599650017,23047.573973,1.9143264588833482,1.28438449961457
2021-09-01,Monthly,Bank-bank Islam / Islamic Banks,687724.2016501506,611499.7994283605,66649.39460889003,9575.007612899995,12444.810614,1.3922743433959968,0.8442242293074631
2021-09-01,Monthly,Bank-bank Pelaburan / Investment/Merchant Banks,7943.688742519997,7342.456565859996,336.07745269000014,265.15472397,142.084447,3.3379294250379243,2.1869830284884593
2021-09-01,Monthly,Jumlah / Total,1878783.1053838108,1639066.744442141,207227.51100514995,32488.84993652001,35634.469033999994,1.7292496320315252,1.1269678633451778
2021-10-01,Monthly,Bank-bank Perdagangan / Commercial Banks,1184798.1681529284,1019771.3554544083,142870.28240262007,22156.5302959,23109.080087,1.8700679062022434,1.2549167768097276
2021-10-01,Monthly,Bank-bank Islam / Islamic Banks,696030.1249805599,619860.10648446,66747.07703988999,9422.941456210006,12338.286482,1.3538123017984585,0.8442315228135893
2021-10-01,Monthly,Bank-bank Pelaburan / Investment/Merchant Banks,7948.787307039999,7416.215850929999,263.05956983000004,269.51188628,146.78975400000002,3.3906038225642483,2.2396110275952275
2021-10-01,Monthly,Jumlah / Total,1888777.0804405282,1647047.6777897982,209880.41901234005,31848.983638390007,35594.156323,1.6862224752834105,1.1075867775884243
2021-11-01,Monthly,Bank-bank Perdagangan / Commercial Banks,1191483.5008999486,1028015.5625299086,141596.39587053997,21871.542499500014,23177.808315,1.835656346309458,1.2265738546615372
2021-11-01,Monthly,Bank-bank Islam / Islamic Banks,705623.86263854,632041.9446238499,64570.55290585005,9011.365108840004,12197.155064000002,1.27707771604319,0.801187806680624
2021-11-01,Monthly,Bank-bank Pelaburan / Investment/Merchant Banks,8129.9908733699995,7471.33493338,390.44478412000007,268.21115586999997,151.336356,3.2990339109547184,2.1119751680057233
2021-11-01,Monthly,Jumlah / Total,1905237.3544118586,1667528.8420871384,206557.39356051,31151.11876421002,35526.299735,1.6350256146340507,1.0726409123840437
2021-12-01,Monthly,Bank-bank Perdagangan / Commercial Banks,1193302.7888873,1027605.9945351302,143446.27068416984,22250.523668000016,22606.812018999997,1.8646167490103334,1.1940319514355662
2021-12-01,Monthly,Bank-bank Islam / Islamic Banks,714605.63152086,638949.9214186,66088.41558166004,9567.294520599991,12255.347203000001,1.338821595939342,0.8448974918282426
2021-12-01,Monthly,Bank-bank Pelaburan / Investment/Merchant Banks,7523.096804069999,6902.898026229999,356.3139460300001,263.88483181000004,199.736921,3.5076623188902505,1.5011841576165263
2021-12-01,Monthly,Jumlah / Total,1915431.51721223,1673458.8139799603,209891.00021185988,32081.70302041001,35061.896143,1.6749073371781296,1.06481130505719
2022-01-01,Monthly,Bank-bank Perdagangan / Commercial Banks,1196562.9394610587,1033242.1063442588,140990.61024047004,22330.22287633,22711.820656,1.866197100036184,1.197351846619021
2022-01-01,Monthly,Bank-bank Islam / Islamic Banks,721691.9570019707,648652.2581267208,63342.04383782997,9697.655037420001,12452.116605,1.3437388269789903,0.8309385989986706
2022-01-01,Monthly,Bank-bank Pelaburan / Investment/Merchant Banks,7512.2596703699965,6856.512212029997,390.94753419000006,264.79992415,208.022222,3.5249037675631616,1.4048864155366372
2022-01-01,Monthly,Jumlah / Total,1925767.1561333993,1688750.8766830096,204723.60161249,32292.677837900002,35371.959483,1.6768734337923803,1.0606875306170058
2022-02-01,Monthly,Bank-bank Perdagangan / Commercial Banks,1197442.2880175489,1033686.8412786887,141215.32383638006,22540.122902479987,22402.271152,1.8823556782679496,1.230939159890026
2022-02-01,Monthly,Bank-bank Islam / Islamic Banks,723837.9582764402,648852.7648788601,65163.81624661002,9821.377150970005,12676.702039,1.3568474875725065,0.8299119860445627
2022-02-01,Monthly,Bank-bank Pelaburan / Investment/Merchant Banks,7600.617795679996,6973.839814219996,362.9069661199999,263.87101534,171.657659,3.4717048328621103,1.9477995650202018
2022-02-01,Monthly,Jumlah / Total,1928880.864089669,1689513.4459717688,206742.0470491101,32625.37106878999,35250.63085,1.6914145231145452,1.0831198677572467
2022-03-01,Monthly,Bank-bank Perdagangan / Commercial Banks,1202205.7545447191,1036821.312495959,142880.31267181007,22504.129376949975,22235.030372,1.871903315374862,1.2143987728457892
2022-03-01,Monthly,Bank-bank Islam / Islamic Banks,730751.2645427895,654900.1247812395,65590.14225283,10260.997508720005,12098.744897,1.4041710232468803,0.8629229092306753
2022-03-01,Monthly,Bank-bank Pelaburan / Investment/Merchant Banks,7463.249843280004,6837.583231130005,305.66535995,320.00125220000007,177.242283,4.287693148690887,2.644131173591709
2022-03-01,Monthly,Jumlah / Total,1940420.2689307886,1698559.0205083285,208776.12028459008,33085.128137869986,34511.017552,1.7050496053672215,1.0873705629607349
2022-04-01,Monthly,Bank-bank Perdagangan / Commercial Banks,1205400.5010023897,1043586.6489665397,139074.3528509601,22739.499184890003,22401.93882,1.8864683701375797,1.2093808667762103
2022-04-01,Monthly,Bank-bank Islam / Islamic Banks,735542.50172344,661789.0952789601,63283.77344280999,10469.633001670003,12141.656414000001,1.4233892639974906,0.8500786700852833
2022-04-01,Monthly,Bank-bank Pelaburan / Investment/Merchant Banks,7394.240504879998,6781.373464139998,292.27308228000004,320.59395845999995,180.111856,4.335725329037061,2.6351206755067413
2022-04-01,Monthly,Jumlah / Total,1948337.24323071,1712157.11770964,202650.3993760501,33529.72614502,34723.707089999996,1.720940574405969,1.0789905105328945
2022-05-01,Monthly,Bank-bank Perdagangan / Commercial Banks,1207011.2840549776,1046838.6977534177,136873.88523711998,23298.701064440018,22377.218660000002,1.9302803024481747,1.258830007122622
2022-05-01,Monthly,Bank-bank Islam / Islamic Banks,739659.7164416894,665923.9726218095,62409.27778811,11326.466031769993,12427.406501000001,1.531307678381983,0.9247996654492594
2022-05-01,Monthly,Bank-bank Pelaburan / Investment/Merchant Banks,7425.553516210002,6765.222287880002,342.22712958,318.10409875,177.757591,4.283910930755235,2.6227795271734267
2022-05-01,Monthly,Jumlah / Total,1954096.554012877,1719527.892663107,199625.39015480995,34943.27119496001,34982.382752,1.788205967775825,1.1374633985549996
2022-06-01,Monthly,Bank-bank Perdagangan / Commercial Banks,1211181.4594227585,1051927.8729090884,135772.43324736005,23481.15326631,22640.150413,1.9386982093914293,1.2079341405150479
2022-06-01,Monthly,Bank-bank Islam / Islamic Banks,748379.4937833402,674248.9829882702,62311.82514428998,11818.685650779997,12312.300018999998,1.579236971209899,0.9680365643818954
2022-06-01,Monthly,Bank-bank Pelaburan / Investment/Merchant Banks,7440.465641939998,6786.329622949997,342.98274819000005,311.1532708000001,175.588801,4.181905888337268,2.5341176994298142
2022-06-01,Monthly,Jumlah / Total,1967001.4188480387,1732963.1855203086,198427.24113984004,35610.99218789,35128.039233,1.8104202593176237,1.1215541780264646
2022-07-01,Monthly,Bank-bank Perdagangan / Commercial Banks,1212744.0802881855,1057845.9996319257,131032.58018759998,23865.500468660004,22817.782596,1.9678925551208482,1.2178128933374068
2022-07-01,Monthly,Bank-bank Islam / Islamic Banks,753646.6640511798,679177.1209416798,62206.77263841997,12262.770471079997,12168.813696000001,1.6271246269654076,1.039968576192498
2022-07-01,Monthly,Bank-bank Pelaburan / Investment/Merchant Banks,7398.232892079998,6762.688871659999,324.37929834000005,311.16472208,178.86456800000002,4.205933046702408,2.5042050954738895
2022-07-01,Monthly,Jumlah / Total,1973788.9772314455,1743785.8094452654,193563.73212435996,36439.43566182,35165.46086,1.846166742350144,1.1546052880364783
2022-08-01,Monthly,Bank-bank Perdagangan / Commercial Banks,1215007.2095230876,1061630.7094491078,129568.5517593299,23807.94831464999,23135.199091000002,1.9594902917485602,1.1832577116936578
2022-08-01,Monthly,Bank-bank Islam / Islamic Banks,765223.8713471402,690495.8699830001,62314.043932750086,12413.95743139,12239.338014,1.6222647902418175,1.035619537455893
2022-08-01,Monthly,Bank-bank Pelaburan / Investment/Merchant Banks,7407.418864089997,6792.704442379997,306.23741521,308.47700649999996,175.244259,4.164433146820521,2.467410906581228
2022-08-01,Monthly,Jumlah / Total,1987638.499734318,1758919.283874488,192188.83310728997,36530.38275253999,35549.781364,1.837878606065585,1.131084674848662
2022-09-01,Monthly,Bank-bank Perdagangan / Commercial Banks,1218791.609997698,1065277.0203751079,129608.07027469006,23906.519347900008,22865.302157,1.9614935934737163,1.2081951256377668
2022-09-01,Monthly,Bank-bank Islam / Islamic Banks,772737.43391685,698338.1547818598,62165.78866154009,12233.490473450001,12383.776328,1.5831367727898087,0.9952646621180388
2022-09-01,Monthly,Bank-bank Pelaburan / Investment/Merchant Banks,7558.862202370002,6959.450792650002,347.2688690199999,252.14254069999998,177.542847,3.335720826091304,1.6304689234396004
2022-09-01,Monthly,Jumlah / Total,1999087.906116918,1770574.6259496177,192121.12780525014,36392.15236205001,35426.621332,1.8204378232040384,1.1273791605224568
2022-10-01,Monthly,Bank-bank Perdagangan / Commercial Banks,1224265.6195744264,1076375.0635246765,124030.68164164998,23859.874408100008,22826.155274,1.948913211856269,1.205440521683169
2022-10-01,Monthly,Bank-bank Islam / Islamic Banks,779699.1385316702,707300.7727156802,59892.068982590004,12506.2968334,12436.659051999999,1.6039900796802038,1.005793257311682
2022-10-01,Monthly,Bank-bank Pelaburan / Investment/Merchant Banks,7827.857098820001,7248.12825415,275.93207041,303.79677426,199.670248,3.8809698545186193,1.9718688061514162
2022-10-01,Monthly,Jumlah / Total,2011792.6152049168,1790923.9644945068,184198.68269464996,36669.96801576001,35462.484574,1.8227509007942593,1.1309346643144107
2022-11-01,Monthly,Bank-bank Perdagangan / Commercial Banks,1215142.370961469,1071387.5345740488,119864.24995109992,23890.586436319987,23592.250481000003,1.9660730303904066,1.1352849165266874
2022-11-01,Monthly,Bank-bank Islam / Islamic Banks,787099.8488476197,713689.9814131696,60825.41973352004,12584.447700930008,12298.290076,1.5988375197066413,0.9960127399858819
2022-11-01,Monthly,Bank-bank Pelaburan / Investment/Merchant Banks,7954.030052370002,7383.357843530001,269.34128364,301.3309252,202.269569,3.788405666259895,1.8840489994875504
2022-11-01,Monthly,Jumlah / Total,2010196.2498614583,1792460.8738307483,180959.01096825997,36776.36506245,36092.810126,1.829491278027437,1.0835999184137646
2022-12-01,Monthly,Bank-bank Perdagangan / Commercial Banks,1216058.8032289213,1077352.9459445411,116644.55919484,22061.298089540018,21564.175545,1.8141637584434318,1.1139003618612713
2022-12-01,Monthly,Bank-bank Islam / Islamic Banks,800057.3252528398,727044.5729037299,60529.58078032998,12483.171568779997,12353.427537,1.5602846414580325,0.973217382387734
2022-12-01,Monthly,Bank-bank Pelaburan / Investment/Merchant Banks,8213.495518089996,7661.774570479996,300.962871,250.75807661000007,183.41574300000002,3.053000711544949,1.381688774069783
2022-12-01,Monthly,Jumlah / Total,2024329.623999851,1812059.293418751,177475.10284616996,34795.22773493001,34101.018825,1.7188518768093952,1.0593335109461264
2023-01-01,Monthly,Bank-bank Perdagangan / Commercial Banks,1212285.8463593987,1074989.9302527187,115223.46464703011,22072.451459650023,21614.753493,1.820729947968587,1.1124058587228165
2023-01-01,Monthly,Bank-bank Islam / Islamic Banks,800564.1217499404,726422.0087075505,61525.82625295998,12616.286789430002,12468.047383000001,1.5759245820125265,0.9812479624679614
2023-01-01,Monthly,Bank-bank Pelaburan / Investment/Merchant Banks,8291.30833895,7749.398363460001,291.63595031999995,250.27402517000002,183.29517700000002,3.018510649209487,1.3625422452355456
2023-01-01,Monthly,Jumlah / Total,2021141.2764482892,1809161.3373237292,177040.9268503101,34939.012274250024,34266.096053,1.7286773904121957,1.0614319981794706
2023-02-01,Monthly,Bank-bank Perdagangan / Commercial Banks,1215624.0839943488,1092816.4778439887,100723.28169354996,22084.324456809994,21508.257175,1.8167067227102307,1.0992144553125665
2023-02-01,Monthly,Bank-bank Islam / Islamic Banks,804411.7218198403,736508.7661366102,55234.85906598003,12668.096617250012,12729.081028,1.574827451369141,0.9695200955893244
2023-02-01,Monthly,Bank-bank Pelaburan / Investment/Merchant Banks,8370.994491760002,7691.773916810002,429.28189659000003,249.93867836,184.317981,2.985770431530297,1.3322982968148502
2023-02-01,Monthly,Jumlah / Total,2028406.800305949,1837017.017897409,156387.42265611998,35002.35975242001,34421.656184,1.7256084798739844,1.0486957268280581
2023-03-01,Monthly,Bank-bank Perdagangan / Commercial Banks,1219383.3272094305,1097161.6618370104,100408.0402672199,21813.625105199993,21239.1408,1.7889062953747832,1.0765881984720314
2023-03-01,Monthly,Bank-bank Islam / Islamic Banks,809807.7622554192,742138.0837087592,54942.56955763001,12727.10898903001,12639.670412,1.5716210170156146,0.9625270113467026
2023-03-01,Monthly,Bank-bank Pelaburan / Investment/Merchant Banks,8456.860282079997,7829.0882654399975,377.81114097,249.96087566999995,187.147456,2.9557172204874256,1.3124855082976907
2023-03-01,Monthly,Jumlah / Total,2037647.9497469293,1847128.8338112095,155728.4209658199,34790.69496990001,34065.958668,1.707394791834425,1.0321963551863482
2023-04-01,Monthly,Bank-bank Perdagangan / Commercial Banks,1217226.1210173697,1096502.8083772496,98802.51117965006,21920.80146047001,21248.298611,1.8008816178006752,1.0814740847928694
2023-04-01,Monthly,Bank-bank Islam / Islamic Banks,812842.2338799797,744298.2981365396,55324.06507143001,13219.870672010004,12765.32803,1.626375958457147,1.0006296033117652
2023-04-01,Monthly,Bank-bank Pelaburan / Investment/Merchant Banks,8479.304843150001,7856.426182480001,373.19435737,249.68430329999995,181.738832,2.944631758365277,1.3513126876883714
2023-04-01,Monthly,Jumlah / Total,2038547.6597404995,1848657.5326962695,154499.77060845008,35390.35643578001,34195.365473,1.736057347822081,1.0503306710812261
2023-05-01,Monthly,Bank-bank Perdagangan / Commercial Banks,1223121.4321222287,1099764.5404184388,101200.09379578996,22156.797908,21245.925881,1.8114961708712691,1.0816658570668956
2023-05-01,Monthly,Bank-bank Islam / Islamic Banks,817269.703395241,748348.0027654911,55399.98424968997,13521.716380059996,12904.770011,1.6544986708654164,1.0116409319115134
2023-05-01,Monthly,Bank-bank Pelaburan / Investment/Merchant Banks,8506.258111560004,7986.254713750004,265.0258576499999,254.97754015999996,175.794777,2.9975288407188763,1.4812015598028587
2023-05-01,Monthly,Jumlah / Total,2048897.3936290299,1856098.79789768,156865.10390312993,35933.491828219994,34326.490669000006,1.7537965512550238,1.055363049320989
2023-06-01,Monthly,Bank-bank Perdagangan / Commercial Banks,1225971.0949771206,1104137.0699723007,99523.85719155996,22310.16781326,20818.510771,1.8197955812062891,1.10227048864758
2023-06-01,Monthly,Bank-bank Islam / Islamic Banks,819009.745765351,752686.033040171,53689.33029776002,12634.382427420016,12121.357747,1.54264128024672,0.9700892176388608
2023-06-01,Monthly,Bank-bank Pelaburan / Investment/Merchant Banks,8682.48912171,8184.4167698,250.52873544999994,247.54361646,175.31275899999997,2.8510673954204364,1.3450695145850577
2023-06-01,Monthly,Jumlah / Total,2053663.3298641818,1865007.5197822717,153463.71622476997,35192.09385714002,33115.181276999996,1.7136252736940787,1.050524873881916
2023-07-01,Monthly,Bank-bank Perdagangan / Commercial Banks,1224059.9713825402,1098359.1370519903,102681.54603473998,23019.288295809994,21062.361922,1.8805686677108129,1.159402181437605
2023-07-01,Monthly,Bank-bank Islam / Islamic Banks,823504.7722724603,754210.7128336004,56345.78066359996,12948.27877525999,11944.120582,1.5723380375233569,0.9985025206082669
2023-07-01,Monthly,Bank-bank Pelaburan / Investment/Merchant Banks,8792.739019770002,8182.311860980002,332.6451028100001,277.78205598,175.169089,3.1592209817148205,1.6868578671382128
2023-07-01,Monthly,Jumlah / Total,2056357.4826747705,1860752.1617465706,159359.97180114995,36245.34912704999,33181.651593,1.7625996176454928,1.0971432021904346
2023-08-01,Monthly,Bank-bank Perdagangan / Commercial Banks,1229590.089372058,1104554.846758448,101880.37175456,23154.87085905,21159.987747,1.8831374015770581,1.1616253142894863
2023-08-01,Monthly,Bank-bank Islam / Islamic Banks,832078.8251482602,763871.8477727203,54815.09160913998,13391.885766399997,12028.016243,1.6094491725605231,1.029375148630191
2023-08-01,Monthly,Bank-bank Pelaburan / Investment/Merchant Banks,8769.059307549995,8171.539195819994,320.83732022000004,276.68279151,176.196393,3.1552163328600296,1.6709233143121536
2023-08-01,Monthly,Jumlah / Total,2070437.9738278682,1876598.2337269883,157016.30068391995,36823.43941696,33364.200382999996,1.7785338118040825,1.1105670330111137
2023-09-01,Monthly,Bank-bank Perdagangan / Commercial Banks,1239255.9718638507,1117541.1777532108,99230.99215187995,22483.80195876,20642.084055,1.8142984556244812,1.1222894997977155
2023-09-01,Monthly,Bank-bank Islam / Islamic Banks,838633.9115118713,771425.0086597012,54119.2425086,13089.66034357,12037.788022,1.5608312714152281,0.9798024034460612
2023-09-01,Monthly,Bank-bank Pelaburan / Investment/Merchant Banks,8657.997994729998,8008.249786969999,372.31464407,277.43356369000014,176.546506,3.2043616071390875,1.6944216136170416
2023-09-01,Monthly,Jumlah / Total,2086547.8813704518,1896974.4361998818,153722.54930454993,35850.89586602,32856.418583,1.718191860637917,1.067332551908554
2023-10-01,Monthly,Bank-bank Perdagangan / Commercial Banks,1238225.8020950684,1118371.5563844286,97796.78998673991,22057.455723899973,20241.463899000002,1.781375875593848,1.0990632966122833
2023-10-01,Monthly,Bank-bank Islam / Islamic Banks,845844.1238155499,779730.8307988999,52767.920074649985,13345.372941999996,12169.651423,1.5777579540069222,0.9927512963803422
2023-10-01,Monthly,Bank-bank Pelaburan / Investment/Merchant Banks,8805.257545389997,8110.682033249998,418.98560501,275.58990713,173.70776800000002,3.1298335762397476,1.6289606358943525
2023-10-01,Monthly,Jumlah / Total,2092875.1834560086,1906213.0692165787,150983.6956663999,35678.41857302997,32584.823089999998,1.70475615818204,1.0582796620813735
2023-11-01,Monthly,Bank-bank Perdagangan / Commercial Banks,1244760.4931544792,1122851.363986859,99883.62020025996,22025.50896736001,20452.168494,1.7694575854944463,1.085112246980749
2023-11-01,Monthly,Bank-bank Islam / Islamic Banks,855134.1307088905,787827.8439247705,54057.300211380025,13248.986572740005,12403.987173000001,1.5493460144967945,0.9732030062180301
2023-11-01,Monthly,Bank-bank Pelaburan / Investment/Merchant Banks,8733.716413870003,8093.095394150003,368.18962003000007,272.43139969,170.943785,3.1193066820597934,1.6318044724684688
2023-11-01,Monthly,Jumlah / Total,2108628.3402772397,1918772.3033057796,154309.11003167,35546.92693979001,33027.099452,1.6857843680084632,1.0419417899778711
2023-12-01,Monthly,Bank-bank Perdagangan / Commercial Banks,1254940.5690458599,1134509.02981047,98638.39355198,21793.145683409995,20501.195985,1.7365878688565688,1.0607008269381597
2023-12-01,Monthly,Bank-bank Islam / Islamic Banks,868083.1855549403,801006.1812878504,53901.780433769934,13175.223833319995,11725.699994999999,1.5177374763799232,1.0308531055996837
2023-12-01,Monthly,Bank-bank Pelaburan / Investment/Merchant Banks,8718.02425951,8066.661613130002,378.2989177599998,273.06372862,161.027371,3.132174452510042,1.6858722390325032
2023-12-01,Monthly,Jumlah / Total,2131741.77886031,1943581.8727114503,152918.47290350994,35241.43324534999,32387.923350999998,1.6531755203573983,1.0510665783337787
2024-01-01,Monthly,Bank-bank Perdagangan / Commercial Banks,1258656.23704014,1138320.69539115,98455.54672567996,21879.994923310023,20471.109926,1.738361458785847,1.0595697330857154
2024-01-01,Monthly,Bank-bank Islam / Islamic Banks,869545.1037295896,801376.3080337096,55374.48483822993,12794.310857649998,11863.184151000001,1.4713797826902333,0.9736031673657904
2024-01-01,Monthly,Bank-bank Pelaburan / Investment/Merchant Banks,8835.148248629996,8148.928334839995,306.21025281000004,380.0096609800001,186.03245800000002,4.301112446403212,2.614253790179632
2024-01-01,Monthly,Jumlah / Total,2137036.4890183597,1947845.9317596997,154136.2418167199,35054.31544194002,32520.326535,1.6403236735579605,1.0309060669599024
2024-02-01,Monthly,Bank-bank Perdagangan / Commercial Banks,1262049.2097561988,1144752.599965469,95564.72249400994,21731.887296719993,20303.725060999997,1.7219524507224353,1.0482729467230405
2024-02-01,Monthly,Bank-bank Islam / Islamic Banks,875858.2073617491,808203.5661771091,54426.18154638001,13228.459638260003,12071.009827,1.5103426019271577,0.9908565427242522
2024-02-01,Monthly,Bank-bank Pelaburan / Investment/Merchant Banks,8929.753319439998,8268.73835414,288.59989274000003,372.41507256000006,185.975701,4.170496756604189,2.4883870216468957
2024-02-01,Monthly,Jumlah / Total,2146837.170437388,1961224.9044967182,150279.50393312995,35332.76200754,32560.710589,1.645805396612424,1.0307492409618852
2024-03-01,Monthly,Bank-bank Perdagangan / Commercial Banks,1266775.8504969594,1149551.0170241094,95760.08042219005,21464.75305065999,20063.709642,1.6944397102486057,1.0350539535282532
2024-03-01,Monthly,Bank-bank Islam / Islamic Banks,884385.9366023899,816447.5077271599,54779.75099588996,13158.677879340012,11992.652582,1.4878886394205528,0.975937283229017
2024-03-01,Monthly,Bank-bank Pelaburan / Investment/Merchant Banks,8995.77957417,8420.37611665,198.77174788999994,376.63170962999993,180.64340299999998,4.186760097050845,2.5870136626022093
2024-03-01,Monthly,Jumlah / Total,2160157.566673519,1974418.9008679192,150738.60316597,35000.06263963,32237.005627,1.620255076740882,1.017224475176665
2024-04-01,Monthly,Bank-bank Perdagangan / Commercial Banks,1267939.0325426508,1149720.8828567509,96576.78549265,21641.36419324998,20017.543877,1.7068142582417116,1.046699568686951
2024-04-01,Monthly,Bank-bank Islam / Islamic Banks,884837.5727084309,816311.121877161,55252.42459967,13274.02623159999,12161.559182,1.5001653005047073,0.9757354725180557
2024-04-01,Monthly,Bank-bank Pelaburan / Investment/Merchant Banks,9139.630663289994,8552.583629979994,249.94566467,337.10136864000003,180.899901,3.6883478234409703,2.113205389897128
2024-04-01,Monthly,Jumlah / Total,2161916.235914372,1974584.5883638917,152079.15575699,35252.49179348997,32360.002959999998,1.6306132128463386,1.022093811727333
2024-05-01,Monthly,Bank-bank Perdagangan / Commercial Banks,1269327.89680957,1151362.31604943,96554.03235677996,21411.54840336,19827.458151,1.6868413951334003,1.0226819316583624
2024-05-01,Monthly,Bank-bank Islam / Islamic Banks,889297.8657454201,820605.6417806502,55189.65110157995,13502.572863189987,12019.871406999999,1.5183408600527752,0.9789065525785974
2024-05-01,Monthly,Bank-bank Pelaburan / Investment/Merchant Banks,9176.977828869998,8458.514291939999,356.1811257600001,362.28241116999993,176.43338799999998,3.9477311368268757,2.430332151217268
2024-05-01,Monthly,Jumlah / Total,2167802.74038386,1980426.4721220203,152099.8645841199,35276.403677719994,32023.762946000003,1.6272884529832026,1.0106129410200448
2024-06-01,Monthly,Bank-bank Perdagangan / Commercial Banks,1277695.6736931792,1161290.7152776993,95336.9568267,21068.00158878,19725.151111,1.648906075410191,0.9937397162228679
2024-06-01,Monthly,Bank-bank Islam / Islamic Banks,898421.6986867293,828569.1687633792,56413.11743324002,13439.412490109991,12066.986508999998,1.4958913514394292,0.9693371260436994
2024-06-01,Monthly,Bank-bank Pelaburan / Investment/Merchant Banks,9154.82004564,8301.29820085,498.1175381399999,355.40430664999997,179.377056,3.8821550273864953,2.297099307154827
2024-06-01,Monthly,Jumlah / Total,2185272.1924255486,1998161.1822419283,152248.19179808002,34862.81838553999,31971.514676,1.5953535905677687,0.989103757902483
2024-07-01,Monthly,Bank-bank Perdagangan / Commercial Banks,1276888.3399532812,1159048.2985634513,97105.21423309005,20734.827156739993,19445.716817,1.6238559400972086,0.9861424732884231
2024-07-01,Monthly,Bank-bank Islam / Islamic Banks,902436.3653985604,832136.9709943604,56763.075151250014,13536.319252949996,12113.113072,1.4999749314148805,0.9660858608004497
2024-07-01,Monthly,Bank-bank Pelaburan / Investment/Merchant Banks,9109.086359169996,8314.597579099995,489.68655966999995,304.80222039999995,169.722752,3.3461338314479763,1.8486567668815617
2024-07-01,Monthly,Jumlah / Total,2188433.7917110114,1999499.8671369117,154357.97594401005,34575.94863008999,31728.552641,1.5799403555662073,0.9814231993258238
2024-08-01,Monthly,Bank-bank Perdagangan / Commercial Banks,1277501.5244881997,1161779.0660325997,94990.74810122003,20731.710354380004,19112.991158999997,1.6228325334238378,0.9783172884932528
2024-08-01,Monthly,Bank-bank Islam / Islamic Banks,908008.8771724604,837051.4433812104,57324.779544650024,13632.654246599997,12092.996705,1.5013789610793324,0.9611224955325992
2024-08-01,Monthly,Bank-bank Pelaburan / Investment/Merchant Banks,9146.336268800002,8514.559456100002,327.0596938499999,304.71711884999996,157.705197,3.3315757249102194,1.8094291983646154
2024-08-01,Monthly,Jumlah / Total,2194656.73792946,2007345.06886991,152642.58733972005,34669.08171983,31363.693060999998,1.5797040658184387,0.9746294586162219
2024-09-01,Monthly,Bank-bank Perdagangan / Commercial Banks,1279969.8877767997,1165988.0370351996,93607.56969141006,20374.281050189988,18774.299864,1.59177815390473,0.959697618848304
2024-09-01,Monthly,Bank-bank Islam / Islamic Banks,914407.8568360592,842336.3087122493,58691.01570549998,13380.532418309987,11971.041142000002,1.4633002459764444,0.9510771468387376
2024-09-01,Monthly,Bank-bank Pelaburan / Investment/Merchant Banks,9262.89615526,8496.033897070001,462.24341533999984,304.6188428499999,162.090483,3.2885917940148772,1.7376202906391203
2024-09-01,Monthly,Jumlah / Total,2203640.640768119,2016820.379644519,152760.82881225002,34059.43231134998,30907.431488999995,1.5455983013400016,0.9593553456646297
2024-10-01,Monthly,Bank-bank Perdagangan / Commercial Banks,1287197.3103907316,1174055.8480958915,93108.17067891007,20033.29161593,18645.556181,1.55634971066315,0.9330854969172655
2024-10-01,Monthly,Bank-bank Islam / Islamic Banks,921897.2113011095,848619.6869616595,59755.78491817003,13521.73942128,12057.250664,1.4667296153544322,0.9515127786551055
2024-10-01,Monthly,Bank-bank Pelaburan / Investment/Merchant Banks,9313.134018439998,8721.916244629998,287.58009841999996,303.63767538999997,162.14517600000002,3.2603168255583737,1.7054033297228681
2024-10-01,Monthly,Jumlah / Total,2218407.6557102813,2031397.451302181,153151.53569550012,33858.668712599996,30864.952021000005,1.5262600011970864,0.9439583426738498
2024-11-01,Monthly,Bank-bank Perdagangan / Commercial Banks,1293478.129109241,1183078.565124071,90451.61000129003,19947.95398388002,18697.094522,1.542194918874837,0.9193578704207799
2024-11-01,Monthly,Bank-bank Islam / Islamic Banks,929174.60177712,856630.77917215,58973.287179450024,13570.53542552001,11984.006002000002,1.4604935821066662,0.9478532687466327
2024-11-01,Monthly,Bank-bank Pelaburan / Investment/Merchant Banks,9290.08050628999,8767.13316298999,302.1396127800001,220.80773052,85.375715,2.3768118087943235,1.6415186014552223
2024-11-01,Monthly,Jumlah / Total,2231942.811392651,2048476.477459211,149727.03679352006,33739.29713992003,30766.476239000003,1.5116559872279138,0.9342294054671324
2024-12-01,Monthly,Bank-bank Perdagangan / Commercial Banks,1300649.9708073693,1191050.8320985192,90014.19199761003,19584.94671124001,18485.313634,1.505781505463979,0.9217369600323565
2024-12-01,Monthly,Bank-bank Islam / Islamic Banks,939161.5921081,868655.6246718899,57822.638913740004,12683.328522469987,11297.999787,1.3504948061174655,0.918507461001361
2024-12-01,Monthly,Bank-bank Pelaburan / Investment/Merchant Banks,9306.66747692,8855.36468768,230.67151906000004,220.63127017999997,89.149833,2.3706796307824773,1.6255135305028257
2024-12-01,Monthly,Jumlah / Total,2249118.2303923895,2068561.8214580892,148067.50243041004,32488.906503889997,29872.463254,1.4445175031204056,0.923292596323473
2025-01-01,Monthly,Bank-bank Perdagangan / Commercial Banks,1303917.5699612033,1195269.930483553,88895.88558757998,19751.75389007002,18637.904612,1.5148008083561382,0.9253196366122479
2025-01-01,Monthly,Bank-bank Islam / Islamic Banks,943660.5482583997,873282.8055945798,57417.23473660001,12960.507927219998,11398.246928,1.37342903135451,0.9219600831091539
2025-01-01,Monthly,Bank-bank Pelaburan / Investment/Merchant Banks,9224.310277519997,8804.378339789995,200.11682029,219.81511744000002,82.877323,2.3829978700488645,1.6949109064438301
2025-01-01,Monthly,Jumlah / Total,2256802.428497123,2077357.114417923,146513.23714446998,32932.076934730016,30119.028863,1.4592361528368498,0.927054150162779
2025-02-01,Monthly,Bank-bank Perdagangan / Commercial Banks,1302129.82189596,1195117.67262278,87280.81830308998,19731.33097008999,18456.903616,1.5153121169869437,0.9219609805801245
2025-02-01,Monthly,Bank-bank Islam / Islamic Banks,947896.5928302698,875871.6777331699,59173.08817533996,12851.82692176001,11423.741503,1.3558258378571104,0.8978205557058799
2025-02-01,Monthly,Bank-bank Pelaburan / Investment/Merchant Banks,9249.478143110005,8607.202482380006,408.3577394899999,233.91792123999997,85.27336600000001,2.528985069436019,1.8170162553970706
2025-02-01,Monthly,Jumlah / Total,2259275.89286934,2079596.55283833,146862.26421791993,32817.07581309,29965.918484999995,1.4525483990984143,0.9154821562740008
2025-03-01,Monthly,Bank-bank Perdagangan / Commercial Banks,1309926.2681140618,1201117.7900160819,89610.07865986989,19198.39943811001,17982.882848,1.465609164838758,0.8922498212094725
2025-03-01,Monthly,Bank-bank Islam / Islamic Banks,954480.9780797804,882389.9361991003,59319.44267329007,12771.599207390007,11277.477985,1.338067441960325,0.8922901303167203
2025-03-01,Monthly,Bank-bank Pelaburan / Investment/Merchant Banks,9012.06378886,8463.251136879999,340.88109452000003,207.93155746000014,64.837346,2.307257941483156,1.7931626044222888
2025-03-01,Monthly,Jumlah / Total,2273419.309982702,2091970.9773520622,149270.40242767998,32177.93020296002,29325.198179,1.4153979453620835,0.8958380944743813
2025-04-01,Monthly,Bank-bank Perdagangan / Commercial Banks,1306290.7801514787,1197630.1769938888,89458.22002542998,19202.383132160005,18071.95575,1.4699930079835117,0.89221762265976
2025-04-01,Monthly,Bank-bank Islam / Islamic Banks,957205.9245458903,883448.4661347902,60773.63693727002,12983.821473830001,11301.923287999998,1.3564292845334902,0.9188651042152203
2025-04-01,Monthly,Bank-bank Pelaburan / Investment/Merchant Banks,8816.692042739998,8323.087696929997,285.45145172,208.15289409000005,70.002555,2.360895595320255,1.7686095342645953
2025-04-01,Monthly,Jumlah / Total,2272313.396740109,2089401.730825609,150517.30841442,32394.357500080005,29443.881593,1.4256113415760951,0.9068497729510832
2025-05-01,Monthly,Bank-bank Perdagangan / Commercial Banks,1309115.63616056,1201565.8173747,87979.85851041996,19569.96027544,18149.681207,1.494899284285975,0.9088112275661888
2025-05-01,Monthly,Bank-bank Islam / Islamic Banks,964063.113768671,888966.2844189411,61751.28930261003,13345.540047120008,11443.224931,1.3843014898630692,0.9360165025671712
2025-05-01,Monthly,Bank-bank Pelaburan / Investment/Merchant Banks,8864.497323230004,8323.376499210004,311.3322409099999,229.78858310999996,72.028941,2.5922347847951146,1.9780135948402038
2025-05-01,Monthly,Jumlah / Total,2282043.247252461,2098855.4782928512,150042.48005394,33145.28890567001,29664.935079,1.452439122070817,0.9244629069438727
2025-06-01,Monthly,Bank-bank Perdagangan / Commercial Banks,1319036.7035711291,1211508.897688469,88033.58123937012,19494.224643289985,18199.305877,1.4779137373897009,0.9023689458552617
2025-06-01,Monthly,Bank-bank Islam / Islamic Banks,969213.4820029695,893566.5075865795,62681.527023389935,12965.44739299999,11240.452604,1.337728749522313,0.9150188762950645
2025-06-01,Monthly,Bank-bank Pelaburan / Investment/Merchant Banks,8840.972761229998,8311.63194835,307.97391607000003,221.36689681,60.670708000000005,2.5038748878489065,2.0228888953188537
2025-06-01,Monthly,Jumlah / Total,2297091.158335329,2113387.0372233987,151023.08217883005,32681.03893309997,29500.429189,1.422714062283165,0.9120247869700235
2025-07-01,Monthly,Bank-bank Perdagangan / Commercial Banks,1321818.5840373405,1217062.7064784206,85422.60835261998,19333.269206300007,18131.013905,1.4626265237736933,0.8863628521152219
2025-07-01,Monthly,Bank-bank Islam / Islamic Banks,975237.8457294196,899515.3484021296,62103.309068339986,13619.188258949996,11596.487243,1.3964991533694693,0.937845176418689
2025-07-01,Monthly,Bank-bank Pelaburan / Investment/Merchant Banks,8897.122630230002,8467.681635400002,207.52586107999994,221.91513374999994,60.060644999999994,2.4942348551653395,2.0238070464719664
2025-07-01,Monthly,Jumlah / Total,2305953.55239699,2125045.73651595,147733.44328203998,33174.372599,29787.561793,1.4386401046333281,0.9125415912850585
2025-08-01,Monthly,Bank-bank Perdagangan / Commercial Banks,1323046.483799989,1216406.310462739,87572.44761368004,19067.72572357,18021.671043,1.441198473148473,0.8673276617328332
2025-08-01,Monthly,Bank-bank Islam / Islamic Banks,981458.16541052,904113.17929776,63486.48074353998,13858.505369219994,11706.144688,1.4120322044927223,0.9494699626658646
2025-08-01,Monthly,Bank-bank Pelaburan / Investment/Merchant Banks,8908.237491170004,8485.253897990005,201.36647268000002,221.61712049999997,60.576262,2.4877774163483024,2.005322681651979
2025-08-01,Monthly,Jumlah / Total,2313412.886701679,2129004.743658489,151260.29482990003,33147.848213289995,29788.391992999997,1.4328548269025227,0.9065825038133406
2025-09-01,Monthly,Bank-bank Perdagangan / Commercial Banks,1327267.7142951488,1220792.496230899,87717.09837451993,18758.119689729996,17301.313696999998,1.4132883281721031,0.9276313551799885
2025-09-01,Monthly,Bank-bank Islam / Islamic Banks,988462.1592877902,909329.4716857001,65323.109187850016,13809.578414240008,11595.481291,1.3970770944018867,0.9519520847739419
2025-09-01,Monthly,Bank-bank Pelaburan / Investment/Merchant Banks,8876.446336849993,8462.205200679991,193.87904764000004,220.36208852999997,60.211976,2.4825485353883234,1.9862225148631383
2025-09-01,Monthly,Jumlah / Total,2324606.3199197887,2138584.173117279,153234.08661000992,32788.0601925,28957.006964,1.4104779769174578,0.9420162289020724
2025-10-01,Monthly,Bank-bank Perdagangan / Commercial Banks,1329049.2318859894,1221291.5324878495,89184.33660098007,18573.362797160014,17150.921853,1.397492459387938,0.9252272871850502
2025-10-01,Monthly,Bank-bank Islam / Islamic Banks,999333.2522948598,921955.6037642299,63624.19442524995,13753.454105379995,11307.682991,1.3762630307554249,0.9504761970550668
2025-10-01,Monthly,Bank-bank Pelaburan / Investment/Merchant Banks,8863.66963268,8445.1382521,198.88619970999997,219.64518087000005,56.23715,2.478038893283849,2.001619855769637
2025-10-01,Monthly,Jumlah / Total,2337246.1538135293,2151692.274504179,153007.41722594,32546.46208341001,28514.841994,1.3925132374399722,0.9401066959243269
2025-11-01,Monthly,Bank-bank Perdagangan / Commercial Banks,1336344.4494334708,1234550.457977861,83052.83030730998,18741.161148300005,16666.086916,1.4024199491564562,0.9357344833619737
2025-11-01,Monthly,Bank-bank Islam / Islamic Banks,1003333.8440754601,924030.9105792602,65286.44260681993,14016.490889379991,11334.270848,1.3969917363144206,0.9733792586129333
2025-11-01,Monthly,Bank-bank Pelaburan / Investment/Merchant Banks,8941.84710539,8427.569392149999,295.31289361,218.96481962999997,54.914996,2.4487649704725047,1.9741317595376378
2025-11-01,Monthly,Jumlah / Total,2348620.1406143205,2167008.937949271,148634.58580773993,32976.61685730999,28055.27276,1.4040847341402944,0.9557726138067533
2025-12-01,Monthly,Bank-bank Perdagangan / Commercial Banks,1335676.9816972294,1235807.2657612495,81577.15818710999,18292.557748869993,16421.792145,1.3695345506086247,0.9184485402747997
2025-12-01,Monthly,Bank-bank Islam / Islamic Banks,1013377.2871865005,936515.4936540604,63093.347370170006,13768.44616227001,11040.077169,1.3586693067195301,0.9415279861428238
2025-12-01,Monthly,Bank-bank Pelaburan / Investment/Merchant Banks,8986.544744700004,8480.031827870005,275.27004481999995,231.2428720099999,52.933856,2.5732122698924975,2.097052365550412
2025-12-01,Monthly,Jumlah / Total,2358040.8136284295,2180802.7912431797,144945.7756021,32292.246783150003,27514.80317,1.369452411362651,0.9328586002103617
2026-01-01,Monthly,Bank-bank Perdagangan / Commercial Banks,1336554.621038361,1237074.549481041,81011.49678020999,18468.574777109996,16368.737153,1.3818047153779525,0.9272730215665307
2026-01-01,Monthly,Bank-bank Islam / Islamic Banks,1017298.0605781002,940638.21241687,62374.13686457004,14285.711296659998,11241.709514,1.404279812402459,0.9678563635795862
2026-01-01,Monthly,Bank-bank Pelaburan / Investment/Merchant Banks,9166.856622100002,8599.374921930003,349.59481372,217.88688645,54.126335000000005,2.376898597112399,1.89577268031597
2026-01-01,Monthly,Jumlah / Total,2363019.5382385612,2186312.1368198413,143735.22845850003,32972.17296021999,27664.573001999997,1.395340682828127,0.9485019075572958
2026-02-01,Monthly,Bank-bank Perdagangan / Commercial Banks,1337589.52335659,1239944.25731341,78936.83100614992,18708.43503703001,16327.974612000002,1.3986678805679087,0.9374978127281303
2026-02-01,Monthly,Bank-bank Islam / Islamic Banks,1024539.21914904,946141.74856031,63686.74586152999,14710.72472720001,11513.082924999999,1.435838126276749,0.9840091515266899
2026-02-01,Monthly,Bank-bank Pelaburan / Investment/Merchant Banks,9172.540611049999,8498.676490009999,455.033567,218.83055404,55.411944000000005,2.385713656872543,1.9042407338420668
2026-02-01,Monthly,Jumlah / Total,2371301.28311668,2194584.6823637304,143078.61043467993,33637.99031827002,27896.469481,1.418545612814686,0.9613328832553405
2026-03-01,Monthly,Bank-bank Perdagangan / Commercial Banks,1354175.349725589,1254399.938238479,81223.86187627996,18551.549610829996,16392.89859,1.3699518023710369,0.916709900924281
2026-03-01,Monthly,Bank-bank Islam / Islamic Banks,1032245.3042023702,953058.1745814502,64491.853633670005,14695.275987250005,11400.839348000001,1.4236224594506866,0.9780233285317732
2026-03-01,Monthly,Bank-bank Pelaburan / Investment/Merchant Banks,9061.914149330001,8508.975916930001,360.73057896000006,192.20765343999997,56.493287,2.121049154435114,1.6144632302491184
2026-03-01,Monthly,Jumlah / Total,2395482.568077289,2215967.088736859,146076.44608890996,33439.03325152,27850.231225000003,1.395920542154457,0.9457697939494865
2026-04-01,Monthly,Bank-bank Perdagangan / Commercial Banks,1353395.9284596487,1256079.9723780688,78744.39697236994,18571.559109210022,16403.782002,1.3722192241517246,0.9157423626535549
2026-04-01,Monthly,Bank-bank Islam / Islamic Banks,1037540.2703096695,959268.1752086094,63487.07123720001,14785.023863860011,11517.428337000001,1.4250072297865795,0.9716157056362392
2026-04-01,Monthly,Bank-bank Pelaburan / Investment/Merchant Banks,8951.7794168,8392.817243689999,366.1395644699999,192.82260864000006,56.837085,2.1540142988568918,1.6277163160224823
2026-04-01,Monthly,Jumlah / Total,2399887.9781861184,2223740.9648303683,142597.60777403996,33549.40558171004,27978.047424,1.3979571499444456,0.9425521820922949
